{"level":"info","message":"updateProfile: userId=68aaf7dda04d6120147389a6","timestamp":"2025-08-24 17:36:17"}
{"level":"info","message":"updateProfile: userId=68aaf7dda04d6120147389a6","timestamp":"2025-08-24 17:38:25"}
{"level":"info","message":"requestOtp for +911234567890","timestamp":"2025-08-24 17:40:41"}
{"level":"info","message":"[DEV OTP] +911234567890 -> 5156","timestamp":"2025-08-24 17:40:41"}
{"level":"info","message":"verifyOtp for otp:+911234567890","timestamp":"2025-08-24 17:40:56"}
{"level":"info","message":"createOrGetByMobile: +911234567890","timestamp":"2025-08-24 17:40:56"}
{"level":"info","message":"updateProfile: userId=68aaf7dda04d6120147389a6","timestamp":"2025-08-24 17:41:14"}
{"level":"info","message":"requestOtp for +911234567890","timestamp":"2025-08-24 17:49:42"}
{"level":"info","message":"[DEV OTP] +911234567890 -> 4032","timestamp":"2025-08-24 17:49:42"}
{"level":"info","message":"verifyOtp for otp:+911234567890","timestamp":"2025-08-24 17:49:57"}
{"level":"info","message":"createOrGetByMobile: +911234567890","timestamp":"2025-08-24 17:49:57"}
{"level":"info","message":"uploadProfile: file uploaded successfully filename=1756038761754_starbucks_logo.webp","timestamp":"2025-08-24 18:02:41"}
{"level":"info","message":"uploadProfile: file uploaded successfully filename=1756038789638_starbucks_logo.webp","timestamp":"2025-08-24 18:03:09"}
{"level":"info","message":"uploadProfile: file uploaded successfully filename=1756038975677_676953a55e3a89d4.webp","timestamp":"2025-08-24 18:06:15"}
{"level":"info","message":"requestOtp for +911234567890","timestamp":"2025-08-24 18:14:24"}
{"level":"info","message":"[DEV OTP] +911234567890 -> 5754","timestamp":"2025-08-24 18:14:24"}
{"level":"info","message":"verifyOtp for otp:+911234567890","timestamp":"2025-08-24 18:14:36"}
{"level":"info","message":"createOrGetByMobile: +911234567890","timestamp":"2025-08-24 18:14:36"}
{"level":"info","message":"uploadProfile: file uploaded successfully filename=1756039623707_6aefc1463614cdf6.jpg","timestamp":"2025-08-24 18:17:03"}
{"level":"warn","message":"uploadMultipleFiles: no files provided","timestamp":"2025-08-24 18:17:54"}
{"level":"warn","message":"uploadMultipleFiles: no files provided","timestamp":"2025-08-24 18:18:04"}
{"level":"info","message":"uploadMultipleFiles: 2 files uploaded successfully","timestamp":"2025-08-24 18:18:50"}
{"level":"info","message":"uploadProfile: file uploaded successfully filename=1756039749294_0dc423ed1b4158b8.webp","timestamp":"2025-08-24 18:19:09"}
{"level":"info","message":"getProfile: id=68aaf7dda04d6120147389a6","timestamp":"2025-08-24 18:19:24"}
{"level":"info","message":"getProfile: id=undefined","timestamp":"2025-08-24 18:27:36"}
{"level":"info","message":"getProfile: id=undefined","timestamp":"2025-08-24 18:27:55"}
{"level":"info","message":"getProfile: id=undefined","timestamp":"2025-08-24 18:29:12"}
{"level":"info","message":"getProfile: id=undefined","timestamp":"2025-08-24 18:29:26"}
{"level":"info","message":"getProfile: id=68aaf7dda04d6120147389a6","timestamp":"2025-08-24 18:31:57"}
{"level":"info","message":"getProfile: id=68aaf7dda04d6120147389a6","timestamp":"2025-08-24 18:36:08"}
{"level":"info","message":"getProfile: id=68aaf7dda04d6120147389a67","timestamp":"2025-08-24 18:36:19"}
{"level":"info","message":"getProfile: id=68aaf7dda04d6120147389a67","timestamp":"2025-08-24 18:37:18"}
{"error":{"kind":"ObjectId","message":"Cast to ObjectId failed for value \"68aaf7dda04d6120147389a67\" (type string) at path \"_id\" for model \"user\"","name":"CastError","path":"_id","reason":{},"stringValue":"\"68aaf7dda04d6120147389a67\"","value":"68aaf7dda04d6120147389a67","valueType":"string"},"level":"error","message":"Inter server error ","timestamp":"2025-08-24 18:37:18"}
{"level":"info","message":"getProfile: id=68aaf7dda04d6120147389a6","timestamp":"2025-08-24 18:37:30"}
{"level":"info","message":"getProfile: id=1","timestamp":"2025-08-24 18:37:37"}
{"error":{"kind":"ObjectId","message":"Cast to ObjectId failed for value \"1\" (type string) at path \"_id\" for model \"user\"","name":"CastError","path":"_id","reason":{},"stringValue":"\"1\"","value":"1","valueType":"string"},"level":"error","message":"Inter server error ","timestamp":"2025-08-24 18:37:37"}
{"level":"info","message":"getProfile: id=68aaf7dda04d6120147389a5","timestamp":"2025-08-24 18:37:49"}
{"level":"info","message":"getAllUsers: pageIndex=0, pageSize=10, searchText=","timestamp":"2025-08-24 18:46:39"}
{"error":{},"level":"error","message":"Internal server error","timestamp":"2025-08-24 18:46:39"}
{"level":"info","message":"getAllUsers: pageIndex=0, pageSize=10, searchText=","timestamp":"2025-08-24 18:47:16"}
{"error":{},"level":"error","message":"Internal server error","timestamp":"2025-08-24 18:47:16"}
{"level":"info","message":"getAllUsers: pageIndex=0, pageSize=10, searchText=","timestamp":"2025-08-24 19:39:55"}
{"error":{},"level":"error","message":"getAllUsers service error","timestamp":"2025-08-24 19:39:55"}
{"level":"info","message":"getAllUsers: pageIndex=0, pageSize=10, searchText=","timestamp":"2025-08-24 19:41:23"}
{"error":{},"level":"error","message":"getAllUsers service error","timestamp":"2025-08-24 19:41:23"}
{"level":"info","message":"getAllUsers: pageIndex=0, pageSize=10, searchText=","timestamp":"2025-08-24 19:43:33"}
{"error":{},"level":"error","message":"getAllUsers service error","timestamp":"2025-08-24 19:43:33"}
{"level":"info","message":"getAllUsers: pageIndex=0, pageSize=10, searchText=","timestamp":"2025-08-24 19:44:21"}
{"error":{},"level":"error","message":"getAllUsers service error","timestamp":"2025-08-24 19:44:21"}
{"level":"info","message":"getAllUsers: pageIndex=0, pageSize=10, searchText=","timestamp":"2025-08-24 19:44:49"}
{"error":{},"level":"error","message":"getAllUsers service error","timestamp":"2025-08-24 19:44:49"}
{"level":"info","message":"getAllUsers: pageIndex=0, pageSize=10, searchText=","timestamp":"2025-08-24 19:45:26"}
{"error":{},"level":"error","message":"getAllUsers service error","timestamp":"2025-08-24 19:45:26"}
{"level":"info","message":"getAllUsers: pageIndex=0, pageSize=10, searchText=","timestamp":"2025-08-24 19:45:46"}
{"error":{},"level":"error","message":"getAllUsers service error","timestamp":"2025-08-24 19:45:46"}
{"level":"info","message":"getAllUsers: pageIndex=0, pageSize=10, searchText=","timestamp":"2025-08-24 19:46:14"}
{"error":{},"level":"error","message":"getAllUsers service error","timestamp":"2025-08-24 19:46:14"}
{"level":"info","message":"getAllUsers: pageIndex=0, pageSize=10, searchText=j","timestamp":"2025-08-24 19:48:52"}
{"error":{},"level":"error","message":"getAllUsers service error","timestamp":"2025-08-24 19:48:52"}
{"level":"info","message":"getAllUsers: pageIndex=0, pageSize=10","timestamp":"2025-08-24 19:49:16"}
{"error":{},"level":"error","message":"getAllUsers service error","timestamp":"2025-08-24 19:49:16"}
{"level":"info","message":"getAllUsers: pageIndex=0, pageSize=10, searchText=j","timestamp":"2025-08-24 19:50:11"}
{"error":{},"level":"error","message":"getAllUsers service error","timestamp":"2025-08-24 19:50:11"}
{"level":"info","message":"getAllUsers: pageIndex=0, pageSize=10, searchText=j","timestamp":"2025-08-24 19:53:36"}
{"error":{},"level":"error","message":"getAllUsers service error","timestamp":"2025-08-24 19:53:36"}
{"level":"info","message":"getAllUsers: pageIndex=0, pageSize=10, searchText=","timestamp":"2025-08-24 19:54:16"}
{"error":{},"level":"error","message":"getAllUsers service error","timestamp":"2025-08-24 19:54:16"}
{"level":"info","message":"getAllUsers: pageIndex=0, pageSize=10, searchText=","timestamp":"2025-08-24 19:55:16"}
{"error":{},"level":"error","message":"getAllUsers service error","timestamp":"2025-08-24 19:55:16"}
{"level":"info","message":"getAllUsers: pageIndex=0, pageSize=10, searchText=","timestamp":"2025-08-24 19:59:22"}
{"error":{},"level":"error","message":"getAllUsers service error","timestamp":"2025-08-24 19:59:22"}
{"level":"info","message":"getAllUsers: pageIndex=0, pageSize=10, searchText=","timestamp":"2025-08-24 20:02:41"}
{"error":{},"level":"error","message":"getAllUsers service error","timestamp":"2025-08-24 20:02:41"}
{"level":"info","message":"getAllUsers: pageIndex=0, pageSize=10, searchText=","timestamp":"2025-08-24 20:08:29"}
{"error":{},"level":"error","message":"getAllUsers service error","timestamp":"2025-08-24 20:08:29"}
{"error":{},"level":"error","message":"getAllUsers service error","timestamp":"2025-08-24 20:09:03"}
{"error":{},"level":"error","message":"getAllUsers service error","timestamp":"2025-08-24 20:12:37"}
{"error":{},"level":"error","message":"getAllUsers service error","timestamp":"2025-08-24 20:51:13"}
{"level":"info","message":"requestOtp for +911234567890","timestamp":"2025-08-24 21:13:50"}
{"level":"info","message":"[DEV OTP] +911234567890 -> 7707","timestamp":"2025-08-24 21:13:50"}
{"level":"info","message":"verifyOtp for otp:+911234567890","timestamp":"2025-08-24 21:14:00"}
{"level":"info","message":"createOrGetByMobile: +911234567890","timestamp":"2025-08-24 21:14:00"}
{"level":"info","message":"verifyOtp for otp:+911234567890","timestamp":"2025-08-24 21:18:27"}
{"level":"warn","message":"verifyOtp: invalid or expired otp","timestamp":"2025-08-24 21:18:27"}
{"level":"info","message":"requestOtp for +911234567890","timestamp":"2025-08-24 21:18:35"}
{"level":"info","message":"[DEV OTP] +911234567890 -> 2970","timestamp":"2025-08-24 21:18:35"}
{"level":"info","message":"verifyOtp for otp:+911234567890","timestamp":"2025-08-24 21:18:43"}
{"level":"info","message":"createOrGetByMobile: +911234567890","timestamp":"2025-08-24 21:18:43"}
{"level":"info","message":"requestOtp for +911234567890","timestamp":"2025-08-24 21:19:43"}
{"level":"info","message":"[DEV OTP] +911234567890 -> 9628","timestamp":"2025-08-24 21:19:43"}
{"level":"info","message":"verifyOtp for otp:+911234567890","timestamp":"2025-08-24 21:19:52"}
{"level":"info","message":"createOrGetByMobile: +911234567890","timestamp":"2025-08-24 21:19:52"}
{"level":"info","message":"requestOtp for +911234567890","timestamp":"2025-08-24 21:20:19"}
{"level":"info","message":"[DEV OTP] +911234567890 -> 7421","timestamp":"2025-08-24 21:20:19"}
{"level":"info","message":"verifyOtp for otp:+911234567890","timestamp":"2025-08-24 21:20:31"}
{"level":"info","message":"createOrGetByMobile: +911234567890","timestamp":"2025-08-24 21:20:31"}
{"level":"info","message":"requestOtp for +911234567890","timestamp":"2025-08-24 21:20:50"}
{"level":"info","message":"[DEV OTP] +911234567890 -> 6206","timestamp":"2025-08-24 21:20:50"}
{"level":"info","message":"verifyOtp for otp:+911234567890","timestamp":"2025-08-24 21:21:02"}
{"level":"info","message":"createOrGetByMobile: +911234567890","timestamp":"2025-08-24 21:21:02"}
{"level":"info","message":"requestOtp for +911234567890","timestamp":"2025-08-24 21:22:34"}
{"level":"info","message":"[DEV OTP] +911234567890 -> 4396","timestamp":"2025-08-24 21:22:34"}
{"level":"info","message":"verifyOtp for otp:+911234567890","timestamp":"2025-08-24 21:22:44"}
{"level":"info","message":"createOrGetByMobile: +911234567890","timestamp":"2025-08-24 21:22:44"}
{"level":"info","message":"requestOtp for +911234567890","timestamp":"2025-08-24 21:24:25"}
{"level":"info","message":"[DEV OTP] +911234567890 -> 9316","timestamp":"2025-08-24 21:24:25"}
{"level":"info","message":"verifyOtp for otp:+911234567890","timestamp":"2025-08-24 21:24:33"}
{"level":"info","message":"createOrGetByMobile: +911234567890","timestamp":"2025-08-24 21:24:33"}
{"level":"info","message":"requestOtp for +911234567890","timestamp":"2025-08-24 21:24:51"}
{"level":"info","message":"[DEV OTP] +911234567890 -> 6600","timestamp":"2025-08-24 21:24:51"}
{"level":"info","message":"verifyOtp for otp:+911234567890","timestamp":"2025-08-24 21:25:03"}
{"level":"info","message":"createOrGetByMobile: +911234567890","timestamp":"2025-08-24 21:25:03"}
{"level":"info","message":"requestOtp for +911234567890","timestamp":"2025-08-24 21:28:14"}
{"level":"info","message":"[DEV OTP] +911234567890 -> 5793","timestamp":"2025-08-24 21:28:14"}
{"level":"info","message":"verifyOtp started for otp:+911234567890","timestamp":"2025-08-24 21:28:22"}
{"level":"info","message":"createOrGetByMobile: +911234567890","timestamp":"2025-08-24 21:28:22"}
{"level":"info","message":"User retrieved/created: 68aaf7dda04d6120147389a6","timestamp":"2025-08-24 21:28:22"}
{"level":"info","message":"OTP deleted from Redis for otp:+911234567890","timestamp":"2025-08-24 21:28:22"}
{"level":"info","message":"JWT token generated for user 68aaf7dda04d6120147389a6","timestamp":"2025-08-24 21:28:22"}
{"level":"info","message":"No existing device found for user 68aaf7dda04d6120147389a6, creating new device","timestamp":"2025-08-24 21:28:22"}
{"level":"info","message":"User device updated/created: 68ab369e45518cf957b8336e","timestamp":"2025-08-24 21:28:22"}
{"level":"info","message":"requestOtp for +911234567890","timestamp":"2025-08-24 21:28:33"}
{"level":"info","message":"[DEV OTP] +911234567890 -> 8894","timestamp":"2025-08-24 21:28:33"}
{"level":"info","message":"verifyOtp started for otp:+911234567890","timestamp":"2025-08-24 21:28:44"}
{"level":"info","message":"createOrGetByMobile: +911234567890","timestamp":"2025-08-24 21:28:44"}
{"level":"info","message":"User retrieved/created: 68aaf7dda04d6120147389a6","timestamp":"2025-08-24 21:28:45"}
{"level":"info","message":"OTP deleted from Redis for otp:+911234567890","timestamp":"2025-08-24 21:28:45"}
{"level":"info","message":"JWT token generated for user 68aaf7dda04d6120147389a6","timestamp":"2025-08-24 21:28:45"}
{"level":"info","message":"No existing device found for user 68aaf7dda04d6120147389a6, creating new device","timestamp":"2025-08-24 21:28:45"}
{"level":"info","message":"User device updated/created: 68ab36b545518cf957b83372","timestamp":"2025-08-24 21:28:45"}
{"level":"info","message":"requestOtp for +911234567890","timestamp":"2025-08-24 21:29:56"}
{"level":"info","message":"[DEV OTP] +911234567890 -> 9910","timestamp":"2025-08-24 21:29:56"}
{"level":"info","message":"verifyOtp started for otp:+911234567890","timestamp":"2025-08-24 21:30:07"}
{"level":"info","message":"createOrGetByMobile: +911234567890","timestamp":"2025-08-24 21:30:07"}
{"level":"info","message":"User retrieved/created: 68aaf7dda04d6120147389a6","timestamp":"2025-08-24 21:30:07"}
{"level":"info","message":"OTP deleted from Redis for otp:+911234567890","timestamp":"2025-08-24 21:30:07"}
{"level":"info","message":"JWT token generated for user 68aaf7dda04d6120147389a6","timestamp":"2025-08-24 21:30:07"}
{"level":"info","message":"Existing device found for user 68aaf7dda04d6120147389a6, updating device","timestamp":"2025-08-24 21:30:07"}
{"level":"info","message":"User device updated/created: 68ab36b545518cf957b83372","timestamp":"2025-08-24 21:30:07"}
{"level":"error","message":"updateProfile error: Cannot read properties of undefined (reading 'id')","stack":"TypeError: Cannot read properties of undefined (reading 'id')\n    at Object.addAdmin (D:\\Nitesh\\Client\\Project\\camel_project\\code\\local\\camel_api\\camel-admin-service\\src\\services\\AdminUserService.js:11:47)\n    at exports.addAdmin (D:\\Nitesh\\Client\\Project\\camel_project\\code\\local\\camel_api\\camel-admin-service\\src\\controllers\\AdminUserController.js:7:41)\n    at Layer.handle [as handle_request] (D:\\Nitesh\\Client\\Project\\camel_project\\code\\local\\camel_api\\camel-admin-service\\node_modules\\express\\lib\\router\\layer.js:95:5)\n    at next (D:\\Nitesh\\Client\\Project\\camel_project\\code\\local\\camel_api\\camel-admin-service\\node_modules\\express\\lib\\router\\route.js:149:13)\n    at Route.dispatch (D:\\Nitesh\\Client\\Project\\camel_project\\code\\local\\camel_api\\camel-admin-service\\node_modules\\express\\lib\\router\\route.js:119:3)\n    at Layer.handle [as handle_request] (D:\\Nitesh\\Client\\Project\\camel_project\\code\\local\\camel_api\\camel-admin-service\\node_modules\\express\\lib\\router\\layer.js:95:5)\n    at D:\\Nitesh\\Client\\Project\\camel_project\\code\\local\\camel_api\\camel-admin-service\\node_modules\\express\\lib\\router\\index.js:284:15\n    at Function.process_params (D:\\Nitesh\\Client\\Project\\camel_project\\code\\local\\camel_api\\camel-admin-service\\node_modules\\express\\lib\\router\\index.js:346:12)\n    at next (D:\\Nitesh\\Client\\Project\\camel_project\\code\\local\\camel_api\\camel-admin-service\\node_modules\\express\\lib\\router\\index.js:280:10)\n    at Function.handle (D:\\Nitesh\\Client\\Project\\camel_project\\code\\local\\camel_api\\camel-admin-service\\node_modules\\express\\lib\\router\\index.js:175:3)","timestamp":"2025-08-25 21:04:21"}
{"level":"error","message":"updateProfile: No data provided","timestamp":"2025-08-25 21:06:46"}
{"level":"info","message":"updateProfile: userId=NEW_USER","timestamp":"2025-08-25 21:08:51"}
{"level":"info","message":"Created new user with id=68ac838bf11092cf0bad8632","timestamp":"2025-08-25 21:08:51"}
{"level":"info","message":"updateProfile: userId=68ac838bf11092cf0bad8632","timestamp":"2025-08-25 21:09:13"}
{"level":"info","message":"updateProfile: userId=68ac838bf11092cf0bad8632","timestamp":"2025-08-25 21:10:14"}
{"level":"info","message":"findByCountryCodeAndMobileNumber: +9112345678900","timestamp":"2025-08-25 21:10:39"}
{"level":"info","message":"requestOtp for +9112345678900","timestamp":"2025-08-25 21:10:39"}
{"level":"info","message":"[DEV OTP] +9112345678900 -> 5968","timestamp":"2025-08-25 21:10:39"}
{"level":"info","message":"findByCountryCodeAndMobileNumber: +9112345678900","timestamp":"2025-08-25 21:13:12"}
{"level":"info","message":"requestOtp for +9112345678900","timestamp":"2025-08-25 21:13:12"}
{"level":"info","message":"[DEV OTP] +9112345678900 -> 1511","timestamp":"2025-08-25 21:13:12"}
{"level":"warn","message":"⚠️ No user found for +9112345678900","timestamp":"2025-08-25 21:13:12"}
{"level":"info","message":"findByCountryCodeAndMobileNumber: +9112345678900","timestamp":"2025-08-25 21:14:41"}
{"level":"info","message":"requestOtp for +9112345678900","timestamp":"2025-08-25 21:14:41"}
{"level":"info","message":"[DEV OTP] +9112345678900 -> 8599","timestamp":"2025-08-25 21:14:41"}
{"level":"warn","message":"⚠️ No user found for +9112345678900","timestamp":"2025-08-25 21:14:41"}
{"level":"info","message":"findByCountryCodeAndMobileNumber: +9112345678900","timestamp":"2025-08-25 21:15:43"}
{"level":"warn","message":"⚠️ No user found for +9112345678900","timestamp":"2025-08-25 21:15:44"}
{"level":"info","message":"findByCountryCodeAndMobileNumber: +911234567890","timestamp":"2025-08-25 21:15:54"}
{"level":"info","message":"findByCountryCodeAndMobileNumber: +911234567890","timestamp":"2025-08-25 21:16:58"}
{"level":"info","message":"findByCountryCodeAndMobileNumber: +911234567890","timestamp":"2025-08-25 21:16:58"}
{"level":"info","message":"findByCountryCodeAndMobileNumber: +911234567890","timestamp":"2025-08-25 21:17:57"}
{"level":"info","message":"User is exits","timestamp":"2025-08-25 21:17:57"}
{"level":"info","message":"findByCountryCodeAndMobileNumber: +911234567890","timestamp":"2025-08-25 21:20:22"}
{"level":"info","message":"✅ User exists","timestamp":"2025-08-25 21:20:22"}
{"level":"info","message":"findByCountryCodeAndMobileNumber: +911234567890","timestamp":"2025-08-25 21:20:44"}
{"level":"info","message":"✅ User exists","timestamp":"2025-08-25 21:20:44"}
{"level":"info","message":"requestOtp for +911234567890","timestamp":"2025-08-25 21:20:44"}
{"level":"info","message":"[DEV OTP] +911234567890 -> 9337","timestamp":"2025-08-25 21:20:44"}
{"level":"info","message":"findByCountryCodeAndMobileNumber: +91123456789d0","timestamp":"2025-08-25 21:20:50"}
{"level":"warn","message":"⚠️ No user found for +91123456789d0","timestamp":"2025-08-25 21:20:50"}
{"level":"info","message":"findByCountryCodeAndMobileNumber: +911234567890","timestamp":"2025-08-25 21:20:59"}
{"level":"info","message":"✅ User exists","timestamp":"2025-08-25 21:20:59"}
{"level":"info","message":"requestOtp for +911234567890","timestamp":"2025-08-25 21:20:59"}
{"level":"info","message":"[DEV OTP] +911234567890 -> 5190","timestamp":"2025-08-25 21:20:59"}
{"level":"info","message":"verifyOtp started for otp:+911234567890","timestamp":"2025-08-25 21:21:10"}
{"level":"info","message":"findByCountryCodeAndMobileNumber: +911234567890","timestamp":"2025-08-25 21:21:10"}
{"level":"info","message":"✅ User exists","timestamp":"2025-08-25 21:21:10"}
{"level":"info","message":"User retrieved/created: undefined","timestamp":"2025-08-25 21:21:10"}
{"level":"info","message":"OTP deleted from Redis for otp:+911234567890","timestamp":"2025-08-25 21:21:10"}
{"level":"info","message":"JWT token generated for user undefined","timestamp":"2025-08-25 21:21:10"}
{"level":"info","message":"verifyOtp for otp:+911234567890","timestamp":"2025-08-25 21:23:43"}
{"level":"warn","message":"❌ Invalid or expired OTP","timestamp":"2025-08-25 21:23:43"}
{"level":"info","message":"findByCountryCodeAndMobileNumber: +911234567890","timestamp":"2025-08-25 21:23:48"}
{"level":"info","message":"✅ User exists","timestamp":"2025-08-25 21:23:48"}
{"level":"info","message":"requestOtp for +911234567890","timestamp":"2025-08-25 21:23:48"}
{"level":"info","message":"[DEV OTP] +911234567890 -> 6664","timestamp":"2025-08-25 21:23:48"}
{"level":"info","message":"verifyOtp for otp:+911234567890","timestamp":"2025-08-25 21:23:57"}
{"level":"error","message":"❌ Error in verifyOtp for otp:+911234567890: adminUserService is not defined","stack":"ReferenceError: adminUserService is not defined\n    at Object.verifyOtp (D:\\Nitesh\\Client\\Project\\camel_project\\code\\local\\camel_api\\camel-admin-service\\src\\services\\AdminUserService.js:157:26)\n    at process.processTicksAndRejections (node:internal/process/task_queues:105:5)\n    at async exports.verifyOtp (D:\\Nitesh\\Client\\Project\\camel_project\\code\\local\\camel_api\\camel-admin-service\\src\\controllers\\AdminUserController.js:46:18)","timestamp":"2025-08-25 21:23:57"}
{"level":"info","message":"verifyOtp for otp:+911234567890","timestamp":"2025-08-25 21:25:15"}
{"level":"info","message":"findByCountryCodeAndMobileNumber: +911234567890","timestamp":"2025-08-25 21:25:15"}
{"level":"info","message":"✅ User exists","timestamp":"2025-08-25 21:25:15"}
{"level":"error","message":"❌ Error in verifyOtp for otp:+911234567890: generateJwtToken is not defined","stack":"ReferenceError: generateJwtToken is not defined\n    at Object.verifyOtp (D:\\Nitesh\\Client\\Project\\camel_project\\code\\local\\camel_api\\camel-admin-service\\src\\services\\AdminUserService.js:173:19)\n    at process.processTicksAndRejections (node:internal/process/task_queues:105:5)\n    at async exports.verifyOtp (D:\\Nitesh\\Client\\Project\\camel_project\\code\\local\\camel_api\\camel-admin-service\\src\\controllers\\AdminUserController.js:46:18)","timestamp":"2025-08-25 21:25:15"}
{"level":"info","message":"verifyOtp for otp:+911234567890","timestamp":"2025-08-25 21:25:59"}
{"level":"info","message":"findByCountryCodeAndMobileNumber: +911234567890","timestamp":"2025-08-25 21:25:59"}
{"level":"info","message":"✅ User exists","timestamp":"2025-08-25 21:25:59"}
{"level":"error","message":"❌ Error in verifyOtp for otp:+911234567890: Cannot read properties of undefined (reading '_id')","stack":"TypeError: Cannot read properties of undefined (reading '_id')\n    at Object.verifyOtp (D:\\Nitesh\\Client\\Project\\camel_project\\code\\local\\camel_api\\camel-admin-service\\src\\services\\AdminUserService.js:174:16)\n    at process.processTicksAndRejections (node:internal/process/task_queues:105:5)\n    at async exports.verifyOtp (D:\\Nitesh\\Client\\Project\\camel_project\\code\\local\\camel_api\\camel-admin-service\\src\\controllers\\AdminUserController.js:46:18)","timestamp":"2025-08-25 21:25:59"}
{"level":"info","message":"verifyOtp for otp:+911234567890","timestamp":"2025-08-25 21:26:56"}
{"level":"info","message":"findByCountryCodeAndMobileNumber: +911234567890","timestamp":"2025-08-25 21:26:56"}
{"level":"info","message":"✅ User exists","timestamp":"2025-08-25 21:26:56"}
{"level":"error","message":"❌ Error in verifyOtp for otp:+911234567890: Cannot read properties of undefined (reading '_id')","stack":"TypeError: Cannot read properties of undefined (reading '_id')\n    at Object.verifyOtp (D:\\Nitesh\\Client\\Project\\camel_project\\code\\local\\camel_api\\camel-admin-service\\src\\services\\AdminUserService.js:175:16)\n    at process.processTicksAndRejections (node:internal/process/task_queues:105:5)\n    at async exports.verifyOtp (D:\\Nitesh\\Client\\Project\\camel_project\\code\\local\\camel_api\\camel-admin-service\\src\\controllers\\AdminUserController.js:46:18)","timestamp":"2025-08-25 21:26:56"}
{"level":"info","message":"verifyOtp for otp:+911234567890","timestamp":"2025-08-25 21:27:25"}
{"level":"info","message":"findByCountryCodeAndMobileNumber: +911234567890","timestamp":"2025-08-25 21:27:25"}
{"level":"info","message":"✅ User exists","timestamp":"2025-08-25 21:27:25"}
{"level":"error","message":"❌ Error in verifyOtp for otp:+911234567890: Cannot read properties of undefined (reading 'countryCode')","stack":"TypeError: Cannot read properties of undefined (reading 'countryCode')\n    at Object.verifyOtp (D:\\Nitesh\\Client\\Project\\camel_project\\code\\local\\camel_api\\camel-admin-service\\src\\services\\AdminUserService.js:175:25)\n    at process.processTicksAndRejections (node:internal/process/task_queues:105:5)\n    at async exports.verifyOtp (D:\\Nitesh\\Client\\Project\\camel_project\\code\\local\\camel_api\\camel-admin-service\\src\\controllers\\AdminUserController.js:46:18)","timestamp":"2025-08-25 21:27:25"}
{"level":"info","message":"verifyOtp for otp:+911234567890","timestamp":"2025-08-25 21:28:28"}
{"level":"info","message":"findByCountryCodeAndMobileNumber: +911234567890","timestamp":"2025-08-25 21:28:28"}
{"level":"info","message":"✅ User exists","timestamp":"2025-08-25 21:28:28"}
{"level":"error","message":"❌ Error in verifyOtp for otp:+911234567890: Cannot read properties of undefined (reading 'countryCode')","stack":"TypeError: Cannot read properties of undefined (reading 'countryCode')\n    at Object.verifyOtp (D:\\Nitesh\\Client\\Project\\camel_project\\code\\local\\camel_api\\camel-admin-service\\src\\services\\AdminUserService.js:175:25)\n    at process.processTicksAndRejections (node:internal/process/task_queues:105:5)\n    at async exports.verifyOtp (D:\\Nitesh\\Client\\Project\\camel_project\\code\\local\\camel_api\\camel-admin-service\\src\\controllers\\AdminUserController.js:46:18)","timestamp":"2025-08-25 21:28:28"}
{"level":"info","message":"verifyOtp for otp:+911234567890","timestamp":"2025-08-25 21:29:51"}
{"level":"warn","message":"❌ Invalid or expired OTP","timestamp":"2025-08-25 21:29:51"}
{"level":"info","message":"findByCountryCodeAndMobileNumber: +911234567890","timestamp":"2025-08-25 21:29:59"}
{"level":"info","message":"✅ User exists","timestamp":"2025-08-25 21:29:59"}
{"level":"info","message":"requestOtp for +911234567890","timestamp":"2025-08-25 21:29:59"}
{"level":"info","message":"[DEV OTP] +911234567890 -> 7468","timestamp":"2025-08-25 21:29:59"}
{"level":"info","message":"verifyOtp for otp:+911234567890","timestamp":"2025-08-25 21:30:06"}
{"level":"info","message":"findByCountryCodeAndMobileNumber: +911234567890","timestamp":"2025-08-25 21:30:06"}
{"level":"info","message":"✅ User exists","timestamp":"2025-08-25 21:30:06"}
{"level":"info","message":"user found : undefined","timestamp":"2025-08-25 21:30:06"}
{"level":"error","message":"❌ Error in verifyOtp for otp:+911234567890: Cannot read properties of undefined (reading 'countryCode')","stack":"TypeError: Cannot read properties of undefined (reading 'countryCode')\n    at Object.verifyOtp (D:\\Nitesh\\Client\\Project\\camel_project\\code\\local\\camel_api\\camel-admin-service\\src\\services\\AdminUserService.js:176:25)\n    at process.processTicksAndRejections (node:internal/process/task_queues:105:5)\n    at async exports.verifyOtp (D:\\Nitesh\\Client\\Project\\camel_project\\code\\local\\camel_api\\camel-admin-service\\src\\controllers\\AdminUserController.js:46:18)","timestamp":"2025-08-25 21:30:06"}
{"level":"info","message":"verifyOtp for otp:+911234567890","timestamp":"2025-08-25 21:31:24"}
{"level":"info","message":"findByCountryCodeAndMobileNumber: +911234567890","timestamp":"2025-08-25 21:31:24"}
{"level":"info","message":"✅ User exists","timestamp":"2025-08-25 21:31:24"}
{"level":"info","message":"user found : {\n  _id: new ObjectId('68ac838bf11092cf0bad8632'),\n  name: 'John Doe Updaetd',\n  email: 'johndoe@example.com',\n  countryCode: '+91',\n  mobileNumber: '1234567890',\n  address: '123 Street, Area',\n  city: 'Mumbai',\n  country: 'India',\n  profileUrl: 'https://example.com/profile.jpg',\n  status: 0,\n  createdAt: 2025-08-25T15:38:51.527Z,\n  updatedAt: 2025-08-25T15:40:14.798Z,\n  __v: 0\n}","timestamp":"2025-08-25 21:31:24"}
{"level":"info","message":"✅ OTP verified for otp:+911234567890","timestamp":"2025-08-25 21:31:24"}
{"level":"info","message":"findByCountryCodeAndMobileNumber: +911234567890","timestamp":"2025-08-25 21:32:23"}
{"level":"info","message":"✅ User exists","timestamp":"2025-08-25 21:32:23"}
{"level":"info","message":"requestOtp for +911234567890","timestamp":"2025-08-25 21:32:23"}
{"level":"info","message":"[DEV OTP] +911234567890 -> 4633","timestamp":"2025-08-25 21:32:23"}
{"level":"info","message":"verifyOtp for otp:+911234567890","timestamp":"2025-08-25 21:32:32"}
{"level":"info","message":"findByCountryCodeAndMobileNumber: +911234567890","timestamp":"2025-08-25 21:32:32"}
{"level":"info","message":"✅ User exists","timestamp":"2025-08-25 21:32:32"}
{"level":"info","message":"user found : {\n  _id: new ObjectId('68ac838bf11092cf0bad8632'),\n  name: 'John Doe Updaetd',\n  email: 'johndoe@example.com',\n  countryCode: '+91',\n  mobileNumber: '1234567890',\n  address: '123 Street, Area',\n  city: 'Mumbai',\n  country: 'India',\n  profileUrl: 'https://example.com/profile.jpg',\n  status: 0,\n  createdAt: 2025-08-25T15:38:51.527Z,\n  updatedAt: 2025-08-25T15:40:14.798Z,\n  __v: 0\n}","timestamp":"2025-08-25 21:32:32"}
{"level":"info","message":"✅ OTP verified for otp:+911234567890","timestamp":"2025-08-25 21:32:32"}
{"level":"info","message":"getProfile: id=68ac838bf11092cf0bad8632","timestamp":"2025-08-25 21:34:34"}
{"body":{"id":"","moduleCode":"string","moduleName":"string","parentModuleName":"string"},"level":"info","message":"🎯 addModule request received","timestamp":"2025-08-25 22:02:05"}
{"level":"info","message":"addModule called","moduleRequest":{"id":"","moduleCode":"string","moduleName":"string","parentModuleName":"string"},"timestamp":"2025-08-25 22:02:05"}
{"level":"info","message":"Creating new module","moduleCode":"string","moduleName":"string","timestamp":"2025-08-25 22:02:05"}
{"id":"68ac90050319e3f86c2f9d55","level":"info","message":"✅ Module created successfully","timestamp":"2025-08-25 22:02:05"}
{"level":"info","message":"✅ addModule response","result":{"message":"Module created","responseBody":{"__v":0,"_id":"68ac90050319e3f86c2f9d55","addAction":0,"createdAt":"2025-08-25T16:32:05.814Z","deleteAction":0,"downloadAction":0,"moduleAction":0,"moduleCode":"string","moduleName":"string","parentModuleName":"string","status":1,"updateAction":0,"updatedAt":"2025-08-25T16:32:05.814Z","viewAction":0},"responseCode":200},"timestamp":"2025-08-25 22:02:05"}
{"level":"info","message":"🎯 getAllModule request received","timestamp":"2025-08-25 22:02:30"}
{"level":"info","message":"getAllModule called","timestamp":"2025-08-25 22:02:30"}
{"level":"info","message":"Fetching all modules without pagination","timestamp":"2025-08-25 22:02:30"}
{"level":"info","message":"✅ Found 1 modules","timestamp":"2025-08-25 22:02:30"}
{"count":0,"level":"info","message":"✅ getAllModule response","timestamp":"2025-08-25 22:02:30"}
{"level":"info","message":"🎯 getAllModule request received","pageIndex":0,"pageSize":10,"timestamp":"2025-08-25 22:02:37"}
{"level":"info","message":"getAllModule called","pageIndex":0,"pageSize":10,"timestamp":"2025-08-25 22:02:37"}
{"level":"info","message":"Fetching modules with pagination pageIndex=0, pageSize=10","timestamp":"2025-08-25 22:02:37"}
{"level":"info","message":"Fetching all modules without search","timestamp":"2025-08-25 22:02:37"}
{"level":"info","message":"✅ Found 1 modules","timestamp":"2025-08-25 22:02:37"}
{"count":0,"level":"info","message":"✅ getAllModule response","timestamp":"2025-08-25 22:02:37"}
{"level":"info","message":"getAllUsers called","pageIndex":0,"pageSize":10,"searchText":"","timestamp":"2025-08-25 22:05:44"}
{"level":"info","message":"Fetching all users without search filter","timestamp":"2025-08-25 22:05:44"}
{"level":"info","message":"Pagination applied: skip=0, limit=10","timestamp":"2025-08-25 22:05:44"}
{"level":"info","message":"✅ Found 1 users","timestamp":"2025-08-25 22:05:44"}
{"level":"info","message":"🎯 getAllModule request received","pageIndex":0,"pageSize":10,"timestamp":"2025-08-25 22:07:53"}
{"level":"info","message":"getAllModule called","pageIndex":0,"pageSize":10,"timestamp":"2025-08-25 22:07:53"}
{"level":"info","message":"Fetching modules with pagination pageIndex=0, pageSize=10","timestamp":"2025-08-25 22:07:53"}
{"level":"info","message":"Fetching all modules without search","timestamp":"2025-08-25 22:07:53"}
{"level":"info","message":"✅ Found 1 modules","timestamp":"2025-08-25 22:07:53"}
{"count":0,"level":"info","message":"✅ getAllModule response","timestamp":"2025-08-25 22:07:53"}
{"level":"info","message":"Creating new role with name: Admin","timestamp":"2025-08-26 20:53:32"}
{"level":"error","message":"Error in addRole: CastError: Cast to ObjectId failed for value \"64f1e3f6a1b2c3d4e5f6g7h8\" (type string) at path \"_id\" for model \"modules\"\n    at SchemaObjectId.cast (D:\\Nitesh\\Client\\Project\\camel_project\\code\\local\\camel_api\\camel-admin-service\\node_modules\\mongoose\\lib\\schema\\objectId.js:251:11)\n    at SchemaType.applySetters (D:\\Nitesh\\Client\\Project\\camel_project\\code\\local\\camel_api\\camel-admin-service\\node_modules\\mongoose\\lib\\schemaType.js:1258:12)\n    at SchemaType.castForQuery (D:\\Nitesh\\Client\\Project\\camel_project\\code\\local\\camel_api\\camel-admin-service\\node_modules\\mongoose\\lib\\schemaType.js:1694:17)\n    at cast (D:\\Nitesh\\Client\\Project\\camel_project\\code\\local\\camel_api\\camel-admin-service\\node_modules\\mongoose\\lib\\cast.js:390:32)\n    at Query.cast (D:\\Nitesh\\Client\\Project\\camel_project\\code\\local\\camel_api\\camel-admin-service\\node_modules\\mongoose\\lib\\query.js:5060:12)\n    at Query._castConditions (D:\\Nitesh\\Client\\Project\\camel_project\\code\\local\\camel_api\\camel-admin-service\\node_modules\\mongoose\\lib\\query.js:2374:10)\n    at model.Query._findOne (D:\\Nitesh\\Client\\Project\\camel_project\\code\\local\\camel_api\\camel-admin-service\\node_modules\\mongoose\\lib\\query.js:2697:8)\n    at model.Query.exec (D:\\Nitesh\\Client\\Project\\camel_project\\code\\local\\camel_api\\camel-admin-service\\node_modules\\mongoose\\lib\\query.js:4627:80)\n    at process.processTicksAndRejections (node:internal/process/task_queues:105:5)\n    at async Object.addRole (D:\\Nitesh\\Client\\Project\\camel_project\\code\\local\\camel_api\\camel-admin-service\\src\\services\\RoleService.js:148:22)","timestamp":"2025-08-26 20:53:32"}
{"level":"info","message":"Updating role with id: 68add0bb34d8bab775d905e2","timestamp":"2025-08-26 20:59:19"}
{"level":"info","message":"Updating roleModule with id: 64f1e3f6a1b2c3d4e5f6g7h8","timestamp":"2025-08-26 20:59:19"}
{"level":"error","message":"Error in addRole: CastError: Cast to ObjectId failed for value \"64f1e3f6a1b2c3d4e5f6g7h8\" (type string) at path \"_id\" for model \"role_modules\"\n    at SchemaObjectId.cast (D:\\Nitesh\\Client\\Project\\camel_project\\code\\local\\camel_api\\camel-admin-service\\node_modules\\mongoose\\lib\\schema\\objectId.js:251:11)\n    at SchemaType.applySetters (D:\\Nitesh\\Client\\Project\\camel_project\\code\\local\\camel_api\\camel-admin-service\\node_modules\\mongoose\\lib\\schemaType.js:1258:12)\n    at SchemaType.castForQuery (D:\\Nitesh\\Client\\Project\\camel_project\\code\\local\\camel_api\\camel-admin-service\\node_modules\\mongoose\\lib\\schemaType.js:1694:17)\n    at cast (D:\\Nitesh\\Client\\Project\\camel_project\\code\\local\\camel_api\\camel-admin-service\\node_modules\\mongoose\\lib\\cast.js:390:32)\n    at Query.cast (D:\\Nitesh\\Client\\Project\\camel_project\\code\\local\\camel_api\\camel-admin-service\\node_modules\\mongoose\\lib\\query.js:5060:12)\n    at Query._castConditions (D:\\Nitesh\\Client\\Project\\camel_project\\code\\local\\camel_api\\camel-admin-service\\node_modules\\mongoose\\lib\\query.js:2374:10)\n    at model.Query._findOne (D:\\Nitesh\\Client\\Project\\camel_project\\code\\local\\camel_api\\camel-admin-service\\node_modules\\mongoose\\lib\\query.js:2697:8)\n    at model.Query.exec (D:\\Nitesh\\Client\\Project\\camel_project\\code\\local\\camel_api\\camel-admin-service\\node_modules\\mongoose\\lib\\query.js:4627:80)\n    at process.processTicksAndRejections (node:internal/process/task_queues:105:5)\n    at async Object.addRole (D:\\Nitesh\\Client\\Project\\camel_project\\code\\local\\camel_api\\camel-admin-service\\src\\services\\RoleService.js:65:28)","timestamp":"2025-08-26 20:59:19"}
{"body":{"id":"68ac90050319e3f86c2f9d55","moduleCode":"Dashboard","moduleName":"Dashboard","parentModuleName":"Dashboard"},"level":"info","message":"🎯 addModule request received","timestamp":"2025-08-26 21:02:13"}
{"level":"info","message":"addModule called","moduleRequest":{"id":"68ac90050319e3f86c2f9d55","moduleCode":"Dashboard","moduleName":"Dashboard","parentModuleName":"Dashboard"},"timestamp":"2025-08-26 21:02:13"}
{"level":"info","message":"Updating module with id=68ac90050319e3f86c2f9d55","timestamp":"2025-08-26 21:02:13"}
{"id":"68ac90050319e3f86c2f9d55","level":"info","message":"✅ Module updated successfully","timestamp":"2025-08-26 21:02:13"}
{"level":"info","message":"✅ addModule response","result":{"message":"Module updated","responseBody":{"__v":0,"_id":"68ac90050319e3f86c2f9d55","addAction":0,"createdAt":"2025-08-25T16:32:05.814Z","deleteAction":0,"downloadAction":0,"moduleAction":0,"moduleCode":"Dashboard","moduleName":"Dashboard","parentModuleName":"Dashboard","status":1,"updateAction":0,"updatedAt":"2025-08-26T15:32:13.866Z","viewAction":0},"responseCode":200},"timestamp":"2025-08-26 21:02:13"}
{"level":"info","message":"Updating role with id: 68add0bb34d8bab775d905e2","timestamp":"2025-08-26 21:02:39"}
{"level":"info","message":"Creating new roleModule for roleId: 68add0bb34d8bab775d905e2","timestamp":"2025-08-26 21:02:39"}
{"level":"info","message":"Role updated successfully: 68add0bb34d8bab775d905e2","timestamp":"2025-08-26 21:02:39"}
{"level":"info","message":"Creating new role with name: Super Admin","timestamp":"2025-08-26 21:24:46"}
{"level":"info","message":"getAllUsers called","pageIndex":0,"pageSize":10,"searchText":"","timestamp":"2025-08-26 21:33:29"}
{"level":"info","message":"Fetching all users without search filter","timestamp":"2025-08-26 21:33:29"}
{"level":"info","message":"Pagination applied: skip=0, limit=10","timestamp":"2025-08-26 21:33:29"}
{"level":"info","message":"✅ Found 1 users","timestamp":"2025-08-26 21:33:29"}
{"error":{},"level":"error","message":"❌ getAllUsers service error","timestamp":"2025-08-26 21:33:29"}
{"level":"info","message":"getAllUsers called","pageIndex":0,"pageSize":10,"searchText":"","timestamp":"2025-08-26 21:36:11"}
{"level":"info","message":"Fetching all users without search filter","timestamp":"2025-08-26 21:36:11"}
{"level":"info","message":"Pagination applied: skip=0, limit=10","timestamp":"2025-08-26 21:36:11"}
{"level":"info","message":"✅ Found 1 users","timestamp":"2025-08-26 21:36:11"}
{"error":{},"level":"error","message":"❌ getAllUsers service error","timestamp":"2025-08-26 21:36:11"}
{"level":"info","message":"updateProfile: userId=NEW_USER","timestamp":"2025-08-26 21:38:54"}
{"level":"error","message":"updateProfile error: E11000 duplicate key error collection: camel_admin.admin_users index: mobileNumber_1 dup key: { mobileNumber: \"1234567890\" }","stack":"MongoServerError: E11000 duplicate key error collection: camel_admin.admin_users index: mobileNumber_1 dup key: { mobileNumber: \"1234567890\" }\n    at InsertOneOperation.execute (D:\\Nitesh\\Client\\Project\\camel_project\\code\\local\\camel_api\\camel-admin-service\\node_modules\\mongodb\\lib\\operations\\insert.js:51:19)\n    at process.processTicksAndRejections (node:internal/process/task_queues:105:5)\n    at async tryOperation (D:\\Nitesh\\Client\\Project\\camel_project\\code\\local\\camel_api\\camel-admin-service\\node_modules\\mongodb\\lib\\operations\\execute_operation.js:207:20)\n    at async executeOperation (D:\\Nitesh\\Client\\Project\\camel_project\\code\\local\\camel_api\\camel-admin-service\\node_modules\\mongodb\\lib\\operations\\execute_operation.js:75:16)\n    at async Collection.insertOne (D:\\Nitesh\\Client\\Project\\camel_project\\code\\local\\camel_api\\camel-admin-service\\node_modules\\mongodb\\lib\\collection.js:157:16)","timestamp":"2025-08-26 21:38:54"}
{"level":"info","message":"updateProfile: userId=NEW_USER","timestamp":"2025-08-26 21:39:08"}
{"level":"info","message":"Created new user with id=68addc24d9e6cde048f8398f","timestamp":"2025-08-26 21:39:08"}
{"level":"error","message":"updateProfile error: buildUserResponse is not a function","stack":"TypeError: buildUserResponse is not a function\n    at Object.addAdmin (D:\\Nitesh\\Client\\Project\\camel_project\\code\\local\\camel_api\\camel-admin-service\\src\\services\\AdminUserService.js:30:62)\n    at process.processTicksAndRejections (node:internal/process/task_queues:105:5)\n    at async exports.addAdmin (D:\\Nitesh\\Client\\Project\\camel_project\\code\\local\\camel_api\\camel-admin-service\\src\\controllers\\AdminUserController.js:7:20)","timestamp":"2025-08-26 21:39:08"}
{"level":"info","message":"getAllUsers called","pageIndex":0,"pageSize":10,"searchText":"","timestamp":"2025-08-26 21:40:07"}
{"level":"info","message":"Fetching all users without search filter","timestamp":"2025-08-26 21:40:07"}
{"level":"info","message":"Pagination applied: skip=0, limit=10","timestamp":"2025-08-26 21:40:07"}
{"level":"info","message":"✅ Found 2 users","timestamp":"2025-08-26 21:40:07"}
{"level":"info","message":"findByCountryCodeAndMobileNumber: +911234567890","timestamp":"2025-08-26 21:48:44"}
{"level":"info","message":"✅ User exists","timestamp":"2025-08-26 21:48:44"}
{"level":"info","message":"requestOtp for +911234567890","timestamp":"2025-08-26 21:48:44"}
{"level":"info","message":"[DEV OTP] +911234567890 -> 1489","timestamp":"2025-08-26 21:48:44"}
{"level":"info","message":"verifyOtp for otp:+911234567890","timestamp":"2025-08-26 21:48:53"}
{"level":"info","message":"findByCountryCodeAndMobileNumber: +911234567890","timestamp":"2025-08-26 21:48:53"}
{"level":"info","message":"✅ User exists","timestamp":"2025-08-26 21:48:53"}
{"level":"info","message":"✅ OTP verified for otp:+911234567890","timestamp":"2025-08-26 21:48:53"}
{"level":"info","message":"updateProfile: userId=68ac838bf11092cf0bad8632","timestamp":"2025-08-26 21:50:18"}
{"level":"info","message":"findByCountryCodeAndMobileNumber: +911234567890","timestamp":"2025-08-26 21:50:28"}
{"level":"info","message":"✅ User exists","timestamp":"2025-08-26 21:50:28"}
{"level":"info","message":"requestOtp for +911234567890","timestamp":"2025-08-26 21:50:28"}
{"level":"info","message":"[DEV OTP] +911234567890 -> 8641","timestamp":"2025-08-26 21:50:28"}
{"level":"info","message":"verifyOtp for otp:+911234567890","timestamp":"2025-08-26 21:50:36"}
{"level":"info","message":"findByCountryCodeAndMobileNumber: +911234567890","timestamp":"2025-08-26 21:50:36"}
{"level":"info","message":"✅ User exists","timestamp":"2025-08-26 21:50:36"}
{"level":"info","message":"✅ OTP verified for otp:+911234567890","timestamp":"2025-08-26 21:50:36"}
{"level":"info","message":"findByCountryCodeAndMobileNumber: +911234567890","timestamp":"2025-08-26 21:51:16"}
{"level":"info","message":"✅ User exists","timestamp":"2025-08-26 21:51:16"}
{"level":"info","message":"requestOtp for +911234567890","timestamp":"2025-08-26 21:51:16"}
{"level":"info","message":"[DEV OTP] +911234567890 -> 6584","timestamp":"2025-08-26 21:51:16"}
{"level":"info","message":"verifyOtp for otp:+911234567890","timestamp":"2025-08-26 21:51:23"}
{"level":"info","message":"findByCountryCodeAndMobileNumber: +911234567890","timestamp":"2025-08-26 21:51:23"}
{"level":"info","message":"✅ User exists","timestamp":"2025-08-26 21:51:23"}
{"level":"info","message":"✅ OTP verified for otp:+911234567890","timestamp":"2025-08-26 21:51:23"}
{"level":"info","message":"findByCountryCodeAndMobileNumber: +911234567890","timestamp":"2025-08-26 21:52:52"}
{"level":"info","message":"✅ User exists","timestamp":"2025-08-26 21:52:52"}
{"level":"info","message":"requestOtp for +911234567890","timestamp":"2025-08-26 21:52:52"}
{"level":"info","message":"[DEV OTP] +911234567890 -> 9431","timestamp":"2025-08-26 21:52:52"}
{"level":"info","message":"verifyOtp for otp:+911234567890","timestamp":"2025-08-26 21:52:59"}
{"level":"info","message":"findByCountryCodeAndMobileNumber: +911234567890","timestamp":"2025-08-26 21:52:59"}
{"level":"info","message":"✅ User exists","timestamp":"2025-08-26 21:53:00"}
{"level":"info","message":"✅ OTP verified for otp:+911234567890","timestamp":"2025-08-26 21:53:00"}
{"level":"info","message":"findByCountryCodeAndMobileNumber: +911234567890","timestamp":"2025-08-26 21:55:30"}
{"level":"info","message":"✅ User exists","timestamp":"2025-08-26 21:55:30"}
{"level":"info","message":"requestOtp for +911234567890","timestamp":"2025-08-26 21:55:30"}
{"level":"info","message":"[DEV OTP] +911234567890 -> 9020","timestamp":"2025-08-26 21:55:30"}
{"level":"info","message":"verifyOtp for otp:+911234567890","timestamp":"2025-08-26 21:55:38"}
{"level":"info","message":"findByCountryCodeAndMobileNumber: +911234567890","timestamp":"2025-08-26 21:55:38"}
{"level":"info","message":"✅ User exists","timestamp":"2025-08-26 21:55:38"}
{"level":"info","message":"✅ OTP verified for otp:+911234567890","timestamp":"2025-08-26 21:55:38"}
{"level":"info","message":"getProfile: id=68ac838bf11092cf0bad8632","timestamp":"2025-08-26 21:58:16"}
{"level":"info","message":"getProfile: id=68ac838bf11092cf0bad8632","timestamp":"2025-08-26 22:00:35"}
{"level":"info","message":"getProfile: id=68ac838bf11092cf0bad8632","timestamp":"2025-08-26 22:01:10"}
{"level":"info","message":"getProfile: id=68ac838bf11092cf0bad8632","timestamp":"2025-08-26 22:01:39"}
{"level":"info","message":"getProfile: id=68ac838bf11092cf0bad8632","timestamp":"2025-08-26 22:04:13"}
{"level":"info","message":"findByCountryCodeAndMobileNumber: +911234567890","timestamp":"2025-08-26 22:06:15"}
{"level":"info","message":"✅ User exists","timestamp":"2025-08-26 22:06:15"}
{"level":"info","message":"requestOtp for +911234567890","timestamp":"2025-08-26 22:06:15"}
{"level":"info","message":"[DEV OTP] +911234567890 -> 6402","timestamp":"2025-08-26 22:06:15"}
{"level":"info","message":"verifyOtp for otp:+911234567890","timestamp":"2025-08-26 22:06:24"}
{"level":"info","message":"findByCountryCodeAndMobileNumber: +911234567890","timestamp":"2025-08-26 22:06:24"}
{"level":"info","message":"✅ User exists","timestamp":"2025-08-26 22:06:24"}
{"level":"info","message":"✅ OTP verified for otp:+911234567890","timestamp":"2025-08-26 22:06:24"}
{"cityRequest":{"cityIconFile":{"destination":"uploads/","encoding":"7bit","fieldname":"cityIconFile","filename":"4a3a6e1022ec15140a888d54ac0db760","mimetype":"image/jpeg","originalname":"starbucs_background.jpeg","path":"uploads\\4a3a6e1022ec15140a888d54ac0db760","size":138417},"cityImageFile":{"destination":"uploads/","encoding":"7bit","fieldname":"cityImageFile","filename":"be29428eec8cebf3e0ea7047cb2e40cc","mimetype":"image/webp","originalname":"starbucks_logo.webp","path":"uploads\\be29428eec8cebf3e0ea7047cb2e40cc","size":131528},"cityName":"Indore","countryId":"68af1f57ffc875404e29adc5","latitude":23.222,"longitude":72.222},"level":"info","message":"➡️ addCity called","timestamp":"2025-08-27 20:44:42"}
{"level":"info","message":"➕ Creating new city: Indore","timestamp":"2025-08-27 20:44:42"}
{"error":{"code":"ERR_INVALID_ARG_TYPE"},"level":"error","message":"❌ addCity error","timestamp":"2025-08-27 20:44:42"}
{"cityRequest":{"cityIconFile":{"destination":"uploads/","encoding":"7bit","fieldname":"cityIconFile","filename":"7383de9e10ba82fb9f5b242adc30f0ee","mimetype":"image/jpeg","originalname":"starbucs_background.jpeg","path":"uploads\\7383de9e10ba82fb9f5b242adc30f0ee","size":138417},"cityImageFile":{"destination":"uploads/","encoding":"7bit","fieldname":"cityImageFile","filename":"53fcd525924b29aecfda5e9799911993","mimetype":"image/webp","originalname":"starbucks_logo.webp","path":"uploads\\53fcd525924b29aecfda5e9799911993","size":131528},"cityName":"Indore","countryId":"68af1f57ffc875404e29adc5","latitude":23.222,"longitude":72.222},"level":"info","message":"➡️ addCity called","timestamp":"2025-08-27 20:49:34"}
{"level":"info","message":"➕ Creating new city: Indore","timestamp":"2025-08-27 20:49:34"}
{"error":{"code":"ERR_INVALID_ARG_TYPE"},"level":"error","message":"❌ uploadFile error","timestamp":"2025-08-27 20:49:34"}
{"error":{"code":"ERR_INVALID_ARG_TYPE"},"level":"error","message":"❌ addCity error","timestamp":"2025-08-27 20:49:34"}
{"cityRequest":{"cityIconFile":{"destination":"uploads/","encoding":"7bit","fieldname":"cityIconFile","filename":"c592f978fc01d532ef2644218363b14b","mimetype":"image/jpeg","originalname":"starbucs_background.jpeg","path":"uploads\\c592f978fc01d532ef2644218363b14b","size":138417},"cityImageFile":{"destination":"uploads/","encoding":"7bit","fieldname":"cityImageFile","filename":"0306d6f02252b2bd1bfd9f8c7eccb209","mimetype":"image/webp","originalname":"starbucks_logo.webp","path":"uploads\\0306d6f02252b2bd1bfd9f8c7eccb209","size":131528},"cityName":"Indore","countryId":"68af1f57ffc875404e29adc5","latitude":23.222,"longitude":72.222},"level":"info","message":"➡️ addCity called","timestamp":"2025-08-27 20:52:11"}
{"level":"info","message":"➕ Creating new city: Indore","timestamp":"2025-08-27 20:52:11"}
{"level":"info","message":"✅ File uploaded: starbucks_logo.webp → /uploads/a844213d-10a7-4cda-be6d-8a2030553380.webp","timestamp":"2025-08-27 20:52:11"}
{"level":"info","message":"✅ File uploaded: starbucs_background.jpeg → /uploads/50067dcd-d5bc-45d2-b29b-5aca85655bee.jpeg","timestamp":"2025-08-27 20:52:11"}
{"level":"info","message":"✅ City created successfully: 68af22a34abfbf9c1282712e","timestamp":"2025-08-27 20:52:11"}
{"cityRequest":{"cityIconFile":{"destination":"uploads/","encoding":"7bit","fieldname":"cityIconFile","filename":"29d0a88aeb3b529ae7240a0816d6745c","mimetype":"image/jpeg","originalname":"starbucs_background.jpeg","path":"uploads\\29d0a88aeb3b529ae7240a0816d6745c","size":138417},"cityImageFile":{"destination":"uploads/","encoding":"7bit","fieldname":"cityImageFile","filename":"8a7be0f6c804406e86f79ff33438dd50","mimetype":"image/webp","originalname":"starbucks_logo.webp","path":"uploads\\8a7be0f6c804406e86f79ff33438dd50","size":131528},"cityName":"Indore","countryId":"","latitude":23.222,"longitude":72.222},"level":"info","message":"➡️ addCity called","timestamp":"2025-08-27 20:52:45"}
{"error":{"kind":"ObjectId","message":"Cast to ObjectId failed for value \"\" (type string) at path \"_id\" for model \"countries\"","name":"CastError","path":"_id","reason":{},"stringValue":"\"\"","value":"","valueType":"string"},"level":"error","message":"❌ addCity error","timestamp":"2025-08-27 20:52:45"}
{"cityRequest":{"cityIconFile":{"destination":"uploads/","encoding":"7bit","fieldname":"cityIconFile","filename":"a723452f26e3c679214612cc09c603c2","mimetype":"image/jpeg","originalname":"starbucs_background.jpeg","path":"uploads\\a723452f26e3c679214612cc09c603c2","size":138417},"cityImageFile":{"destination":"uploads/","encoding":"7bit","fieldname":"cityImageFile","filename":"f13fb7a53a0d137bca4d7217c692ffdf","mimetype":"image/webp","originalname":"starbucks_logo.webp","path":"uploads\\f13fb7a53a0d137bca4d7217c692ffdf","size":131528},"cityName":"Indore","latitude":23.222,"longitude":72.222},"level":"info","message":"➡️ addCity called","timestamp":"2025-08-27 20:53:13"}
{"level":"warn","message":"⚠️ Country not found: undefined","timestamp":"2025-08-27 20:53:13"}
{"level":"info","message":"📂 uploadCities: Processing file for countryId=undefined","timestamp":"2025-08-27 21:06:43"}
{"level":"info","message":"📑 Parsed 1 city records from Excel","timestamp":"2025-08-27 21:06:44"}
{"level":"info","message":"➡️ Processing city: Mumbai (Row 2)","timestamp":"2025-08-27 21:06:44"}
{"error":{"_message":"cities validation failed","errors":{"cityImage":{"kind":"string","message":"Cast to string failed for value \"{}\" (type Object) at path \"cityImage\"","name":"CastError","path":"cityImage","reason":null,"stringValue":"\"{}\"","value":{},"valueType":"Object"},"countryId":{"kind":"required","message":"Path `countryId` is required.","name":"ValidatorError","path":"countryId","properties":{"message":"Path `countryId` is required.","path":"countryId","type":"required"}}},"message":"cities validation failed: cityImage: Cast to string failed for value \"{}\" (type Object) at path \"cityImage\", countryId: Path `countryId` is required.","name":"ValidationError"},"level":"error","message":"❌ uploadCities error","timestamp":"2025-08-27 21:06:44"}
{"level":"info","message":"📂 uploadCities: Processing file for countryId=68af1f57ffc875404e29adc5","timestamp":"2025-08-27 21:08:37"}
{"level":"info","message":"📑 Parsed 1 city records from Excel","timestamp":"2025-08-27 21:08:37"}
{"level":"info","message":"➡️ Processing city: Mumbai (Row 2)","timestamp":"2025-08-27 21:08:37"}
{"error":{"_message":"cities validation failed","errors":{"cityImage":{"kind":"string","message":"Cast to string failed for value \"{}\" (type Object) at path \"cityImage\"","name":"CastError","path":"cityImage","reason":null,"stringValue":"\"{}\"","value":{},"valueType":"Object"}},"message":"cities validation failed: cityImage: Cast to string failed for value \"{}\" (type Object) at path \"cityImage\"","name":"ValidationError"},"level":"error","message":"❌ uploadCities error","timestamp":"2025-08-27 21:08:37"}
{"level":"info","message":"📂 uploadCities: Processing file for countryId=68af1f57ffc875404e29adc5","timestamp":"2025-08-27 21:14:34"}
{"level":"info","message":"📑 Parsed 1 city records from Excel","timestamp":"2025-08-27 21:14:34"}
{"level":"info","message":"➡️ Processing city: Mumbai (Row 2)","timestamp":"2025-08-27 21:14:34"}
{"error":{"_message":"cities validation failed","errors":{"cityImage":{"kind":"string","message":"Cast to string failed for value \"{}\" (type Object) at path \"cityImage\"","name":"CastError","path":"cityImage","reason":null,"stringValue":"\"{}\"","value":{},"valueType":"Object"}},"message":"cities validation failed: cityImage: Cast to string failed for value \"{}\" (type Object) at path \"cityImage\"","name":"ValidationError"},"level":"error","message":"❌ uploadCities error","timestamp":"2025-08-27 21:14:34"}
{"level":"info","message":"addAdmin: userId=NEW_USER","timestamp":"2025-08-27 21:24:33"}
{"level":"info","message":"✅ File uploaded: starbucks_logo.webp → /uploads/e8797ec5-4163-4bb3-817e-5a582fc89a6c.webp","timestamp":"2025-08-27 21:24:33"}
{"level":"info","message":"📸 Uploaded profile image: /uploads/e8797ec5-4163-4bb3-817e-5a582fc89a6c.webp","timestamp":"2025-08-27 21:24:33"}
{"level":"info","message":"Created new user with id=68af2a3982abcdea191437ce","timestamp":"2025-08-27 21:24:33"}
{"level":"info","message":"addAdmin: userId=68af2a3982abcdea191437ce","timestamp":"2025-08-27 21:25:20"}
{"level":"info","message":"✅ File uploaded: starbucks_logo.webp → /uploads/554f8cd6-7c08-4a34-ab5b-ff169a286c11.webp","timestamp":"2025-08-27 21:25:20"}
{"level":"info","message":"📸 Uploaded profile image: /uploads/554f8cd6-7c08-4a34-ab5b-ff169a286c11.webp","timestamp":"2025-08-27 21:25:20"}
{"level":"info","message":"addAdmin: userId=68af2a3982abcdea191437ce","timestamp":"2025-08-27 21:26:22"}
{"level":"info","message":"✅ File uploaded: starbucks_logo.webp → /uploads/ea0cc3bc-0b93-4f14-bbed-84a9f292461e.webp","timestamp":"2025-08-27 21:26:22"}
{"level":"info","message":"📸 Uploaded profile image: /uploads/ea0cc3bc-0b93-4f14-bbed-84a9f292461e.webp","timestamp":"2025-08-27 21:26:22"}
{"level":"info","message":"🌍 getAllCountry request received","pageIndex":"0","pageSize":"10","searchText":"","timestamp":"2025-08-27 22:23:22"}
{"level":"info","message":"getAllCountry called with pageIndex=0, pageSize=10, searchText=","timestamp":"2025-08-27 22:23:22"}
{"level":"info","message":"MongoDB query for countries: {\"status\":1}","timestamp":"2025-08-27 22:23:22"}
{"level":"info","message":"Total countries found: 1","timestamp":"2025-08-27 22:23:22"}
{"level":"info","message":"Countries retrieved: 1","timestamp":"2025-08-27 22:23:22"}
{"level":"info","message":"Countries retrieved successfully","timestamp":"2025-08-27 22:23:22"}
{"level":"info","message":"✅ getAllCountry success, count=0","timestamp":"2025-08-27 22:23:22"}
{"level":"info","message":"✅ File uploaded: ryoan-ji-9500830_1280.jpg → /uploads/508675a1-716c-48f2-8cce-a490b137287f.jpg","timestamp":"2025-09-01 22:58:49"}
{"level":"info","message":"🌍 getAllCountry request received","pageIndex":"0","pageSize":"10","searchText":"","timestamp":"2025-09-02 10:33:36"}
{"level":"info","message":"getAllCountry called with pageIndex=0, pageSize=10, searchText=","timestamp":"2025-09-02 10:33:36"}
{"level":"info","message":"MongoDB query for countries: {\"status\":1}","timestamp":"2025-09-02 10:33:36"}
{"level":"info","message":"Total countries found: 2","timestamp":"2025-09-02 10:33:37"}
{"level":"info","message":"Countries retrieved: 2","timestamp":"2025-09-02 10:33:37"}
{"level":"info","message":"Countries retrieved successfully","timestamp":"2025-09-02 10:33:37"}
{"level":"info","message":"✅ getAllCountry success, count=0","timestamp":"2025-09-02 10:33:37"}
{"level":"info","message":"📝 blockUnblockUser called for ID: 68b672fbf354a691736db575 with status: 2","timestamp":"2025-09-02 11:16:09"}
{"level":"info","message":"✅ User 68b672fbf354a691736db575 status changed from 1 to 2","timestamp":"2025-09-02 11:16:10"}
{"level":"info","message":"ℹ️ Response message for user 68b672fbf354a691736db575: User deactivated successfully.","timestamp":"2025-09-02 11:16:10"}
{"level":"info","message":"📝 blockUnblockUser called for ID: 68b672fbf354a691736db575 with status: 2","timestamp":"2025-09-02 11:16:17"}
{"level":"info","message":"ℹ️ User 68b672fbf354a691736db575 already inactive","timestamp":"2025-09-02 11:16:17"}
{"level":"info","message":"📝 blockUnblockUser called for ID: 68b672fbf354a691736db575 with status: 1","timestamp":"2025-09-02 11:16:26"}
{"level":"info","message":"✅ User 68b672fbf354a691736db575 status changed from 2 to 1","timestamp":"2025-09-02 11:16:26"}
{"level":"info","message":"ℹ️ Response message for user 68b672fbf354a691736db575: User activated successfully.","timestamp":"2025-09-02 11:16:26"}
{"level":"error","message":"Error in getAllRole: CastError: Cast to Number failed for value \"\"\"\" (type string) at path \"status\" for model \"roles\"\n    at SchemaNumber.cast (D:\\Nitesh\\Client\\Project\\camel_project\\code\\local\\camel_api\\camel-admin-service\\node_modules\\mongoose\\lib\\schema\\number.js:381:11)\n    at SchemaType.applySetters (D:\\Nitesh\\Client\\Project\\camel_project\\code\\local\\camel_api\\camel-admin-service\\node_modules\\mongoose\\lib\\schemaType.js:1258:12)\n    at SchemaNumber.castForQuery (D:\\Nitesh\\Client\\Project\\camel_project\\code\\local\\camel_api\\camel-admin-service\\node_modules\\mongoose\\lib\\schema\\number.js:450:16)\n    at cast (D:\\Nitesh\\Client\\Project\\camel_project\\code\\local\\camel_api\\camel-admin-service\\node_modules\\mongoose\\lib\\cast.js:390:32)\n    at Query.cast (D:\\Nitesh\\Client\\Project\\camel_project\\code\\local\\camel_api\\camel-admin-service\\node_modules\\mongoose\\lib\\query.js:5060:12)\n    at Query._castConditions (D:\\Nitesh\\Client\\Project\\camel_project\\code\\local\\camel_api\\camel-admin-service\\node_modules\\mongoose\\lib\\query.js:2374:10)\n    at model.Query._find (D:\\Nitesh\\Client\\Project\\camel_project\\code\\local\\camel_api\\camel-admin-service\\node_modules\\mongoose\\lib\\query.js:2401:8)\n    at model.Query.exec (D:\\Nitesh\\Client\\Project\\camel_project\\code\\local\\camel_api\\camel-admin-service\\node_modules\\mongoose\\lib\\query.js:4627:80)\n    at process.processTicksAndRejections (node:internal/process/task_queues:105:5)\n    at async Promise.all (index 0)","timestamp":"2025-10-16 12:02:57"}
{"level":"info","message":"getAllUsers called","pageIndex":0,"pageSize":10,"searchText":"","timestamp":"2025-10-16 12:18:53"}
{"error":{},"level":"error","message":"❌ getAllUsers service error","timestamp":"2025-10-16 12:18:53"}
{"level":"info","message":"getAllUsers called","pageIndex":0,"pageSize":10,"searchText":"","timestamp":"2025-10-16 12:19:43"}
{"error":{},"level":"error","message":"❌ getAllUsers service error","timestamp":"2025-10-16 12:19:43"}
{"level":"info","message":"getAllUsers called","pageIndex":0,"pageSize":10,"searchText":"","timestamp":"2025-10-16 12:22:28"}
{"level":"info","message":"Fetching all users without search filter","timestamp":"2025-10-16 12:22:28"}
{"level":"info","message":"Pagination applied: skip=0, limit=10","timestamp":"2025-10-16 12:22:28"}
{"level":"info","message":"✅ Found 3 users","timestamp":"2025-10-16 12:22:28"}
{"level":"info","message":"getAllUsers called","pageIndex":0,"pageSize":10,"searchText":"","timestamp":"2025-10-16 12:22:50"}
{"level":"info","message":"Fetching all users without search filter","timestamp":"2025-10-16 12:22:50"}
{"level":"info","message":"Pagination applied: skip=0, limit=10","timestamp":"2025-10-16 12:22:50"}
{"level":"info","message":"✅ Found 3 users","timestamp":"2025-10-16 12:22:50"}
{"level":"info","message":"getAllUsers called","pageIndex":0,"pageSize":10,"searchText":"","timestamp":"2025-10-16 12:22:58"}
{"level":"info","message":"Fetching all users without search filter","timestamp":"2025-10-16 12:22:58"}
{"level":"info","message":"Pagination applied: skip=0, limit=10","timestamp":"2025-10-16 12:22:58"}
{"level":"info","message":"✅ Found 3 users","timestamp":"2025-10-16 12:22:59"}
{"level":"info","message":"getAllUsers called","pageIndex":0,"pageSize":10,"searchText":"","timestamp":"2025-10-16 12:23:02"}
{"level":"info","message":"Fetching all users without search filter","timestamp":"2025-10-16 12:23:02"}
{"level":"info","message":"Pagination applied: skip=0, limit=10","timestamp":"2025-10-16 12:23:02"}
{"level":"info","message":"✅ Found 3 users","timestamp":"2025-10-16 12:23:02"}
{"level":"info","message":"getAllUsers called","pageIndex":0,"pageSize":10,"searchText":"","timestamp":"2025-10-16 12:23:07"}
{"level":"info","message":"Fetching all users without search filter","timestamp":"2025-10-16 12:23:07"}
{"level":"info","message":"Pagination applied: skip=0, limit=10","timestamp":"2025-10-16 12:23:07"}
{"level":"info","message":"✅ Found 3 users","timestamp":"2025-10-16 12:23:07"}
{"level":"info","message":"getAllUsers called","pageIndex":0,"pageSize":10,"searchText":"","timestamp":"2025-10-16 12:23:47"}
{"level":"info","message":"Fetching all users without search filter","timestamp":"2025-10-16 12:23:47"}
{"level":"info","message":"Pagination applied: skip=0, limit=10","timestamp":"2025-10-16 12:23:47"}
{"level":"info","message":"✅ Found 2 users","timestamp":"2025-10-16 12:23:48"}
{"level":"info","message":"getAllUsers called","pageIndex":0,"pageSize":10,"searchText":"","timestamp":"2025-10-16 12:23:54"}
{"level":"info","message":"Fetching all users without search filter","timestamp":"2025-10-16 12:23:54"}
{"level":"info","message":"Pagination applied: skip=0, limit=10","timestamp":"2025-10-16 12:23:54"}
{"level":"info","message":"✅ Found 2 users","timestamp":"2025-10-16 12:23:54"}
{"level":"info","message":"getAllUsers called","pageIndex":0,"pageSize":10,"searchText":"","timestamp":"2025-10-16 12:23:58"}
{"level":"info","message":"Fetching all users without search filter","timestamp":"2025-10-16 12:23:58"}
{"level":"info","message":"Pagination applied: skip=0, limit=10","timestamp":"2025-10-16 12:23:58"}
{"level":"info","message":"✅ Found 2 users","timestamp":"2025-10-16 12:23:59"}
{"level":"info","message":"getAllUsers called","pageIndex":0,"pageSize":10,"searchText":"","timestamp":"2025-10-16 12:24:25"}
{"level":"info","message":"Fetching all users without search filter","timestamp":"2025-10-16 12:24:25"}
{"level":"info","message":"Pagination applied: skip=0, limit=10","timestamp":"2025-10-16 12:24:25"}
{"level":"info","message":"✅ Found 3 users","timestamp":"2025-10-16 12:24:25"}
{"level":"info","message":"getAllUsers called","pageIndex":0,"pageSize":10,"searchText":"","timestamp":"2025-10-16 12:26:09"}
{"level":"info","message":"Fetching all users without search filter","timestamp":"2025-10-16 12:26:09"}
{"level":"info","message":"Pagination applied: skip=0, limit=10","timestamp":"2025-10-16 12:26:09"}
{"level":"info","message":"✅ Found 3 users","timestamp":"2025-10-16 12:26:10"}
{"level":"info","message":"getAllUsers called","pageIndex":0,"pageSize":10,"searchText":"","timestamp":"2025-10-16 12:27:18"}
{"level":"info","message":"Fetching all users without search filter","timestamp":"2025-10-16 12:27:18"}
{"level":"info","message":"Pagination applied: skip=0, limit=10","timestamp":"2025-10-16 12:27:18"}
{"level":"info","message":"✅ Found 3 users","timestamp":"2025-10-16 12:27:19"}
{"level":"info","message":"getAllUsers called","pageIndex":0,"pageSize":10,"searchText":"","timestamp":"2025-10-16 12:27:47"}
{"level":"info","message":"Fetching all users without search filter","timestamp":"2025-10-16 12:27:47"}
{"level":"info","message":"Pagination applied: skip=0, limit=10","timestamp":"2025-10-16 12:27:47"}
{"level":"info","message":"✅ Found 3 users","timestamp":"2025-10-16 12:27:48"}
{"level":"info","message":"getAllUsers called","pageIndex":0,"pageSize":10,"searchText":"","timestamp":"2025-10-16 12:27:57"}
{"level":"info","message":"Fetching all users without search filter","timestamp":"2025-10-16 12:27:57"}
{"level":"info","message":"Pagination applied: skip=0, limit=10","timestamp":"2025-10-16 12:27:57"}
{"level":"info","message":"✅ Found 3 users","timestamp":"2025-10-16 12:27:57"}
{"level":"info","message":"getAllUsers called","pageIndex":0,"pageSize":10,"searchText":"","timestamp":"2025-10-16 12:28:01"}
{"level":"info","message":"Fetching all users without search filter","timestamp":"2025-10-16 12:28:01"}
{"level":"info","message":"Pagination applied: skip=0, limit=10","timestamp":"2025-10-16 12:28:01"}
{"level":"info","message":"✅ Found 3 users","timestamp":"2025-10-16 12:28:01"}
{"level":"info","message":"getAllUsers called","pageIndex":0,"pageSize":10,"searchText":"","timestamp":"2025-10-16 12:28:05"}
{"level":"info","message":"Fetching all users without search filter","timestamp":"2025-10-16 12:28:05"}
{"level":"info","message":"Pagination applied: skip=0, limit=10","timestamp":"2025-10-16 12:28:05"}
{"level":"info","message":"✅ Found 3 users","timestamp":"2025-10-16 12:28:06"}
{"level":"info","message":"getAllUsers called","pageIndex":0,"pageSize":10,"searchText":"","timestamp":"2025-10-16 12:28:08"}
{"level":"info","message":"Fetching all users without search filter","timestamp":"2025-10-16 12:28:08"}
{"level":"info","message":"Pagination applied: skip=0, limit=10","timestamp":"2025-10-16 12:28:08"}
{"level":"info","message":"✅ Found 3 users","timestamp":"2025-10-16 12:28:08"}
{"level":"info","message":"getAllUsers called","pageIndex":0,"pageSize":10,"searchText":"","timestamp":"2025-10-16 12:29:37"}
{"level":"info","message":"Fetching all users without search filter","timestamp":"2025-10-16 12:29:37"}
{"level":"info","message":"Pagination applied: skip=0, limit=10","timestamp":"2025-10-16 12:29:37"}
{"level":"info","message":"✅ Found 3 users","timestamp":"2025-10-16 12:29:37"}
{"level":"info","message":"getAllUsers called","pageIndex":0,"pageSize":10,"searchText":"","timestamp":"2025-10-16 12:29:39"}
{"level":"info","message":"Fetching all users without search filter","timestamp":"2025-10-16 12:29:39"}
{"level":"info","message":"Pagination applied: skip=0, limit=10","timestamp":"2025-10-16 12:29:39"}
{"level":"info","message":"✅ Found 3 users","timestamp":"2025-10-16 12:29:40"}
{"level":"info","message":"getAllUsers called","pageIndex":0,"pageSize":10,"searchText":"","timestamp":"2025-10-16 12:31:34"}
{"level":"info","message":"Fetching all users without search filter","timestamp":"2025-10-16 12:31:34"}
{"level":"info","message":"Pagination applied: skip=0, limit=10","timestamp":"2025-10-16 12:31:34"}
{"level":"info","message":"getAllUsers called","pageIndex":0,"pageSize":10,"searchText":"","timestamp":"2025-10-16 12:31:35"}
{"level":"info","message":"Fetching all users without search filter","timestamp":"2025-10-16 12:31:35"}
{"level":"info","message":"Pagination applied: skip=0, limit=10","timestamp":"2025-10-16 12:31:35"}
{"level":"info","message":"✅ Found 3 users","timestamp":"2025-10-16 12:31:35"}
{"level":"info","message":"✅ Found 3 users","timestamp":"2025-10-16 12:31:36"}
{"level":"info","message":"getAllUsers called","pageIndex":0,"pageSize":10,"searchText":"","timestamp":"2025-10-16 12:34:48"}
{"level":"info","message":"Fetching all users without search filter","timestamp":"2025-10-16 12:34:48"}
{"level":"info","message":"Pagination applied: skip=0, limit=10","timestamp":"2025-10-16 12:34:48"}
{"level":"info","message":"getAllUsers called","pageIndex":0,"pageSize":10,"searchText":"","timestamp":"2025-10-16 12:34:48"}
{"level":"info","message":"Fetching all users without search filter","timestamp":"2025-10-16 12:34:48"}
{"level":"info","message":"Pagination applied: skip=0, limit=10","timestamp":"2025-10-16 12:34:48"}
{"level":"info","message":"✅ Found 3 users","timestamp":"2025-10-16 12:34:50"}
{"level":"info","message":"getAllUsers called","pageIndex":0,"pageSize":10,"searchText":"","timestamp":"2025-10-16 12:34:50"}
{"level":"info","message":"Fetching all users without search filter","timestamp":"2025-10-16 12:34:50"}
{"level":"info","message":"Pagination applied: skip=0, limit=10","timestamp":"2025-10-16 12:34:50"}
{"level":"info","message":"✅ Found 3 users","timestamp":"2025-10-16 12:34:50"}
{"level":"info","message":"✅ Found 3 users","timestamp":"2025-10-16 12:34:51"}
{"level":"info","message":"getAllUsers called","pageIndex":0,"pageSize":10,"searchText":"","timestamp":"2025-10-16 12:34:55"}
{"level":"info","message":"Fetching all users without search filter","timestamp":"2025-10-16 12:34:55"}
{"level":"info","message":"Pagination applied: skip=0, limit=10","timestamp":"2025-10-16 12:34:55"}
{"level":"info","message":"✅ Found 3 users","timestamp":"2025-10-16 12:34:55"}
{"level":"info","message":"getAllUsers called","pageIndex":0,"pageSize":10,"searchText":"","timestamp":"2025-10-16 12:34:59"}
{"level":"info","message":"Fetching all users without search filter","timestamp":"2025-10-16 12:34:59"}
{"level":"info","message":"Pagination applied: skip=0, limit=10","timestamp":"2025-10-16 12:34:59"}
{"level":"info","message":"✅ Found 3 users","timestamp":"2025-10-16 12:34:59"}
{"level":"info","message":"getAllUsers called","pageIndex":0,"pageSize":10,"searchText":"","timestamp":"2025-10-16 12:36:20"}
{"level":"info","message":"Fetching all users without search filter","timestamp":"2025-10-16 12:36:20"}
{"level":"info","message":"Pagination applied: skip=0, limit=10","timestamp":"2025-10-16 12:36:20"}
{"level":"info","message":"✅ Found 3 users","timestamp":"2025-10-16 12:36:21"}
{"level":"info","message":"getAllUsers called","pageIndex":0,"pageSize":10,"searchText":"","timestamp":"2025-10-27 17:19:18"}
{"level":"info","message":"Fetching all users without search filter","timestamp":"2025-10-27 17:19:18"}
{"level":"info","message":"Pagination applied: skip=0, limit=10","timestamp":"2025-10-27 17:19:18"}
{"level":"info","message":"✅ Found 5 users","timestamp":"2025-10-27 17:19:22"}
{"level":"info","message":"Fetching content for type=privacy_policy","timestamp":"2025-11-03 19:18:17"}
{"level":"info","message":"Fetching content for type=privacy_policy","timestamp":"2025-11-04 09:14:21"}
{"level":"info","message":"getContentByType called","timestamp":"2025-11-04 09:14:21","type":"privacy_policy"}
{"level":"info","message":"✅ Content fetched successfully for type=privacy_policy","timestamp":"2025-11-04 09:14:22"}
{"error":{"code":"ERR_HTTP_INVALID_STATUS_CODE"},"level":"error","message":"getContent controller error","timestamp":"2025-11-04 09:14:22"}
{"level":"info","message":"📄 Fetching content for type=privacy_policy","timestamp":"2025-11-04 09:15:33"}
{"level":"info","message":"getContentByType called","timestamp":"2025-11-04 09:15:33","type":"privacy_policy"}
{"level":"info","message":"✅ Content fetched successfully for type=privacy_policy","timestamp":"2025-11-04 09:15:33"}
{"level":"info","message":"📄 Fetching content for type=privacy_policy","timestamp":"2025-11-04 09:16:21"}
{"level":"info","message":"getContentByType called","timestamp":"2025-11-04 09:16:21","type":"privacy_policy"}
{"level":"info","message":"✅ Content fetched successfully for type=privacy_policy","timestamp":"2025-11-04 09:16:21"}
{"level":"info","message":"📄 Fetching content for type=privacy_policy","timestamp":"2025-11-04 09:19:20"}
{"level":"info","message":"getContentByType called","timestamp":"2025-11-04 09:19:20","type":"privacy_policy"}
{"level":"info","message":"✅ Content fetched successfully for type=privacy_policy","timestamp":"2025-11-04 09:19:21"}
{"level":"info","message":"addSound: soundId=NEW_SOUND","timestamp":"2025-11-18 08:49:12"}
{"level":"info","message":"✅ File uploaded: starbucks_logo.webp → http://13.61.199.168/camel/files/ec16a0fe-22bf-46cd-a73e-fe79df6dc73d.webp","timestamp":"2025-11-18 08:49:12"}
{"level":"info","message":"🔊 Uploaded sound file: http://13.61.199.168/camel/files/ec16a0fe-22bf-46cd-a73e-fe79df6dc73d.webp","timestamp":"2025-11-18 08:49:12"}
{"level":"info","message":"Created new sound with id=691be5b0a8cb4371be3af58e","timestamp":"2025-11-18 08:49:12"}
{"level":"error","message":"Error in getAllSound: ReferenceError: DataConstant is not defined\n    at Object.getAllSound (D:\\Nitesh\\Client\\Project\\camel_project\\code\\local\\camel_api\\camel-admin-service\\src\\services\\SoundService.js:70:23)\n    at exports.getAllSound (D:\\Nitesh\\Client\\Project\\camel_project\\code\\local\\camel_api\\camel-admin-service\\src\\controllers\\SoundController.js:23:39)\n    at Layer.handle [as handle_request] (D:\\Nitesh\\Client\\Project\\camel_project\\code\\local\\camel_api\\camel-admin-service\\node_modules\\express\\lib\\router\\layer.js:95:5)\n    at next (D:\\Nitesh\\Client\\Project\\camel_project\\code\\local\\camel_api\\camel-admin-service\\node_modules\\express\\lib\\router\\route.js:149:13)\n    at Route.dispatch (D:\\Nitesh\\Client\\Project\\camel_project\\code\\local\\camel_api\\camel-admin-service\\node_modules\\express\\lib\\router\\route.js:119:3)\n    at Layer.handle [as handle_request] (D:\\Nitesh\\Client\\Project\\camel_project\\code\\local\\camel_api\\camel-admin-service\\node_modules\\express\\lib\\router\\layer.js:95:5)\n    at D:\\Nitesh\\Client\\Project\\camel_project\\code\\local\\camel_api\\camel-admin-service\\node_modules\\express\\lib\\router\\index.js:284:15\n    at Function.process_params (D:\\Nitesh\\Client\\Project\\camel_project\\code\\local\\camel_api\\camel-admin-service\\node_modules\\express\\lib\\router\\index.js:346:12)\n    at next (D:\\Nitesh\\Client\\Project\\camel_project\\code\\local\\camel_api\\camel-admin-service\\node_modules\\express\\lib\\router\\index.js:280:10)\n    at Function.handle (D:\\Nitesh\\Client\\Project\\camel_project\\code\\local\\camel_api\\camel-admin-service\\node_modules\\express\\lib\\router\\index.js:175:3)","timestamp":"2025-11-18 09:02:17"}
{"level":"error","message":"Error in getAllSound: ReferenceError: Sound is not defined\n    at Object.getAllSound (D:\\Nitesh\\Client\\Project\\camel_project\\code\\local\\camel_api\\camel-admin-service\\src\\services\\SoundService.js:122:7)\n    at exports.getAllSound (D:\\Nitesh\\Client\\Project\\camel_project\\code\\local\\camel_api\\camel-admin-service\\src\\controllers\\SoundController.js:23:39)\n    at Layer.handle [as handle_request] (D:\\Nitesh\\Client\\Project\\camel_project\\code\\local\\camel_api\\camel-admin-service\\node_modules\\express\\lib\\router\\layer.js:95:5)\n    at next (D:\\Nitesh\\Client\\Project\\camel_project\\code\\local\\camel_api\\camel-admin-service\\node_modules\\express\\lib\\router\\route.js:149:13)\n    at Route.dispatch (D:\\Nitesh\\Client\\Project\\camel_project\\code\\local\\camel_api\\camel-admin-service\\node_modules\\express\\lib\\router\\route.js:119:3)\n    at Layer.handle [as handle_request] (D:\\Nitesh\\Client\\Project\\camel_project\\code\\local\\camel_api\\camel-admin-service\\node_modules\\express\\lib\\router\\layer.js:95:5)\n    at D:\\Nitesh\\Client\\Project\\camel_project\\code\\local\\camel_api\\camel-admin-service\\node_modules\\express\\lib\\router\\index.js:284:15\n    at Function.process_params (D:\\Nitesh\\Client\\Project\\camel_project\\code\\local\\camel_api\\camel-admin-service\\node_modules\\express\\lib\\router\\index.js:346:12)\n    at next (D:\\Nitesh\\Client\\Project\\camel_project\\code\\local\\camel_api\\camel-admin-service\\node_modules\\express\\lib\\router\\index.js:280:10)\n    at Function.handle (D:\\Nitesh\\Client\\Project\\camel_project\\code\\local\\camel_api\\camel-admin-service\\node_modules\\express\\lib\\router\\index.js:175:3)","timestamp":"2025-11-18 09:03:04"}
{"level":"info","message":"addSound: soundId=NEW_SOUND","timestamp":"2025-11-18 09:05:27"}
{"level":"info","message":"✅ File uploaded: ryoan-ji-9500830_1280.jpg → http://13.61.199.168/camel/files/44a74af8-d3d7-48dd-9812-3aee535b1f6e.jpg","timestamp":"2025-11-18 09:05:27"}
{"level":"info","message":"🔊 Uploaded sound file: http://13.61.199.168/camel/files/44a74af8-d3d7-48dd-9812-3aee535b1f6e.jpg","timestamp":"2025-11-18 09:05:27"}
{"level":"info","message":"Created new sound with id=691be97fb996a5fb26c45604","timestamp":"2025-11-18 09:05:28"}
{"level":"info","message":"addSound: soundId=NEW_SOUND","timestamp":"2025-11-18 09:06:29"}
{"level":"info","message":"✅ File uploaded: ryoan-ji-9500830_1280.jpg → http://13.61.199.168/camel/files/e04b78c0-a2a3-43bf-89cf-91d69605f193.jpg","timestamp":"2025-11-18 09:06:29"}
{"level":"info","message":"🔊 Uploaded sound file: http://13.61.199.168/camel/files/e04b78c0-a2a3-43bf-89cf-91d69605f193.jpg","timestamp":"2025-11-18 09:06:29"}
{"level":"info","message":"Created new sound with id=691be9bd61876785e4a7ef5a","timestamp":"2025-11-18 09:06:29"}
{"level":"error","message":"Error in getAllSound: ReferenceError: SOund is not defined\n    at Object.getAllSound (D:\\Nitesh\\Client\\Project\\camel_project\\code\\local\\camel_api\\camel-admin-service\\src\\services\\SoundService.js:131:27)\n    at process.processTicksAndRejections (node:internal/process/task_queues:105:5)\n    at async exports.getAllSound (D:\\Nitesh\\Client\\Project\\camel_project\\code\\local\\camel_api\\camel-admin-service\\src\\controllers\\SoundController.js:23:20)","timestamp":"2025-11-18 09:10:50"}
{"level":"error","message":"Error in blockUnblockSound: CastError: Cast to ObjectId failed for value \"{\n  id: '691be5b0a8cb4371be3af58e',\n  status: 1,\n  remark: 'Blocked due to policy violation'\n}\" (type Object) at path \"_id\" for model \"sound\"\n    at SchemaObjectId.cast (D:\\Nitesh\\Client\\Project\\camel_project\\code\\local\\camel_api\\camel-admin-service\\node_modules\\mongoose\\lib\\schema\\objectId.js:251:11)\n    at SchemaType.applySetters (D:\\Nitesh\\Client\\Project\\camel_project\\code\\local\\camel_api\\camel-admin-service\\node_modules\\mongoose\\lib\\schemaType.js:1258:12)\n    at SchemaType.castForQuery (D:\\Nitesh\\Client\\Project\\camel_project\\code\\local\\camel_api\\camel-admin-service\\node_modules\\mongoose\\lib\\schemaType.js:1694:17)\n    at cast (D:\\Nitesh\\Client\\Project\\camel_project\\code\\local\\camel_api\\camel-admin-service\\node_modules\\mongoose\\lib\\cast.js:319:34)\n    at Query.cast (D:\\Nitesh\\Client\\Project\\camel_project\\code\\local\\camel_api\\camel-admin-service\\node_modules\\mongoose\\lib\\query.js:5060:12)\n    at Query._castConditions (D:\\Nitesh\\Client\\Project\\camel_project\\code\\local\\camel_api\\camel-admin-service\\node_modules\\mongoose\\lib\\query.js:2374:10)\n    at model.Query._findOne (D:\\Nitesh\\Client\\Project\\camel_project\\code\\local\\camel_api\\camel-admin-service\\node_modules\\mongoose\\lib\\query.js:2697:8)\n    at model.Query.exec (D:\\Nitesh\\Client\\Project\\camel_project\\code\\local\\camel_api\\camel-admin-service\\node_modules\\mongoose\\lib\\query.js:4627:80)\n    at process.processTicksAndRejections (node:internal/process/task_queues:105:5)\n    at async Object.blockUnblockSound (D:\\Nitesh\\Client\\Project\\camel_project\\code\\local\\camel_api\\camel-admin-service\\src\\services\\SoundService.js:163:19)","timestamp":"2025-11-18 14:31:46"}
{"level":"info","message":"addSound: soundId=691be5b0a8cb4371be3af58e","timestamp":"2025-11-18 15:02:13"}
{"level":"info","message":"✅ File uploaded: starbucks_logo.webp → http://13.61.199.168/camel/files/a8ab72b5-1d2b-4ddd-997d-362c6aa2c574.webp","timestamp":"2025-11-18 15:02:13"}
{"level":"info","message":"🔊 Uploaded sound file: http://13.61.199.168/camel/files/a8ab72b5-1d2b-4ddd-997d-362c6aa2c574.webp","timestamp":"2025-11-18 15:02:13"}
{"level":"info","message":"addSound: soundId=NEW_SOUND","timestamp":"2025-11-18 15:02:52"}
{"level":"info","message":"✅ File uploaded: starbucks_logo.webp → http://13.61.199.168/camel/files/843db548-5348-4f4f-b276-a8d7f0377a15.webp","timestamp":"2025-11-18 15:02:52"}
{"level":"info","message":"🔊 Uploaded sound file: http://13.61.199.168/camel/files/843db548-5348-4f4f-b276-a8d7f0377a15.webp","timestamp":"2025-11-18 15:02:52"}
{"level":"info","message":"Created new sound with id=691c3d4428b03fe13f780b05","timestamp":"2025-11-18 15:02:53"}
{"level":"info","message":"getAllUsers called","pageIndex":0,"pageSize":10,"searchText":"","timestamp":"2025-12-02 09:26:43"}
{"level":"info","message":"Fetching all users without search filter","timestamp":"2025-12-02 09:26:43"}
{"level":"info","message":"Pagination applied: skip=0, limit=10","timestamp":"2025-12-02 09:26:43"}
{"level":"info","message":"✅ Found 5 users","timestamp":"2025-12-02 09:26:45"}
{"level":"info","message":"getAllUsers called","pageIndex":0,"pageSize":10,"searchText":"","timestamp":"2025-12-02 09:27:04"}
{"level":"info","message":"Fetching all users without search filter","timestamp":"2025-12-02 09:27:04"}
{"level":"info","message":"Pagination applied: skip=0, limit=10","timestamp":"2025-12-02 09:27:04"}
{"level":"info","message":"✅ Found 5 users","timestamp":"2025-12-02 09:27:05"}
{"level":"info","message":"getAllUsers called","pageIndex":0,"pageSize":10,"searchText":"","timestamp":"2025-12-02 09:27:18"}
{"level":"info","message":"Fetching all users without search filter","timestamp":"2025-12-02 09:27:18"}
{"level":"info","message":"Pagination applied: skip=0, limit=10","timestamp":"2025-12-02 09:27:18"}
{"level":"info","message":"✅ Found 5 users","timestamp":"2025-12-02 09:27:19"}
{"level":"info","message":"getAllUsers called","pageIndex":0,"pageSize":10,"searchText":"","timestamp":"2025-12-02 09:27:46"}
{"level":"info","message":"Fetching all users without search filter","timestamp":"2025-12-02 09:27:46"}
{"level":"info","message":"Pagination applied: skip=0, limit=10","timestamp":"2025-12-02 09:27:46"}
{"level":"info","message":"✅ Found 5 users","timestamp":"2025-12-02 09:27:48"}
{"body":{},"level":"info","message":"📥 [getAllUsers] Incoming request","query":{"pageIndex":"0","pageSize":"10","searchText":"John"},"timestamp":"2025-12-02 09:30:45"}
{"level":"info","message":"🔍 [getAllUsers] Parsed filters","pageIndex":0,"pageSize":10,"searchText":"","timestamp":"2025-12-02 09:30:45"}
{"level":"info","message":"getAllUsers called","pageIndex":0,"pageSize":10,"searchText":"","timestamp":"2025-12-02 09:30:45"}
{"level":"info","message":"Fetching all users without search filter","timestamp":"2025-12-02 09:30:45"}
{"level":"info","message":"Pagination applied: skip=0, limit=10","timestamp":"2025-12-02 09:30:45"}
{"level":"info","message":"✅ Found 5 users","timestamp":"2025-12-02 09:30:46"}
{"level":"info","message":"✅ [getAllUsers] Service response received","responseCode":200,"timestamp":"2025-12-02 09:30:46"}
{"body":{},"level":"info","message":"📥 [getAllUsers] Incoming request","query":{"pageIndex":"0","pageSize":"10","searchText":"John"},"timestamp":"2025-12-02 09:31:59"}
{"level":"info","message":"🔍 [getAllUsers] Parsed filters","pageIndex":0,"pageSize":10,"searchText":"John","timestamp":"2025-12-02 09:31:59"}
{"level":"info","message":"getAllUsers called","pageIndex":0,"pageSize":10,"searchText":"John","timestamp":"2025-12-02 09:31:59"}
{"level":"info","message":"Searching users with text=\"John\"","timestamp":"2025-12-02 09:31:59"}
{"level":"info","message":"Pagination applied: skip=0, limit=10","timestamp":"2025-12-02 09:31:59"}
{"level":"info","message":"✅ Found 1 users","timestamp":"2025-12-02 09:32:00"}
{"level":"info","message":"✅ [getAllUsers] Service response received","responseCode":200,"timestamp":"2025-12-02 09:32:00"}
{"level":"info","message":"findByCountryCodeAndMobileNumber: +911234567890","timestamp":"2026-01-20 10:46:45"}
{"level":"warn","message":"⚠️ No user found for +911234567890","timestamp":"2026-01-20 10:46:46"}
{"level":"info","message":"findByCountryCodeAndMobileNumber: +9665432125456","timestamp":"2026-01-20 10:47:06"}
{"level":"info","message":"✅ User exists","timestamp":"2026-01-20 10:47:06"}
{"level":"info","message":"requestOtp for +9665432125456","timestamp":"2026-01-20 10:47:06"}
{"level":"info","message":"[DEV OTP] +9665432125456 -> 3951","timestamp":"2026-01-20 10:47:07"}
{"level":"info","message":"verifyOtp for otp:+9665432125456","timestamp":"2026-01-20 10:47:30"}
{"level":"info","message":"findByCountryCodeAndMobileNumber: +9665432125456","timestamp":"2026-01-20 10:47:30"}
{"level":"info","message":"✅ User exists","timestamp":"2026-01-20 10:47:30"}
{"level":"info","message":"✅ OTP verified for otp:+9665432125456","timestamp":"2026-01-20 10:47:30"}
{"level":"info","message":"Logout initiated","timestamp":"2026-01-20 10:47:54","token":"eyJhbGciOiJIUzI1NiIsInR5cCI6IkpXVCJ9.eyJjb3VudHJ5Q29kZSI6Iis5NjYiLCJtb2JpbGVOdW1iZXIiOiI1NDMyMTI1NDU2IiwiaWF0IjoxNzY4ODg2MjUwLCJleHAiOjE3NzE0NzgyNTB9.nElxbKI2A6bJqLIGrG4_v624vv5EmoZLKq59nZHRb9A"}
{"level":"info","message":"Active session found for logout","sessionId":"696f0fea649944a142d7a2d1","timestamp":"2026-01-20 10:47:55","userId":"68b672fbf354a691736db575"}
{"level":"info","logoutAt":"2026-01-20T05:17:55.015Z","message":"User session closed successfully","sessionId":"696f0fea649944a142d7a2d1","timestamp":"2026-01-20 10:47:55"}
{"level":"info","message":"Logout completed successfully","timestamp":"2026-01-20 10:47:55","userId":"68b672fbf354a691736db575"}
{"level":"info","message":"findByCountryCodeAndMobileNumber: +9665432125456","timestamp":"2026-01-20 10:48:51"}
{"level":"info","message":"✅ User exists","timestamp":"2026-01-20 10:48:52"}
{"level":"info","message":"requestOtp for +9665432125456","timestamp":"2026-01-20 10:48:52"}
{"level":"info","message":"[DEV OTP] +9665432125456 -> 9464","timestamp":"2026-01-20 10:48:53"}
{"level":"info","message":"verifyOtp for otp:+9665432125456","timestamp":"2026-01-20 10:49:02"}
{"level":"info","message":"findByCountryCodeAndMobileNumber: +9665432125456","timestamp":"2026-01-20 10:49:02"}
{"level":"info","message":"✅ User exists","timestamp":"2026-01-20 10:49:02"}
{"level":"info","message":"✅ OTP verified for otp:+9665432125456","timestamp":"2026-01-20 10:49:02"}
{"level":"info","message":"📝 Updating content for type=terms_conditions","timestamp":"2026-02-04 17:10:30"}
{"level":"info","message":"updateContent called","timestamp":"2026-02-04 17:10:30","type":"terms_conditions"}
{"level":"info","message":"✅ Content updated successfully for type=terms_conditions","timestamp":"2026-02-04 17:10:30"}
{"level":"info","message":"📝 Updating content for type=terms_conditions","timestamp":"2026-02-05 09:26:56"}
{"level":"info","message":"updateContent called","timestamp":"2026-02-05 09:26:56","type":"terms_conditions"}
{"level":"info","message":"✅ Content updated successfully for type=terms_conditions","timestamp":"2026-02-05 09:26:56"}
{"level":"info","message":"📝 Updating content for type=terms_conditions","timestamp":"2026-02-05 09:27:42"}
{"level":"info","message":"updateContent called","timestamp":"2026-02-05 09:27:42","type":"terms_conditions"}
{"level":"info","message":"✅ Content updated successfully for type=terms_conditions","timestamp":"2026-02-05 09:27:43"}
{"level":"info","message":"📄 Fetching content for type=privacy_policy","timestamp":"2026-04-13 14:52:52"}
{"lang":"en","level":"info","message":"getContentByType called","timestamp":"2026-04-13 14:52:52","type":"privacy_policy"}
{"level":"warn","message":"⚠️ No content found for type=privacy_policy with lang = en","timestamp":"2026-04-13 14:52:52"}
{"level":"info","message":"📄 Fetching content for type=privacy_policy","timestamp":"2026-04-13 14:52:57"}
{"level":"info","message":"getContentByType called","timestamp":"2026-04-13 14:52:57","type":"privacy_policy"}
{"level":"info","message":"✅ Content fetched successfully for type=privacy_policy with lang = undefined","timestamp":"2026-04-13 14:52:58"}
{"level":"info","message":"📄 Fetching content for type=privacy_policy","timestamp":"2026-04-13 14:57:47"}
{"lang":"en","level":"info","message":"getContentByType called","timestamp":"2026-04-13 14:57:47","type":"privacy_policy"}
{"level":"info","message":"✅ Content fetched successfully for type=privacy_policy with lang = en","timestamp":"2026-04-13 14:57:48"}
{"level":"info","message":"📄 Fetching content for type=privacy_policy","timestamp":"2026-04-13 14:57:52"}
{"lang":"ar","level":"info","message":"getContentByType called","timestamp":"2026-04-13 14:57:52","type":"privacy_policy"}
{"level":"warn","message":"⚠️ No content found for type=privacy_policy with lang = ar","timestamp":"2026-04-13 14:57:52"}
{"body":{"id":"","moduleCode":"role","moduleName":"Role","parentModuleName":"role"},"level":"info","message":"🎯 addModule request received","timestamp":"2026-05-08 12:38:59"}
{"level":"info","message":"addModule called","moduleRequest":{"id":"","moduleCode":"role","moduleName":"Role","parentModuleName":"role"},"timestamp":"2026-05-08 12:38:59"}
{"level":"info","message":"Creating new module","moduleCode":"role","moduleName":"Role","timestamp":"2026-05-08 12:38:59"}
{"id":"69fd8c0b74544004846eacc0","level":"info","message":"✅ Module created successfully","timestamp":"2026-05-08 12:38:59"}
{"level":"info","message":"✅ addModule response","result":{"message":"Module created","responseBody":{"addAction":0,"createdAt":"08-05-2026 12:38:59","deleteAction":0,"downloadAction":0,"id":"69fd8c0b74544004846eacc0","moduleCode":"role","moduleName":"Role","parentModuleName":"role","status":1,"updateAction":0,"updatedAt":"08-05-2026 12:38:59","viewAction":0},"responseCode":200},"timestamp":"2026-05-08 12:38:59"}
{"body":{"id":"","moduleCode":"dashboard","moduleName":"Dashboard","parentModuleName":"dashboard"},"level":"info","message":"🎯 addModule request received","timestamp":"2026-05-08 13:23:03"}
{"level":"info","message":"addModule called","moduleRequest":{"id":"","moduleCode":"dashboard","moduleName":"Dashboard","parentModuleName":"dashboard"},"timestamp":"2026-05-08 13:23:03"}
{"level":"info","message":"Creating new module","moduleCode":"dashboard","moduleName":"Dashboard","timestamp":"2026-05-08 13:23:03"}
{"id":"69fd965fba4ad6de74dc11e4","level":"info","message":"✅ Module created successfully","timestamp":"2026-05-08 13:23:03"}
{"level":"info","message":"✅ addModule response","result":{"message":"Module created","responseBody":{"addAction":0,"createdAt":"08-05-2026 13:23:03","deleteAction":0,"downloadAction":0,"id":"69fd965fba4ad6de74dc11e4","moduleCode":"dashboard","moduleName":"Dashboard","parentModuleName":"dashboard","status":1,"updateAction":0,"updatedAt":"08-05-2026 13:23:03","viewAction":0},"responseCode":200},"timestamp":"2026-05-08 13:23:03"}
{"body":{"id":"","moduleCode":"role","moduleName":"Role","parentModuleName":"role"},"level":"info","message":"🎯 addModule request received","timestamp":"2026-05-08 13:23:13"}
{"level":"info","message":"addModule called","moduleRequest":{"id":"","moduleCode":"role","moduleName":"Role","parentModuleName":"role"},"timestamp":"2026-05-08 13:23:13"}
{"level":"info","message":"Creating new module","moduleCode":"role","moduleName":"Role","timestamp":"2026-05-08 13:23:13"}
{"id":"69fd9669ba4ad6de74dc11e6","level":"info","message":"✅ Module created successfully","timestamp":"2026-05-08 13:23:13"}
{"level":"info","message":"✅ addModule response","result":{"message":"Module created","responseBody":{"addAction":0,"createdAt":"08-05-2026 13:23:13","deleteAction":0,"downloadAction":0,"id":"69fd9669ba4ad6de74dc11e6","moduleCode":"role","moduleName":"Role","parentModuleName":"role","status":1,"updateAction":0,"updatedAt":"08-05-2026 13:23:13","viewAction":0},"responseCode":200},"timestamp":"2026-05-08 13:23:13"}
{"level":"info","message":"🎯 getAllModule request received","timestamp":"2026-05-08 13:23:45"}
{"level":"info","message":"getAllModule called","timestamp":"2026-05-08 13:23:45"}
{"level":"info","message":"Fetching all modules without pagination","timestamp":"2026-05-08 13:23:45"}
{"level":"info","message":"✅ Found 2 modules","timestamp":"2026-05-08 13:23:45"}
{"count":0,"level":"info","message":"✅ getAllModule response","timestamp":"2026-05-08 13:23:45"}
{"level":"info","message":"Creating new role with name: Admin","timestamp":"2026-05-08 13:25:00"}
{"level":"info","message":"addAdmin: userId=NEW_USER","timestamp":"2026-05-08 13:27:15"}
{"level":"info","message":"Created new user with id=69fd975b90b23b637e6b81c0","timestamp":"2026-05-08 13:27:15"}
{"code":"EAUTH","command":"API","level":"error","message":"forgotPasswordOtp error Missing credentials for \"PLAIN\"","stack":"Error: Missing credentials for \"PLAIN\"\n    at SMTPConnection._formatError (D:\\Nitesh\\Client\\Project\\render-worx\\code\\render-admin-service\\node_modules\\nodemailer\\lib\\smtp-connection\\index.js:887:19)\n    at SMTPConnection.login (D:\\Nitesh\\Client\\Project\\render-worx\\code\\render-admin-service\\node_modules\\nodemailer\\lib\\smtp-connection\\index.js:524:38)\n    at D:\\Nitesh\\Client\\Project\\render-worx\\code\\render-admin-service\\node_modules\\nodemailer\\lib\\smtp-transport\\index.js:261:32\n    at SMTPConnection.<anonymous> (D:\\Nitesh\\Client\\Project\\render-worx\\code\\render-admin-service\\node_modules\\nodemailer\\lib\\smtp-connection\\index.js:248:17)\n    at Object.onceWrapper (node:events:632:28)\n    at SMTPConnection.emit (node:events:518:28)\n    at SMTPConnection._actionEHLO (D:\\Nitesh\\Client\\Project\\render-worx\\code\\render-admin-service\\node_modules\\nodemailer\\lib\\smtp-connection\\index.js:1479:14)\n    at SMTPConnection._processResponse (D:\\Nitesh\\Client\\Project\\render-worx\\code\\render-admin-service\\node_modules\\nodemailer\\lib\\smtp-connection\\index.js:1072:20)\n    at SMTPConnection._onData (D:\\Nitesh\\Client\\Project\\render-worx\\code\\render-admin-service\\node_modules\\nodemailer\\lib\\smtp-connection\\index.js:847:14)\n    at SMTPConnection._onSocketData (D:\\Nitesh\\Client\\Project\\render-worx\\code\\render-admin-service\\node_modules\\nodemailer\\lib\\smtp-connection\\index.js:217:44)","timestamp":"2026-05-08 16:17:24"}
{"level":"error","message":"Exception occurs while sending the mail","timestamp":"2026-05-08 16:24:28"}
{"level":"error","message":"Exception occurs while sending the mail","timestamp":"2026-05-08 16:25:00"}
{"code":"EAUTH","command":"API","level":"error","message":"forgotPasswordLink error Missing credentials for \"PLAIN\"","stack":"Error: Missing credentials for \"PLAIN\"\n    at SMTPConnection._formatError (D:\\Nitesh\\Client\\Project\\render-worx\\code\\render-admin-service\\node_modules\\nodemailer\\lib\\smtp-connection\\index.js:887:19)\n    at SMTPConnection.login (D:\\Nitesh\\Client\\Project\\render-worx\\code\\render-admin-service\\node_modules\\nodemailer\\lib\\smtp-connection\\index.js:524:38)\n    at D:\\Nitesh\\Client\\Project\\render-worx\\code\\render-admin-service\\node_modules\\nodemailer\\lib\\smtp-transport\\index.js:261:32\n    at SMTPConnection.<anonymous> (D:\\Nitesh\\Client\\Project\\render-worx\\code\\render-admin-service\\node_modules\\nodemailer\\lib\\smtp-connection\\index.js:248:17)\n    at Object.onceWrapper (node:events:632:28)\n    at SMTPConnection.emit (node:events:518:28)\n    at SMTPConnection._actionEHLO (D:\\Nitesh\\Client\\Project\\render-worx\\code\\render-admin-service\\node_modules\\nodemailer\\lib\\smtp-connection\\index.js:1479:14)\n    at SMTPConnection._processResponse (D:\\Nitesh\\Client\\Project\\render-worx\\code\\render-admin-service\\node_modules\\nodemailer\\lib\\smtp-connection\\index.js:1072:20)\n    at SMTPConnection._onData (D:\\Nitesh\\Client\\Project\\render-worx\\code\\render-admin-service\\node_modules\\nodemailer\\lib\\smtp-connection\\index.js:847:14)\n    at SMTPConnection._onSocketData (D:\\Nitesh\\Client\\Project\\render-worx\\code\\render-admin-service\\node_modules\\nodemailer\\lib\\smtp-connection\\index.js:217:44)","timestamp":"2026-05-08 16:25:45"}
{"level":"error","message":"Exception occurs while sending forgot password link mail.","timestamp":"2026-05-08 16:27:20"}
{"level":"error","message":"Exception occurs while sending forgot password link mail.","timestamp":"2026-05-08 16:28:23"}
{"level":"error","message":"Exception occurs while sending forgot password link mail.","timestamp":"2026-05-08 16:31:57"}
{"level":"error","message":"Exception occurs while sending forgot password link mail.","timestamp":"2026-05-08 16:37:25"}
{"level":"info","message":"✅ File uploaded: starbucks_logo.webp → http://13.61.199.168/camel/files/cb9082a8-2d46-43a8-81b5-868d1e5cfb00.webp","timestamp":"2026-05-18 13:05:20"}
{"level":"info","message":"📸 Uploaded banner media: http://13.61.199.168/camel/files/cb9082a8-2d46-43a8-81b5-868d1e5cfb00.webp","timestamp":"2026-05-18 13:05:20"}
{"level":"info","message":"✅ File uploaded: starbucks_logo.webp → http://13.61.199.168/camel/files/e128b9eb-d193-4218-8a79-955b4fe44f60.webp","timestamp":"2026-05-18 13:05:57"}
{"level":"info","message":"📸 Uploaded banner media: http://13.61.199.168/camel/files/e128b9eb-d193-4218-8a79-955b4fe44f60.webp","timestamp":"2026-05-18 13:05:57"}
{"level":"info","message":"✅ File uploaded: starbucks_logo.webp → http://13.61.199.168/camel/files/4d631a35-8fdd-41e3-b21b-e5ac40d5cbee.webp","timestamp":"2026-05-18 13:06:05"}
{"level":"info","message":"📸 Uploaded banner media: http://13.61.199.168/camel/files/4d631a35-8fdd-41e3-b21b-e5ac40d5cbee.webp","timestamp":"2026-05-18 13:06:05"}
{"level":"info","message":"✅ File uploaded: starbucks_logo.webp → http://13.61.199.168/camel/files/42b78c17-2e54-4963-a4df-46589cfd3b58.webp","timestamp":"2026-05-18 13:09:44"}
{"level":"info","message":"📸 Uploaded banner media: http://13.61.199.168/camel/files/42b78c17-2e54-4963-a4df-46589cfd3b58.webp","timestamp":"2026-05-18 13:09:44"}
{"level":"info","message":"✅ File uploaded: starbucks_logo.webp → http://13.61.199.168/camel/files/a62088ed-3906-4410-aa24-4625247aa039.webp","timestamp":"2026-05-18 13:09:49"}
{"level":"info","message":"📸 Uploaded banner media: http://13.61.199.168/camel/files/a62088ed-3906-4410-aa24-4625247aa039.webp","timestamp":"2026-05-18 13:09:49"}
{"level":"info","message":"✅ File uploaded: starbucks_logo.webp → http://13.61.199.168/camel/files/29f1bd97-f201-4dbe-a6c2-0aecad5c116b.webp","timestamp":"2026-05-18 13:11:51"}
{"level":"info","message":"📸 Uploaded banner media: http://13.61.199.168/camel/files/29f1bd97-f201-4dbe-a6c2-0aecad5c116b.webp","timestamp":"2026-05-18 13:11:51"}
{"level":"info","message":"✅ File uploaded: starbucks_logo.webp → http://13.61.199.168/camel/files/a407b686-7e5c-4214-8279-b8334847edc4.webp","timestamp":"2026-05-18 13:11:57"}
{"level":"info","message":"📸 Uploaded banner media: http://13.61.199.168/camel/files/a407b686-7e5c-4214-8279-b8334847edc4.webp","timestamp":"2026-05-18 13:11:57"}
{"level":"info","message":"✅ File uploaded: starbucks_logo.webp → http://13.61.199.168/camel/files/8005bbd8-0b33-4cc2-b45a-aca534c7d546.webp","timestamp":"2026-05-18 13:12:30"}
{"level":"info","message":"📸 Uploaded banner media: http://13.61.199.168/camel/files/8005bbd8-0b33-4cc2-b45a-aca534c7d546.webp","timestamp":"2026-05-18 13:12:30"}
{"level":"info","message":"addBlog: id=NEW","timestamp":"2026-05-25 23:45:57"}
{"level":"info","message":"✅ File uploaded to S3: starbucks_logo.webp → https://render-worx-s3.s3.ap-south-1.amazonaws.com/d598a070-f812-4cbd-9f91-85eae243f02d.webp","timestamp":"2026-05-25 23:45:57"}
{"level":"info","message":"✅ File uploaded to S3: starbucs_background.jpeg → https://render-worx-s3.s3.ap-south-1.amazonaws.com/4eb409ff-7ed1-4dcc-b280-26b9287a751a.jpeg","timestamp":"2026-05-25 23:45:58"}
{"level":"info","message":"Created new blog with id=6a1491deb97be42f5da34d5a","timestamp":"2026-05-25 23:45:58"}
{"level":"info","message":"addBlog: id=6a1491deb97be42f5da34d5a","timestamp":"2026-05-25 23:53:42"}
{"level":"info","message":"✅ File uploaded to S3: starbucks_logo.webp → https://render-worx-s3.s3.ap-south-1.amazonaws.com/blog/6bf8213e-13db-4e22-bdc5-007dea542c5d.webp","timestamp":"2026-05-25 23:53:42"}
{"level":"info","message":"✅ File uploaded to S3: starbucs_background.jpeg → https://render-worx-s3.s3.ap-south-1.amazonaws.com/blog/717ddb79-8adb-427e-af60-3509d2b59489.jpeg","timestamp":"2026-05-25 23:53:43"}
{"error":{},"level":"error","message":"❌ getAllEnquiries controller error","timestamp":"2026-05-26 17:34:33"}
{"body":{"id":"","moduleCode":"dashboard","moduleName":"Dashboard","parentModuleName":"dashboard"},"level":"info","message":"🎯 addModule request received","timestamp":"2026-06-03 16:21:09"}
{"level":"info","message":"addModule called","moduleRequest":{"id":"","moduleCode":"dashboard","moduleName":"Dashboard","parentModuleName":"dashboard"},"timestamp":"2026-06-03 16:21:09"}
{"level":"info","message":"Creating new module","moduleCode":"dashboard","moduleName":"Dashboard","timestamp":"2026-06-03 16:21:09"}
{"id":"6a20071d1d145caf46fd1872","level":"info","message":"✅ Module created successfully","timestamp":"2026-06-03 16:21:09"}
{"level":"info","message":"✅ addModule response","result":{"message":"Module created","responseBody":{"addAction":0,"createdAt":"03-06-2026 16:21:09","deleteAction":0,"downloadAction":0,"id":"6a20071d1d145caf46fd1872","moduleCode":"dashboard","moduleName":"Dashboard","parentModuleName":"dashboard","status":1,"updateAction":0,"updatedAt":"03-06-2026 16:21:09","viewAction":0},"responseCode":200},"timestamp":"2026-06-03 16:21:09"}
{"body":{"id":"","moduleCode":"role","moduleName":"Role","parentModuleName":"role"},"level":"info","message":"🎯 addModule request received","timestamp":"2026-06-03 16:21:23"}
{"level":"info","message":"addModule called","moduleRequest":{"id":"","moduleCode":"role","moduleName":"Role","parentModuleName":"role"},"timestamp":"2026-06-03 16:21:23"}
{"level":"info","message":"Creating new module","moduleCode":"role","moduleName":"Role","timestamp":"2026-06-03 16:21:23"}
{"id":"6a20072b1d145caf46fd1874","level":"info","message":"✅ Module created successfully","timestamp":"2026-06-03 16:21:23"}
{"level":"info","message":"✅ addModule response","result":{"message":"Module created","responseBody":{"addAction":0,"createdAt":"03-06-2026 16:21:23","deleteAction":0,"downloadAction":0,"id":"6a20072b1d145caf46fd1874","moduleCode":"role","moduleName":"Role","parentModuleName":"role","status":1,"updateAction":0,"updatedAt":"03-06-2026 16:21:23","viewAction":0},"responseCode":200},"timestamp":"2026-06-03 16:21:23"}
{"body":{"id":"","moduleCode":"staff","moduleName":"Staff","parentModuleName":"staff"},"level":"info","message":"🎯 addModule request received","timestamp":"2026-06-03 16:21:41"}
{"level":"info","message":"addModule called","moduleRequest":{"id":"","moduleCode":"staff","moduleName":"Staff","parentModuleName":"staff"},"timestamp":"2026-06-03 16:21:41"}
{"level":"info","message":"Creating new module","moduleCode":"staff","moduleName":"Staff","timestamp":"2026-06-03 16:21:41"}
{"id":"6a20073d1d145caf46fd1876","level":"info","message":"✅ Module created successfully","timestamp":"2026-06-03 16:21:41"}
{"level":"info","message":"✅ addModule response","result":{"message":"Module created","responseBody":{"addAction":0,"createdAt":"03-06-2026 16:21:41","deleteAction":0,"downloadAction":0,"id":"6a20073d1d145caf46fd1876","moduleCode":"staff","moduleName":"Staff","parentModuleName":"staff","status":1,"updateAction":0,"updatedAt":"03-06-2026 16:21:41","viewAction":0},"responseCode":200},"timestamp":"2026-06-03 16:21:41"}
{"body":{"id":"","moduleCode":"location","moduleName":"Location","parentModuleName":"location"},"level":"info","message":"🎯 addModule request received","timestamp":"2026-06-03 16:21:56"}
{"level":"info","message":"addModule called","moduleRequest":{"id":"","moduleCode":"location","moduleName":"Location","parentModuleName":"location"},"timestamp":"2026-06-03 16:21:56"}
{"level":"info","message":"Creating new module","moduleCode":"location","moduleName":"Location","timestamp":"2026-06-03 16:21:56"}
{"id":"6a20074c1d145caf46fd1878","level":"info","message":"✅ Module created successfully","timestamp":"2026-06-03 16:21:56"}
{"level":"info","message":"✅ addModule response","result":{"message":"Module created","responseBody":{"addAction":0,"createdAt":"03-06-2026 16:21:56","deleteAction":0,"downloadAction":0,"id":"6a20074c1d145caf46fd1878","moduleCode":"location","moduleName":"Location","parentModuleName":"location","status":1,"updateAction":0,"updatedAt":"03-06-2026 16:21:56","viewAction":0},"responseCode":200},"timestamp":"2026-06-03 16:21:56"}
{"body":{"id":"","moduleCode":"family management","moduleName":"Family Management","parentModuleName":"family management"},"level":"info","message":"🎯 addModule request received","timestamp":"2026-06-03 16:22:17"}
{"level":"info","message":"addModule called","moduleRequest":{"id":"","moduleCode":"family management","moduleName":"Family Management","parentModuleName":"family management"},"timestamp":"2026-06-03 16:22:17"}
{"level":"info","message":"Creating new module","moduleCode":"family management","moduleName":"Family Management","timestamp":"2026-06-03 16:22:17"}
{"id":"6a2007611d145caf46fd187a","level":"info","message":"✅ Module created successfully","timestamp":"2026-06-03 16:22:17"}
{"level":"info","message":"✅ addModule response","result":{"message":"Module created","responseBody":{"addAction":0,"createdAt":"03-06-2026 16:22:17","deleteAction":0,"downloadAction":0,"id":"6a2007611d145caf46fd187a","moduleCode":"family management","moduleName":"Family Management","parentModuleName":"family management","status":1,"updateAction":0,"updatedAt":"03-06-2026 16:22:17","viewAction":0},"responseCode":200},"timestamp":"2026-06-03 16:22:17"}
{"body":{"id":"","moduleCode":"member management","moduleName":"Member Management","parentModuleName":"member management"},"level":"info","message":"🎯 addModule request received","timestamp":"2026-06-03 16:22:33"}
{"level":"info","message":"addModule called","moduleRequest":{"id":"","moduleCode":"member management","moduleName":"Member Management","parentModuleName":"member management"},"timestamp":"2026-06-03 16:22:33"}
{"level":"info","message":"Creating new module","moduleCode":"member management","moduleName":"Member Management","timestamp":"2026-06-03 16:22:33"}
{"id":"6a2007711d145caf46fd187c","level":"info","message":"✅ Module created successfully","timestamp":"2026-06-03 16:22:33"}
{"level":"info","message":"✅ addModule response","result":{"message":"Module created","responseBody":{"addAction":0,"createdAt":"03-06-2026 16:22:33","deleteAction":0,"downloadAction":0,"id":"6a2007711d145caf46fd187c","moduleCode":"member management","moduleName":"Member Management","parentModuleName":"member management","status":1,"updateAction":0,"updatedAt":"03-06-2026 16:22:33","viewAction":0},"responseCode":200},"timestamp":"2026-06-03 16:22:33"}
{"level":"info","message":"🎯 getAllModule request received","pageIndex":0,"pageSize":10,"timestamp":"2026-06-03 16:22:52"}
{"level":"info","message":"getAllModule called","pageIndex":0,"pageSize":10,"timestamp":"2026-06-03 16:22:52"}
{"level":"info","message":"Fetching modules with pagination pageIndex=0, pageSize=10","timestamp":"2026-06-03 16:22:52"}
{"level":"info","message":"Fetching all modules without search","timestamp":"2026-06-03 16:22:52"}
{"level":"info","message":"✅ Found 6 modules","timestamp":"2026-06-03 16:22:52"}
{"count":0,"level":"info","message":"✅ getAllModule response","timestamp":"2026-06-03 16:22:52"}
{"level":"info","message":"Creating new role with name: Super Admin","timestamp":"2026-06-03 16:26:16"}
{"level":"info","message":"addAdmin: userId=id","timestamp":"2026-06-03 16:26:57"}
{"level":"error","message":"addAdmin error: Cast to ObjectId failed for value \"id\" (type string) at path \"_id\" for model \"admin_user\"","stack":"CastError: Cast to ObjectId failed for value \"id\" (type string) at path \"_id\" for model \"admin_user\"\n    at SchemaObjectId.cast (D:\\Nitesh\\my-development\\NodeJs\\Project\\kalota-family-portal\\node_modules\\mongoose\\lib\\schema\\objectId.js:253:11)\n    at SchemaType.applySetters (D:\\Nitesh\\my-development\\NodeJs\\Project\\kalota-family-portal\\node_modules\\mongoose\\lib\\schemaType.js:1288:12)\n    at SchemaType.castForQuery (D:\\Nitesh\\my-development\\NodeJs\\Project\\kalota-family-portal\\node_modules\\mongoose\\lib\\schemaType.js:1718:17)\n    at cast (D:\\Nitesh\\my-development\\NodeJs\\Project\\kalota-family-portal\\node_modules\\mongoose\\lib\\cast.js:390:32)\n    at Query.cast (D:\\Nitesh\\my-development\\NodeJs\\Project\\kalota-family-portal\\node_modules\\mongoose\\lib\\query.js:5060:12)\n    at Query._castConditions (D:\\Nitesh\\my-development\\NodeJs\\Project\\kalota-family-portal\\node_modules\\mongoose\\lib\\query.js:2374:10)\n    at model.Query._findOneAndUpdate (D:\\Nitesh\\my-development\\NodeJs\\Project\\kalota-family-portal\\node_modules\\mongoose\\lib\\query.js:3477:8)\n    at model.Query.exec (D:\\Nitesh\\my-development\\NodeJs\\Project\\kalota-family-portal\\node_modules\\mongoose\\lib\\query.js:4627:80)\n    at process.processTicksAndRejections (node:internal/process/task_queues:105:5)\n    at async Object.updateUser (D:\\Nitesh\\my-development\\NodeJs\\Project\\kalota-family-portal\\src\\repositories\\AdminUserRepository.js:4:10)","timestamp":"2026-06-03 16:26:57"}
{"level":"info","message":"addAdmin: userId=NEW_USER","timestamp":"2026-06-03 16:27:13"}
{"level":"info","message":"Created new user with id=6a2008891d145caf46fd1897","timestamp":"2026-06-03 16:27:13"}
{"body":{},"level":"info","message":"📥 [getAllUsers] Incoming request","query":{"pageIndex":"0","pageSize":"10","searchText":""},"timestamp":"2026-06-03 16:29:51"}
{"level":"info","message":"🔍 [getAllUsers] Parsed filters","pageIndex":0,"pageSize":10,"searchText":"","timestamp":"2026-06-03 16:29:51"}
{"level":"info","message":"getAllUsers called","pageIndex":0,"pageSize":10,"searchText":"","timestamp":"2026-06-03 16:29:51"}
{"level":"info","message":"Fetching all users without search filter","timestamp":"2026-06-03 16:29:51"}
{"level":"info","message":"Pagination applied: skip=0, limit=10","timestamp":"2026-06-03 16:29:51"}
{"level":"info","message":"✅ Found 1 users","timestamp":"2026-06-03 16:29:52"}
{"level":"info","message":"✅ [getAllUsers] Service response received","responseCode":200,"timestamp":"2026-06-03 16:29:52"}
{"level":"info","message":"🎯 getAllModule request received","pageIndex":0,"pageSize":100,"timestamp":"2026-06-03 16:29:56"}
{"level":"info","message":"getAllModule called","pageIndex":0,"pageSize":100,"timestamp":"2026-06-03 16:29:56"}
{"level":"info","message":"Fetching modules with pagination pageIndex=0, pageSize=100","timestamp":"2026-06-03 16:29:56"}
{"level":"info","message":"Fetching all modules without search","timestamp":"2026-06-03 16:29:56"}
{"level":"info","message":"✅ Found 6 modules","timestamp":"2026-06-03 16:29:56"}
{"count":0,"level":"info","message":"✅ getAllModule response","timestamp":"2026-06-03 16:29:56"}
{"level":"info","message":"🎯 getAllModule request received","pageIndex":0,"pageSize":10,"searchText":"","timestamp":"2026-06-03 16:29:57"}
{"level":"info","message":"getAllModule called","pageIndex":0,"pageSize":10,"searchText":"","timestamp":"2026-06-03 16:29:57"}
{"level":"info","message":"Fetching modules with pagination pageIndex=0, pageSize=10","timestamp":"2026-06-03 16:29:57"}
{"level":"info","message":"Fetching all modules without search","timestamp":"2026-06-03 16:29:57"}
{"level":"info","message":"✅ Found 6 modules","timestamp":"2026-06-03 16:29:57"}
{"count":0,"level":"info","message":"✅ getAllModule response","timestamp":"2026-06-03 16:29:57"}
{"level":"info","message":"Logout initiated","timestamp":"2026-06-03 16:30:00","token":"eyJhbGciOiJIUzI1NiIsInR5cCI6IkpXVCJ9.eyJlbWFpbCI6InRlc3RAdGVzdC5jb20iLCJpYXQiOjE3ODA0ODQzOTEsImV4cCI6MTc4MzA3NjM5MX0.WqodDZJzNT1Y3ak7kY9R16kDVfYVXzqcMhw-ukxslyU"}
{"level":"warn","message":"Logout attempted with invalid or expired session token","timestamp":"2026-06-03 16:30:00","token":"eyJhbGciOiJIUzI1NiIsInR5cCI6IkpXVCJ9.eyJlbWFpbCI6InRlc3RAdGVzdC5jb20iLCJpYXQiOjE3ODA0ODQzOTEsImV4cCI6MTc4MzA3NjM5MX0.WqodDZJzNT1Y3ak7kY9R16kDVfYVXzqcMhw-ukxslyU"}
{"body":{},"level":"info","message":"📥 [getAllUsers] Incoming request","query":{"pageIndex":"0","pageSize":"10","searchText":""},"timestamp":"2026-06-03 16:30:26"}
{"level":"info","message":"🔍 [getAllUsers] Parsed filters","pageIndex":0,"pageSize":10,"searchText":"","timestamp":"2026-06-03 16:30:26"}
{"level":"info","message":"getAllUsers called","pageIndex":0,"pageSize":10,"searchText":"","timestamp":"2026-06-03 16:30:26"}
{"level":"info","message":"Fetching all users without search filter","timestamp":"2026-06-03 16:30:26"}
{"level":"info","message":"Pagination applied: skip=0, limit=10","timestamp":"2026-06-03 16:30:26"}
{"level":"info","message":"✅ Found 1 users","timestamp":"2026-06-03 16:30:26"}
{"level":"info","message":"✅ [getAllUsers] Service response received","responseCode":200,"timestamp":"2026-06-03 16:30:26"}
{"body":{},"level":"info","message":"📥 [getAllUsers] Incoming request","query":{"pageIndex":"0","pageSize":"10"},"timestamp":"2026-06-03 16:31:14"}
{"level":"info","message":"🔍 [getAllUsers] Parsed filters","pageIndex":0,"pageSize":10,"searchText":"","timestamp":"2026-06-03 16:31:14"}
{"level":"info","message":"getAllUsers called","pageIndex":0,"pageSize":10,"searchText":"","timestamp":"2026-06-03 16:31:14"}
{"level":"info","message":"Fetching all users without search filter","timestamp":"2026-06-03 16:31:14"}
{"level":"info","message":"Pagination applied: skip=0, limit=10","timestamp":"2026-06-03 16:31:14"}
{"level":"info","message":"✅ Found 1 users","timestamp":"2026-06-03 16:31:14"}
{"level":"info","message":"✅ [getAllUsers] Service response received","responseCode":200,"timestamp":"2026-06-03 16:31:14"}
{"level":"info","message":"getProfile: id=6a2008891d145caf46fd1897","timestamp":"2026-06-03 16:31:30"}
{"level":"info","message":"📝 blockUnblockUser called for ID: 6a2008891d145caf46fd1897 with status: 2","timestamp":"2026-06-03 16:31:49"}
{"level":"info","message":"✅ User 6a2008891d145caf46fd1897 status changed from 1 to 2","timestamp":"2026-06-03 16:31:49"}
{"level":"info","message":"ℹ️ Response message for user 6a2008891d145caf46fd1897: User deactivated successfully.","timestamp":"2026-06-03 16:31:49"}
{"level":"info","message":"📝 blockUnblockUser called for ID: 6a2008891d145caf46fd1897 with status: 1","timestamp":"2026-06-03 16:31:56"}
{"level":"info","message":"✅ User 6a2008891d145caf46fd1897 status changed from 2 to 1","timestamp":"2026-06-03 16:31:56"}
{"level":"info","message":"ℹ️ Response message for user 6a2008891d145caf46fd1897: User activated successfully.","timestamp":"2026-06-03 16:31:56"}
{"body":{},"level":"info","message":"📥 [getAllUsers] Incoming request","query":{"pageIndex":"0","pageSize":"10","searchText":""},"timestamp":"2026-06-03 16:33:09"}
{"level":"info","message":"🔍 [getAllUsers] Parsed filters","pageIndex":0,"pageSize":10,"searchText":"","timestamp":"2026-06-03 16:33:09"}
{"level":"info","message":"getAllUsers called","pageIndex":0,"pageSize":10,"searchText":"","timestamp":"2026-06-03 16:33:09"}
{"level":"info","message":"Fetching all users without search filter","timestamp":"2026-06-03 16:33:09"}
{"level":"info","message":"Pagination applied: skip=0, limit=10","timestamp":"2026-06-03 16:33:09"}
{"level":"info","message":"✅ Found 1 users","timestamp":"2026-06-03 16:33:09"}
{"level":"info","message":"✅ [getAllUsers] Service response received","responseCode":200,"timestamp":"2026-06-03 16:33:09"}
{"body":{},"level":"info","message":"📥 [getAllUsers] Incoming request","query":{"pageIndex":"0","pageSize":"10"},"timestamp":"2026-06-03 16:33:23"}
{"level":"info","message":"🔍 [getAllUsers] Parsed filters","pageIndex":0,"pageSize":10,"searchText":"","timestamp":"2026-06-03 16:33:23"}
{"level":"info","message":"getAllUsers called","pageIndex":0,"pageSize":10,"searchText":"","timestamp":"2026-06-03 16:33:23"}
{"level":"info","message":"Fetching all users without search filter","timestamp":"2026-06-03 16:33:23"}
{"level":"info","message":"Pagination applied: skip=0, limit=10","timestamp":"2026-06-03 16:33:23"}
{"level":"info","message":"✅ Found 1 users","timestamp":"2026-06-03 16:33:23"}
{"level":"info","message":"✅ [getAllUsers] Service response received","responseCode":200,"timestamp":"2026-06-03 16:33:23"}
{"body":{},"level":"info","message":"📥 [getAllUsers] Incoming request","query":{"pageIndex":"0","pageSize":"10"},"timestamp":"2026-06-03 16:33:59"}
{"level":"info","message":"🔍 [getAllUsers] Parsed filters","pageIndex":0,"pageSize":10,"searchText":"","timestamp":"2026-06-03 16:33:59"}
{"level":"info","message":"getAllUsers called","pageIndex":0,"pageSize":10,"searchText":"","timestamp":"2026-06-03 16:33:59"}
{"level":"info","message":"Fetching all users without search filter","timestamp":"2026-06-03 16:33:59"}
{"level":"info","message":"Pagination applied: skip=0, limit=10","timestamp":"2026-06-03 16:33:59"}
{"level":"info","message":"✅ Found 1 users","timestamp":"2026-06-03 16:33:59"}
{"level":"info","message":"✅ [getAllUsers] Service response received","responseCode":200,"timestamp":"2026-06-03 16:33:59"}
{"level":"info","message":"🎯 getAllModule request received","pageIndex":0,"pageSize":100,"timestamp":"2026-06-03 16:34:07"}
{"level":"info","message":"getAllModule called","pageIndex":0,"pageSize":100,"timestamp":"2026-06-03 16:34:07"}
{"level":"info","message":"Fetching modules with pagination pageIndex=0, pageSize=100","timestamp":"2026-06-03 16:34:07"}
{"level":"info","message":"Fetching all modules without search","timestamp":"2026-06-03 16:34:07"}
{"level":"info","message":"✅ Found 6 modules","timestamp":"2026-06-03 16:34:07"}
{"count":0,"level":"info","message":"✅ getAllModule response","timestamp":"2026-06-03 16:34:07"}
{"level":"info","message":"🎯 getAllModule request received","pageIndex":0,"pageSize":10,"searchText":"","timestamp":"2026-06-03 16:34:09"}
{"level":"info","message":"getAllModule called","pageIndex":0,"pageSize":10,"searchText":"","timestamp":"2026-06-03 16:34:09"}
{"level":"info","message":"Fetching modules with pagination pageIndex=0, pageSize=10","timestamp":"2026-06-03 16:34:09"}
{"level":"info","message":"Fetching all modules without search","timestamp":"2026-06-03 16:34:09"}
{"level":"info","message":"✅ Found 6 modules","timestamp":"2026-06-03 16:34:09"}
{"count":0,"level":"info","message":"✅ getAllModule response","timestamp":"2026-06-03 16:34:09"}
{"body":{},"level":"info","message":"📥 [getAllUsers] Incoming request","query":{"pageIndex":"0","pageSize":"10"},"timestamp":"2026-06-03 16:35:17"}
{"level":"info","message":"🔍 [getAllUsers] Parsed filters","pageIndex":0,"pageSize":10,"searchText":"","timestamp":"2026-06-03 16:35:17"}
{"level":"info","message":"getAllUsers called","pageIndex":0,"pageSize":10,"searchText":"","timestamp":"2026-06-03 16:35:17"}
{"level":"info","message":"Fetching all users without search filter","timestamp":"2026-06-03 16:35:17"}
{"level":"info","message":"Pagination applied: skip=0, limit=10","timestamp":"2026-06-03 16:35:17"}
{"level":"info","message":"✅ Found 1 users","timestamp":"2026-06-03 16:35:17"}
{"level":"info","message":"✅ [getAllUsers] Service response received","responseCode":200,"timestamp":"2026-06-03 16:35:17"}
{"body":{},"level":"info","message":"📥 [getAllUsers] Incoming request","query":{"pageIndex":"0","pageSize":"10","status":"active"},"timestamp":"2026-06-03 16:35:24"}
{"level":"info","message":"🔍 [getAllUsers] Parsed filters","pageIndex":0,"pageSize":10,"searchText":"","status":"active","timestamp":"2026-06-03 16:35:24"}
{"level":"info","message":"getAllUsers called","pageIndex":0,"pageSize":10,"searchText":"","status":"active","timestamp":"2026-06-03 16:35:24"}
{"level":"info","message":"Fetching all users without search filter","timestamp":"2026-06-03 16:35:24"}
{"level":"info","message":"Pagination applied: skip=0, limit=10","timestamp":"2026-06-03 16:35:24"}
{"level":"info","message":"✅ Found 1 users","timestamp":"2026-06-03 16:35:24"}
{"level":"info","message":"✅ [getAllUsers] Service response received","responseCode":200,"timestamp":"2026-06-03 16:35:24"}
{"body":{},"level":"info","message":"📥 [getAllUsers] Incoming request","query":{"pageIndex":"0","pageSize":"10","status":"inactive"},"timestamp":"2026-06-03 16:35:26"}
{"level":"info","message":"🔍 [getAllUsers] Parsed filters","pageIndex":0,"pageSize":10,"searchText":"","status":"inactive","timestamp":"2026-06-03 16:35:26"}
{"level":"info","message":"getAllUsers called","pageIndex":0,"pageSize":10,"searchText":"","status":"inactive","timestamp":"2026-06-03 16:35:26"}
{"level":"info","message":"Fetching all users without search filter","timestamp":"2026-06-03 16:35:26"}
{"level":"info","message":"Pagination applied: skip=0, limit=10","timestamp":"2026-06-03 16:35:26"}
{"level":"info","message":"✅ Found 1 users","timestamp":"2026-06-03 16:35:26"}
{"level":"info","message":"✅ [getAllUsers] Service response received","responseCode":200,"timestamp":"2026-06-03 16:35:26"}
{"body":{},"level":"info","message":"📥 [getAllUsers] Incoming request","query":{"pageIndex":"0","pageSize":"10","status":"inactive"},"timestamp":"2026-06-03 16:35:57"}
{"level":"info","message":"🔍 [getAllUsers] Parsed filters","pageIndex":0,"pageSize":10,"searchText":"","status":"inactive","timestamp":"2026-06-03 16:35:57"}
{"level":"info","message":"getAllUsers called","pageIndex":0,"pageSize":10,"searchText":"","status":"inactive","timestamp":"2026-06-03 16:35:57"}
{"level":"info","message":"Fetching all users without search filter","timestamp":"2026-06-03 16:35:57"}
{"level":"info","message":"Pagination applied: skip=0, limit=10","timestamp":"2026-06-03 16:35:57"}
{"level":"info","message":"✅ Found 1 users","timestamp":"2026-06-03 16:35:57"}
{"level":"info","message":"✅ [getAllUsers] Service response received","responseCode":200,"timestamp":"2026-06-03 16:35:57"}
{"body":{},"level":"info","message":"📥 [getAllUsers] Incoming request","query":{"pageIndex":"0","pageSize":"10","status":"inactive"},"timestamp":"2026-06-03 16:36:40"}
{"level":"info","message":"🔍 [getAllUsers] Parsed filters","pageIndex":0,"pageSize":10,"searchText":"","status":"inactive","timestamp":"2026-06-03 16:36:40"}
{"level":"info","message":"getAllUsers called","pageIndex":0,"pageSize":10,"searchText":"","status":"inactive","timestamp":"2026-06-03 16:36:40"}
{"level":"info","message":"Fetching all users without search filter","timestamp":"2026-06-03 16:36:40"}
{"level":"info","message":"Pagination applied: skip=0, limit=10","timestamp":"2026-06-03 16:36:40"}
{"level":"info","message":"✅ Found 1 users","timestamp":"2026-06-03 16:36:40"}
{"level":"info","message":"✅ [getAllUsers] Service response received","responseCode":200,"timestamp":"2026-06-03 16:36:40"}
{"body":{},"level":"info","message":"📥 [getAllUsers] Incoming request","query":{"pageIndex":"0","pageSize":"10"},"timestamp":"2026-06-03 16:36:57"}
{"level":"info","message":"🔍 [getAllUsers] Parsed filters","pageIndex":0,"pageSize":10,"searchText":"","timestamp":"2026-06-03 16:36:57"}
{"level":"info","message":"getAllUsers called","pageIndex":0,"pageSize":10,"searchText":"","timestamp":"2026-06-03 16:36:57"}
{"level":"info","message":"Fetching all users without search filter","timestamp":"2026-06-03 16:36:57"}
{"level":"info","message":"Pagination applied: skip=0, limit=10","timestamp":"2026-06-03 16:36:57"}
{"level":"info","message":"✅ Found 1 users","timestamp":"2026-06-03 16:36:57"}
{"level":"info","message":"✅ [getAllUsers] Service response received","responseCode":200,"timestamp":"2026-06-03 16:36:57"}
{"body":{},"level":"info","message":"📥 [getAllUsers] Incoming request","query":{"pageIndex":"0","pageSize":"10"},"timestamp":"2026-06-03 16:37:55"}
{"level":"info","message":"🔍 [getAllUsers] Parsed filters","pageIndex":0,"pageSize":10,"searchText":"","timestamp":"2026-06-03 16:37:55"}
{"level":"info","message":"getAllUsers called","pageIndex":0,"pageSize":10,"searchText":"","timestamp":"2026-06-03 16:37:55"}
{"level":"info","message":"Fetching all users without search filter","timestamp":"2026-06-03 16:37:55"}
{"level":"info","message":"Pagination applied: skip=0, limit=10","timestamp":"2026-06-03 16:37:55"}
{"level":"info","message":"✅ Found 1 users","timestamp":"2026-06-03 16:37:55"}
{"level":"info","message":"✅ [getAllUsers] Service response received","responseCode":200,"timestamp":"2026-06-03 16:37:55"}
{"body":{},"level":"info","message":"📥 [getAllUsers] Incoming request","query":{"pageIndex":"0","pageSize":"10","searchText":"T"},"timestamp":"2026-06-03 16:38:09"}
{"level":"info","message":"🔍 [getAllUsers] Parsed filters","pageIndex":0,"pageSize":10,"searchText":"T","timestamp":"2026-06-03 16:38:09"}
{"level":"info","message":"getAllUsers called","pageIndex":0,"pageSize":10,"searchText":"T","timestamp":"2026-06-03 16:38:09"}
{"level":"info","message":"Searching users with text=\"T\"","timestamp":"2026-06-03 16:38:09"}
{"level":"info","message":"Pagination applied: skip=0, limit=10","timestamp":"2026-06-03 16:38:09"}
{"level":"info","message":"✅ Found 1 users","timestamp":"2026-06-03 16:38:09"}
{"level":"info","message":"✅ [getAllUsers] Service response received","responseCode":200,"timestamp":"2026-06-03 16:38:09"}
{"body":{},"level":"info","message":"📥 [getAllUsers] Incoming request","query":{"pageIndex":"0","pageSize":"10","searchText":"Te"},"timestamp":"2026-06-03 16:38:09"}
{"level":"info","message":"🔍 [getAllUsers] Parsed filters","pageIndex":0,"pageSize":10,"searchText":"Te","timestamp":"2026-06-03 16:38:09"}
{"level":"info","message":"getAllUsers called","pageIndex":0,"pageSize":10,"searchText":"Te","timestamp":"2026-06-03 16:38:09"}
{"level":"info","message":"Searching users with text=\"Te\"","timestamp":"2026-06-03 16:38:09"}
{"level":"info","message":"Pagination applied: skip=0, limit=10","timestamp":"2026-06-03 16:38:09"}
{"level":"info","message":"✅ Found 1 users","timestamp":"2026-06-03 16:38:09"}
{"level":"info","message":"✅ [getAllUsers] Service response received","responseCode":200,"timestamp":"2026-06-03 16:38:09"}
{"body":{},"level":"info","message":"📥 [getAllUsers] Incoming request","query":{"pageIndex":"0","pageSize":"10","searchText":"Tes"},"timestamp":"2026-06-03 16:38:09"}
{"level":"info","message":"🔍 [getAllUsers] Parsed filters","pageIndex":0,"pageSize":10,"searchText":"Tes","timestamp":"2026-06-03 16:38:09"}
{"level":"info","message":"getAllUsers called","pageIndex":0,"pageSize":10,"searchText":"Tes","timestamp":"2026-06-03 16:38:09"}
{"level":"info","message":"Searching users with text=\"Tes\"","timestamp":"2026-06-03 16:38:09"}
{"level":"info","message":"Pagination applied: skip=0, limit=10","timestamp":"2026-06-03 16:38:09"}
{"level":"info","message":"✅ Found 1 users","timestamp":"2026-06-03 16:38:09"}
{"level":"info","message":"✅ [getAllUsers] Service response received","responseCode":200,"timestamp":"2026-06-03 16:38:09"}
{"body":{},"level":"info","message":"📥 [getAllUsers] Incoming request","query":{"pageIndex":"0","pageSize":"10","searchText":"Test"},"timestamp":"2026-06-03 16:38:09"}
{"level":"info","message":"🔍 [getAllUsers] Parsed filters","pageIndex":0,"pageSize":10,"searchText":"Test","timestamp":"2026-06-03 16:38:09"}
{"level":"info","message":"getAllUsers called","pageIndex":0,"pageSize":10,"searchText":"Test","timestamp":"2026-06-03 16:38:09"}
{"level":"info","message":"Searching users with text=\"Test\"","timestamp":"2026-06-03 16:38:09"}
{"level":"info","message":"Pagination applied: skip=0, limit=10","timestamp":"2026-06-03 16:38:09"}
{"level":"info","message":"✅ Found 1 users","timestamp":"2026-06-03 16:38:09"}
{"level":"info","message":"✅ [getAllUsers] Service response received","responseCode":200,"timestamp":"2026-06-03 16:38:09"}
{"body":{},"level":"info","message":"📥 [getAllUsers] Incoming request","query":{"pageIndex":"0","pageSize":"10","searchText":"t"},"timestamp":"2026-06-03 16:38:18"}
{"level":"info","message":"🔍 [getAllUsers] Parsed filters","pageIndex":0,"pageSize":10,"searchText":"t","timestamp":"2026-06-03 16:38:18"}
{"level":"info","message":"getAllUsers called","pageIndex":0,"pageSize":10,"searchText":"t","timestamp":"2026-06-03 16:38:18"}
{"level":"info","message":"Searching users with text=\"t\"","timestamp":"2026-06-03 16:38:18"}
{"level":"info","message":"Pagination applied: skip=0, limit=10","timestamp":"2026-06-03 16:38:18"}
{"level":"info","message":"✅ Found 1 users","timestamp":"2026-06-03 16:38:18"}
{"level":"info","message":"✅ [getAllUsers] Service response received","responseCode":200,"timestamp":"2026-06-03 16:38:18"}
{"body":{},"level":"info","message":"📥 [getAllUsers] Incoming request","query":{"pageIndex":"0","pageSize":"10","searchText":"te"},"timestamp":"2026-06-03 16:38:18"}
{"level":"info","message":"🔍 [getAllUsers] Parsed filters","pageIndex":0,"pageSize":10,"searchText":"te","timestamp":"2026-06-03 16:38:18"}
{"level":"info","message":"getAllUsers called","pageIndex":0,"pageSize":10,"searchText":"te","timestamp":"2026-06-03 16:38:18"}
{"level":"info","message":"Searching users with text=\"te\"","timestamp":"2026-06-03 16:38:18"}
{"level":"info","message":"Pagination applied: skip=0, limit=10","timestamp":"2026-06-03 16:38:18"}
{"level":"info","message":"✅ Found 1 users","timestamp":"2026-06-03 16:38:18"}
{"level":"info","message":"✅ [getAllUsers] Service response received","responseCode":200,"timestamp":"2026-06-03 16:38:18"}
{"body":{},"level":"info","message":"📥 [getAllUsers] Incoming request","query":{"pageIndex":"0","pageSize":"10","searchText":"tes"},"timestamp":"2026-06-03 16:38:18"}
{"level":"info","message":"🔍 [getAllUsers] Parsed filters","pageIndex":0,"pageSize":10,"searchText":"tes","timestamp":"2026-06-03 16:38:18"}
{"level":"info","message":"getAllUsers called","pageIndex":0,"pageSize":10,"searchText":"tes","timestamp":"2026-06-03 16:38:18"}
{"level":"info","message":"Searching users with text=\"tes\"","timestamp":"2026-06-03 16:38:18"}
{"level":"info","message":"Pagination applied: skip=0, limit=10","timestamp":"2026-06-03 16:38:18"}
{"level":"info","message":"✅ Found 1 users","timestamp":"2026-06-03 16:38:18"}
{"level":"info","message":"✅ [getAllUsers] Service response received","responseCode":200,"timestamp":"2026-06-03 16:38:18"}
{"body":{},"level":"info","message":"📥 [getAllUsers] Incoming request","query":{"pageIndex":"0","pageSize":"10"},"timestamp":"2026-06-03 16:38:28"}
{"level":"info","message":"🔍 [getAllUsers] Parsed filters","pageIndex":0,"pageSize":10,"searchText":"","timestamp":"2026-06-03 16:38:28"}
{"level":"info","message":"getAllUsers called","pageIndex":0,"pageSize":10,"searchText":"","timestamp":"2026-06-03 16:38:28"}
{"level":"info","message":"Fetching all users without search filter","timestamp":"2026-06-03 16:38:28"}
{"level":"info","message":"Pagination applied: skip=0, limit=10","timestamp":"2026-06-03 16:38:28"}
{"level":"info","message":"✅ Found 1 users","timestamp":"2026-06-03 16:38:28"}
{"level":"info","message":"✅ [getAllUsers] Service response received","responseCode":200,"timestamp":"2026-06-03 16:38:28"}
{"body":{},"level":"info","message":"📥 [getAllUsers] Incoming request","query":{"pageIndex":"0","pageSize":"10","searchText":"j"},"timestamp":"2026-06-03 16:38:32"}
{"level":"info","message":"🔍 [getAllUsers] Parsed filters","pageIndex":0,"pageSize":10,"searchText":"j","timestamp":"2026-06-03 16:38:32"}
{"level":"info","message":"getAllUsers called","pageIndex":0,"pageSize":10,"searchText":"j","timestamp":"2026-06-03 16:38:32"}
{"level":"info","message":"Searching users with text=\"j\"","timestamp":"2026-06-03 16:38:32"}
{"level":"info","message":"Pagination applied: skip=0, limit=10","timestamp":"2026-06-03 16:38:32"}
{"level":"warn","message":"⚠️ No users found","timestamp":"2026-06-03 16:38:32"}
{"level":"info","message":"✅ [getAllUsers] Service response received","responseCode":404,"timestamp":"2026-06-03 16:38:32"}
{"body":{},"level":"info","message":"📥 [getAllUsers] Incoming request","query":{"pageIndex":"0","pageSize":"10","searchText":"jo"},"timestamp":"2026-06-03 16:38:33"}
{"level":"info","message":"🔍 [getAllUsers] Parsed filters","pageIndex":0,"pageSize":10,"searchText":"jo","timestamp":"2026-06-03 16:38:33"}
{"level":"info","message":"getAllUsers called","pageIndex":0,"pageSize":10,"searchText":"jo","timestamp":"2026-06-03 16:38:33"}
{"level":"info","message":"Searching users with text=\"jo\"","timestamp":"2026-06-03 16:38:33"}
{"level":"info","message":"Pagination applied: skip=0, limit=10","timestamp":"2026-06-03 16:38:33"}
{"level":"warn","message":"⚠️ No users found","timestamp":"2026-06-03 16:38:33"}
{"level":"info","message":"✅ [getAllUsers] Service response received","responseCode":404,"timestamp":"2026-06-03 16:38:33"}
{"body":{},"level":"info","message":"📥 [getAllUsers] Incoming request","query":{"pageIndex":"0","pageSize":"10","searchText":"joh"},"timestamp":"2026-06-03 16:38:33"}
{"level":"info","message":"🔍 [getAllUsers] Parsed filters","pageIndex":0,"pageSize":10,"searchText":"joh","timestamp":"2026-06-03 16:38:33"}
{"level":"info","message":"getAllUsers called","pageIndex":0,"pageSize":10,"searchText":"joh","timestamp":"2026-06-03 16:38:33"}
{"level":"info","message":"Searching users with text=\"joh\"","timestamp":"2026-06-03 16:38:33"}
{"level":"info","message":"Pagination applied: skip=0, limit=10","timestamp":"2026-06-03 16:38:33"}
{"level":"warn","message":"⚠️ No users found","timestamp":"2026-06-03 16:38:33"}
{"level":"info","message":"✅ [getAllUsers] Service response received","responseCode":404,"timestamp":"2026-06-03 16:38:33"}
{"body":{},"level":"info","message":"📥 [getAllUsers] Incoming request","query":{"pageIndex":"0","pageSize":"10","searchText":"joh","status":"active"},"timestamp":"2026-06-03 16:38:39"}
{"level":"info","message":"🔍 [getAllUsers] Parsed filters","pageIndex":0,"pageSize":10,"searchText":"joh","status":"active","timestamp":"2026-06-03 16:38:39"}
{"level":"info","message":"getAllUsers called","pageIndex":0,"pageSize":10,"searchText":"joh","status":"active","timestamp":"2026-06-03 16:38:39"}
{"level":"info","message":"Searching users with text=\"joh\"","timestamp":"2026-06-03 16:38:39"}
{"level":"info","message":"Pagination applied: skip=0, limit=10","timestamp":"2026-06-03 16:38:39"}
{"level":"warn","message":"⚠️ No users found","timestamp":"2026-06-03 16:38:39"}
{"level":"info","message":"✅ [getAllUsers] Service response received","responseCode":404,"timestamp":"2026-06-03 16:38:39"}
{"body":{},"level":"info","message":"📥 [getAllUsers] Incoming request","query":{"pageIndex":"0","pageSize":"10","searchText":"joh","status":"active"},"timestamp":"2026-06-03 16:39:38"}
{"level":"info","message":"🔍 [getAllUsers] Parsed filters","pageIndex":0,"pageSize":10,"searchText":"joh","status":"active","timestamp":"2026-06-03 16:39:38"}
{"level":"info","message":"getAllUsers called","pageIndex":0,"pageSize":10,"searchText":"joh","status":"active","timestamp":"2026-06-03 16:39:38"}
{"level":"info","message":"Searching users with text=\"joh\"","timestamp":"2026-06-03 16:39:38"}
{"level":"info","message":"Pagination applied: skip=0, limit=10","timestamp":"2026-06-03 16:39:38"}
{"level":"warn","message":"⚠️ No users found","timestamp":"2026-06-03 16:39:38"}
{"level":"info","message":"✅ [getAllUsers] Service response received","responseCode":404,"timestamp":"2026-06-03 16:39:38"}
{"body":{},"level":"info","message":"📥 [getAllUsers] Incoming request","query":{"pageIndex":"0","pageSize":"10","searchText":"joh","status":"1"},"timestamp":"2026-06-03 16:39:50"}
{"level":"info","message":"🔍 [getAllUsers] Parsed filters","pageIndex":0,"pageSize":10,"searchText":"joh","status":"1","timestamp":"2026-06-03 16:39:50"}
{"level":"info","message":"getAllUsers called","pageIndex":0,"pageSize":10,"searchText":"joh","status":"1","timestamp":"2026-06-03 16:39:50"}
{"level":"info","message":"Searching users with text=\"joh\"","timestamp":"2026-06-03 16:39:50"}
{"level":"info","message":"Pagination applied: skip=0, limit=10","timestamp":"2026-06-03 16:39:50"}
{"level":"warn","message":"⚠️ No users found","timestamp":"2026-06-03 16:39:50"}
{"level":"info","message":"✅ [getAllUsers] Service response received","responseCode":404,"timestamp":"2026-06-03 16:39:50"}
{"body":{},"level":"info","message":"📥 [getAllUsers] Incoming request","query":{"pageIndex":"0","pageSize":"10","status":"1"},"timestamp":"2026-06-03 16:39:58"}
{"level":"info","message":"🔍 [getAllUsers] Parsed filters","pageIndex":0,"pageSize":10,"searchText":"","status":"1","timestamp":"2026-06-03 16:39:58"}
{"level":"info","message":"getAllUsers called","pageIndex":0,"pageSize":10,"searchText":"","status":"1","timestamp":"2026-06-03 16:39:58"}
{"level":"info","message":"Fetching all users without search filter","timestamp":"2026-06-03 16:39:58"}
{"level":"info","message":"Pagination applied: skip=0, limit=10","timestamp":"2026-06-03 16:39:58"}
{"level":"info","message":"✅ Found 1 users","timestamp":"2026-06-03 16:39:58"}
{"level":"info","message":"✅ [getAllUsers] Service response received","responseCode":200,"timestamp":"2026-06-03 16:39:58"}
{"body":{},"level":"info","message":"📥 [getAllUsers] Incoming request","query":{"pageIndex":"0","pageSize":"10","status":"2"},"timestamp":"2026-06-03 16:40:02"}
{"level":"info","message":"🔍 [getAllUsers] Parsed filters","pageIndex":0,"pageSize":10,"searchText":"","status":"2","timestamp":"2026-06-03 16:40:02"}
{"level":"info","message":"getAllUsers called","pageIndex":0,"pageSize":10,"searchText":"","status":"2","timestamp":"2026-06-03 16:40:02"}
{"level":"info","message":"Fetching all users without search filter","timestamp":"2026-06-03 16:40:02"}
{"level":"info","message":"Pagination applied: skip=0, limit=10","timestamp":"2026-06-03 16:40:02"}
{"level":"warn","message":"⚠️ No users found","timestamp":"2026-06-03 16:40:02"}
{"level":"info","message":"✅ [getAllUsers] Service response received","responseCode":404,"timestamp":"2026-06-03 16:40:02"}
{"body":{},"level":"info","message":"📥 [getAllUsers] Incoming request","query":{"pageIndex":"0","pageSize":"10","status":"2"},"timestamp":"2026-06-03 16:41:08"}
{"level":"info","message":"🔍 [getAllUsers] Parsed filters","pageIndex":0,"pageSize":10,"searchText":"","status":"2","timestamp":"2026-06-03 16:41:08"}
{"level":"info","message":"getAllUsers called","pageIndex":0,"pageSize":10,"searchText":"","status":"2","timestamp":"2026-06-03 16:41:08"}
{"level":"info","message":"Fetching all users without search filter","timestamp":"2026-06-03 16:41:08"}
{"level":"info","message":"Pagination applied: skip=0, limit=10","timestamp":"2026-06-03 16:41:08"}
{"level":"warn","message":"⚠️ No users found","timestamp":"2026-06-03 16:41:08"}
{"level":"info","message":"✅ [getAllUsers] Service response received","responseCode":404,"timestamp":"2026-06-03 16:41:08"}
{"level":"info","message":"addAdmin: userId=NEW_USER","timestamp":"2026-06-03 16:42:29"}
{"level":"info","message":"Created new user with id=6a200c1d1d145caf46fd1962","timestamp":"2026-06-03 16:42:29"}
{"body":{},"level":"info","message":"📥 [getAllUsers] Incoming request","query":{"pageIndex":"0","pageSize":"10","status":"2"},"timestamp":"2026-06-03 16:42:29"}
{"level":"info","message":"🔍 [getAllUsers] Parsed filters","pageIndex":0,"pageSize":10,"searchText":"","status":"2","timestamp":"2026-06-03 16:42:29"}
{"level":"info","message":"getAllUsers called","pageIndex":0,"pageSize":10,"searchText":"","status":"2","timestamp":"2026-06-03 16:42:29"}
{"level":"info","message":"Fetching all users without search filter","timestamp":"2026-06-03 16:42:29"}
{"level":"info","message":"Pagination applied: skip=0, limit=10","timestamp":"2026-06-03 16:42:29"}
{"level":"warn","message":"⚠️ No users found","timestamp":"2026-06-03 16:42:29"}
{"level":"info","message":"✅ [getAllUsers] Service response received","responseCode":404,"timestamp":"2026-06-03 16:42:29"}
{"body":{},"level":"info","message":"📥 [getAllUsers] Incoming request","query":{"pageIndex":"0","pageSize":"10"},"timestamp":"2026-06-03 16:42:34"}
{"level":"info","message":"🔍 [getAllUsers] Parsed filters","pageIndex":0,"pageSize":10,"searchText":"","timestamp":"2026-06-03 16:42:34"}
{"level":"info","message":"getAllUsers called","pageIndex":0,"pageSize":10,"searchText":"","timestamp":"2026-06-03 16:42:34"}
{"level":"info","message":"Fetching all users without search filter","timestamp":"2026-06-03 16:42:34"}
{"level":"info","message":"Pagination applied: skip=0, limit=10","timestamp":"2026-06-03 16:42:34"}
{"level":"info","message":"✅ Found 2 users","timestamp":"2026-06-03 16:42:34"}
{"level":"info","message":"✅ [getAllUsers] Service response received","responseCode":200,"timestamp":"2026-06-03 16:42:34"}
{"level":"info","message":"addAdmin: userId=NEW_USER","timestamp":"2026-06-03 16:43:39"}
{"level":"info","message":"Created new user with id=6a200c631d145caf46fd1970","timestamp":"2026-06-03 16:43:39"}
{"body":{},"level":"info","message":"📥 [getAllUsers] Incoming request","query":{"pageIndex":"0","pageSize":"10"},"timestamp":"2026-06-03 16:43:49"}
{"level":"info","message":"🔍 [getAllUsers] Parsed filters","pageIndex":0,"pageSize":10,"searchText":"","timestamp":"2026-06-03 16:43:49"}
{"level":"info","message":"getAllUsers called","pageIndex":0,"pageSize":10,"searchText":"","timestamp":"2026-06-03 16:43:49"}
{"level":"info","message":"Fetching all users without search filter","timestamp":"2026-06-03 16:43:49"}
{"level":"info","message":"Pagination applied: skip=0, limit=10","timestamp":"2026-06-03 16:43:49"}
{"level":"info","message":"✅ Found 3 users","timestamp":"2026-06-03 16:43:49"}
{"level":"info","message":"✅ [getAllUsers] Service response received","responseCode":200,"timestamp":"2026-06-03 16:43:49"}
{"body":{},"level":"info","message":"📥 [getAllUsers] Incoming request","query":{"pageIndex":"0","pageSize":"10"},"timestamp":"2026-06-03 16:44:48"}
{"level":"info","message":"🔍 [getAllUsers] Parsed filters","pageIndex":0,"pageSize":10,"searchText":"","timestamp":"2026-06-03 16:44:48"}
{"level":"info","message":"getAllUsers called","pageIndex":0,"pageSize":10,"searchText":"","timestamp":"2026-06-03 16:44:48"}
{"level":"info","message":"Fetching all users without search filter","timestamp":"2026-06-03 16:44:48"}
{"level":"info","message":"Pagination applied: skip=0, limit=10","timestamp":"2026-06-03 16:44:48"}
{"level":"info","message":"✅ Found 3 users","timestamp":"2026-06-03 16:44:48"}
{"level":"info","message":"✅ [getAllUsers] Service response received","responseCode":200,"timestamp":"2026-06-03 16:44:48"}
{"body":{},"level":"info","message":"📥 [getAllUsers] Incoming request","query":{"pageIndex":"0","pageSize":"10"},"timestamp":"2026-06-03 16:45:34"}
{"level":"info","message":"🔍 [getAllUsers] Parsed filters","pageIndex":0,"pageSize":10,"searchText":"","timestamp":"2026-06-03 16:45:34"}
{"level":"info","message":"getAllUsers called","pageIndex":0,"pageSize":10,"searchText":"","timestamp":"2026-06-03 16:45:34"}
{"level":"info","message":"Fetching all users without search filter","timestamp":"2026-06-03 16:45:34"}
{"level":"info","message":"Pagination applied: skip=0, limit=10","timestamp":"2026-06-03 16:45:34"}
{"level":"info","message":"✅ Found 3 users","timestamp":"2026-06-03 16:45:34"}
{"level":"info","message":"✅ [getAllUsers] Service response received","responseCode":200,"timestamp":"2026-06-03 16:45:34"}
{"level":"info","message":"🎯 getAllModule request received","pageIndex":0,"pageSize":100,"timestamp":"2026-06-03 16:46:01"}
{"level":"info","message":"getAllModule called","pageIndex":0,"pageSize":100,"timestamp":"2026-06-03 16:46:01"}
{"level":"info","message":"Fetching modules with pagination pageIndex=0, pageSize=100","timestamp":"2026-06-03 16:46:01"}
{"level":"info","message":"Fetching all modules without search","timestamp":"2026-06-03 16:46:01"}
{"level":"info","message":"✅ Found 6 modules","timestamp":"2026-06-03 16:46:01"}
{"count":0,"level":"info","message":"✅ getAllModule response","timestamp":"2026-06-03 16:46:01"}
{"body":{},"level":"info","message":"📥 [getAllUsers] Incoming request","query":{"pageIndex":"0","pageSize":"10","status":"1"},"timestamp":"2026-06-03 16:46:04"}
{"level":"info","message":"🔍 [getAllUsers] Parsed filters","pageIndex":0,"pageSize":10,"searchText":"","status":"1","timestamp":"2026-06-03 16:46:04"}
{"level":"info","message":"getAllUsers called","pageIndex":0,"pageSize":10,"searchText":"","status":"1","timestamp":"2026-06-03 16:46:04"}
{"level":"info","message":"Fetching all users without search filter","timestamp":"2026-06-03 16:46:04"}
{"level":"info","message":"Pagination applied: skip=0, limit=10","timestamp":"2026-06-03 16:46:04"}
{"level":"info","message":"✅ Found 3 users","timestamp":"2026-06-03 16:46:04"}
{"level":"info","message":"✅ [getAllUsers] Service response received","responseCode":200,"timestamp":"2026-06-03 16:46:04"}
{"body":{},"level":"info","message":"📥 [getAllUsers] Incoming request","query":{"pageIndex":"0","pageSize":"10","status":"1"},"timestamp":"2026-06-03 16:46:38"}
{"level":"info","message":"🔍 [getAllUsers] Parsed filters","pageIndex":0,"pageSize":10,"searchText":"","status":"1","timestamp":"2026-06-03 16:46:38"}
{"level":"info","message":"getAllUsers called","pageIndex":0,"pageSize":10,"searchText":"","status":"1","timestamp":"2026-06-03 16:46:38"}
{"level":"info","message":"Fetching all users without search filter","timestamp":"2026-06-03 16:46:38"}
{"level":"info","message":"Pagination applied: skip=0, limit=10","timestamp":"2026-06-03 16:46:38"}
{"level":"info","message":"✅ Found 3 users","timestamp":"2026-06-03 16:46:38"}
{"level":"info","message":"✅ [getAllUsers] Service response received","responseCode":200,"timestamp":"2026-06-03 16:46:38"}
{"body":{},"level":"info","message":"📥 [getAllUsers] Incoming request","query":{"pageIndex":"0","pageSize":"10","status":"1"},"timestamp":"2026-06-03 16:47:15"}
{"level":"info","message":"🔍 [getAllUsers] Parsed filters","pageIndex":0,"pageSize":10,"searchText":"","status":"1","timestamp":"2026-06-03 16:47:15"}
{"level":"info","message":"getAllUsers called","pageIndex":0,"pageSize":10,"searchText":"","status":"1","timestamp":"2026-06-03 16:47:15"}
{"level":"info","message":"Fetching all users without search filter","timestamp":"2026-06-03 16:47:15"}
{"level":"info","message":"Pagination applied: skip=0, limit=10","timestamp":"2026-06-03 16:47:15"}
{"level":"info","message":"✅ Found 3 users","timestamp":"2026-06-03 16:47:15"}
{"level":"info","message":"✅ [getAllUsers] Service response received","responseCode":200,"timestamp":"2026-06-03 16:47:15"}
{"body":{},"level":"info","message":"📥 [getAllUsers] Incoming request","query":{"pageIndex":"0","pageSize":"10"},"timestamp":"2026-06-03 16:47:28"}
{"level":"info","message":"🔍 [getAllUsers] Parsed filters","pageIndex":0,"pageSize":10,"searchText":"","timestamp":"2026-06-03 16:47:28"}
{"level":"info","message":"getAllUsers called","pageIndex":0,"pageSize":10,"searchText":"","timestamp":"2026-06-03 16:47:28"}
{"level":"info","message":"Fetching all users without search filter","timestamp":"2026-06-03 16:47:28"}
{"level":"info","message":"Pagination applied: skip=0, limit=10","timestamp":"2026-06-03 16:47:28"}
{"level":"info","message":"✅ Found 3 users","timestamp":"2026-06-03 16:47:28"}
{"level":"info","message":"✅ [getAllUsers] Service response received","responseCode":200,"timestamp":"2026-06-03 16:47:28"}
{"body":{},"level":"info","message":"📥 [getAllUsers] Incoming request","query":{"pageIndex":"0","pageSize":"10","searchText":"j"},"timestamp":"2026-06-03 16:47:34"}
{"level":"info","message":"🔍 [getAllUsers] Parsed filters","pageIndex":0,"pageSize":10,"searchText":"j","timestamp":"2026-06-03 16:47:34"}
{"level":"info","message":"getAllUsers called","pageIndex":0,"pageSize":10,"searchText":"j","timestamp":"2026-06-03 16:47:34"}
{"level":"info","message":"Searching users with text=\"j\"","timestamp":"2026-06-03 16:47:34"}
{"level":"info","message":"Pagination applied: skip=0, limit=10","timestamp":"2026-06-03 16:47:34"}
{"level":"info","message":"✅ Found 1 users","timestamp":"2026-06-03 16:47:34"}
{"level":"info","message":"✅ [getAllUsers] Service response received","responseCode":200,"timestamp":"2026-06-03 16:47:34"}
{"body":{},"level":"info","message":"📥 [getAllUsers] Incoming request","query":{"pageIndex":"0","pageSize":"10","searchText":"jo"},"timestamp":"2026-06-03 16:47:34"}
{"level":"info","message":"🔍 [getAllUsers] Parsed filters","pageIndex":0,"pageSize":10,"searchText":"jo","timestamp":"2026-06-03 16:47:34"}
{"level":"info","message":"getAllUsers called","pageIndex":0,"pageSize":10,"searchText":"jo","timestamp":"2026-06-03 16:47:34"}
{"level":"info","message":"Searching users with text=\"jo\"","timestamp":"2026-06-03 16:47:34"}
{"level":"info","message":"Pagination applied: skip=0, limit=10","timestamp":"2026-06-03 16:47:34"}
{"level":"info","message":"✅ Found 1 users","timestamp":"2026-06-03 16:47:34"}
{"level":"info","message":"✅ [getAllUsers] Service response received","responseCode":200,"timestamp":"2026-06-03 16:47:34"}
{"body":{},"level":"info","message":"📥 [getAllUsers] Incoming request","query":{"pageIndex":"0","pageSize":"10","searchText":"joh"},"timestamp":"2026-06-03 16:47:34"}
{"level":"info","message":"🔍 [getAllUsers] Parsed filters","pageIndex":0,"pageSize":10,"searchText":"joh","timestamp":"2026-06-03 16:47:34"}
{"level":"info","message":"getAllUsers called","pageIndex":0,"pageSize":10,"searchText":"joh","timestamp":"2026-06-03 16:47:34"}
{"level":"info","message":"Searching users with text=\"joh\"","timestamp":"2026-06-03 16:47:34"}
{"level":"info","message":"Pagination applied: skip=0, limit=10","timestamp":"2026-06-03 16:47:34"}
{"level":"info","message":"✅ Found 1 users","timestamp":"2026-06-03 16:47:34"}
{"level":"info","message":"✅ [getAllUsers] Service response received","responseCode":200,"timestamp":"2026-06-03 16:47:34"}
{"body":{},"level":"info","message":"📥 [getAllUsers] Incoming request","query":{"pageIndex":"0","pageSize":"10","searchText":"t"},"timestamp":"2026-06-03 16:47:37"}
{"level":"info","message":"🔍 [getAllUsers] Parsed filters","pageIndex":0,"pageSize":10,"searchText":"t","timestamp":"2026-06-03 16:47:37"}
{"level":"info","message":"getAllUsers called","pageIndex":0,"pageSize":10,"searchText":"t","timestamp":"2026-06-03 16:47:37"}
{"level":"info","message":"Searching users with text=\"t\"","timestamp":"2026-06-03 16:47:37"}
{"level":"info","message":"Pagination applied: skip=0, limit=10","timestamp":"2026-06-03 16:47:37"}
{"level":"info","message":"✅ Found 2 users","timestamp":"2026-06-03 16:47:37"}
{"level":"info","message":"✅ [getAllUsers] Service response received","responseCode":200,"timestamp":"2026-06-03 16:47:37"}
{"body":{},"level":"info","message":"📥 [getAllUsers] Incoming request","query":{"pageIndex":"0","pageSize":"10","searchText":"te"},"timestamp":"2026-06-03 16:47:37"}
{"level":"info","message":"🔍 [getAllUsers] Parsed filters","pageIndex":0,"pageSize":10,"searchText":"te","timestamp":"2026-06-03 16:47:37"}
{"level":"info","message":"getAllUsers called","pageIndex":0,"pageSize":10,"searchText":"te","timestamp":"2026-06-03 16:47:37"}
{"level":"info","message":"Searching users with text=\"te\"","timestamp":"2026-06-03 16:47:37"}
{"level":"info","message":"Pagination applied: skip=0, limit=10","timestamp":"2026-06-03 16:47:37"}
{"level":"info","message":"✅ Found 2 users","timestamp":"2026-06-03 16:47:37"}
{"level":"info","message":"✅ [getAllUsers] Service response received","responseCode":200,"timestamp":"2026-06-03 16:47:37"}
{"body":{},"level":"info","message":"📥 [getAllUsers] Incoming request","query":{"pageIndex":"0","pageSize":"10","searchText":"tes"},"timestamp":"2026-06-03 16:47:37"}
{"level":"info","message":"🔍 [getAllUsers] Parsed filters","pageIndex":0,"pageSize":10,"searchText":"tes","timestamp":"2026-06-03 16:47:37"}
{"level":"info","message":"getAllUsers called","pageIndex":0,"pageSize":10,"searchText":"tes","timestamp":"2026-06-03 16:47:37"}
{"level":"info","message":"Searching users with text=\"tes\"","timestamp":"2026-06-03 16:47:37"}
{"level":"info","message":"Pagination applied: skip=0, limit=10","timestamp":"2026-06-03 16:47:37"}
{"level":"info","message":"✅ Found 2 users","timestamp":"2026-06-03 16:47:37"}
{"level":"info","message":"✅ [getAllUsers] Service response received","responseCode":200,"timestamp":"2026-06-03 16:47:37"}
{"body":{},"level":"info","message":"📥 [getAllUsers] Incoming request","query":{"pageIndex":"0","pageSize":"10","searchText":"test"},"timestamp":"2026-06-03 16:47:37"}
{"level":"info","message":"🔍 [getAllUsers] Parsed filters","pageIndex":0,"pageSize":10,"searchText":"test","timestamp":"2026-06-03 16:47:37"}
{"level":"info","message":"getAllUsers called","pageIndex":0,"pageSize":10,"searchText":"test","timestamp":"2026-06-03 16:47:37"}
{"level":"info","message":"Searching users with text=\"test\"","timestamp":"2026-06-03 16:47:37"}
{"level":"info","message":"Pagination applied: skip=0, limit=10","timestamp":"2026-06-03 16:47:37"}
{"level":"info","message":"✅ Found 2 users","timestamp":"2026-06-03 16:47:37"}
{"level":"info","message":"✅ [getAllUsers] Service response received","responseCode":200,"timestamp":"2026-06-03 16:47:37"}
{"level":"info","message":"getProfile: id=6a200c631d145caf46fd1970","timestamp":"2026-06-03 16:47:50"}
{"body":{},"level":"info","message":"📥 [getAllUsers] Incoming request","query":{"pageIndex":"0","pageSize":"10"},"timestamp":"2026-06-03 16:48:54"}
{"level":"info","message":"🔍 [getAllUsers] Parsed filters","pageIndex":0,"pageSize":10,"searchText":"","timestamp":"2026-06-03 16:48:54"}
{"level":"info","message":"getAllUsers called","pageIndex":0,"pageSize":10,"searchText":"","timestamp":"2026-06-03 16:48:54"}
{"level":"info","message":"Fetching all users without search filter","timestamp":"2026-06-03 16:48:54"}
{"level":"info","message":"Pagination applied: skip=0, limit=10","timestamp":"2026-06-03 16:48:54"}
{"level":"info","message":"getProfile: id=6a200c631d145caf46fd1970","timestamp":"2026-06-03 16:48:54"}
{"level":"info","message":"✅ Found 3 users","timestamp":"2026-06-03 16:48:54"}
{"level":"info","message":"✅ [getAllUsers] Service response received","responseCode":200,"timestamp":"2026-06-03 16:48:54"}
{"body":{},"level":"info","message":"📥 [getAllUsers] Incoming request","query":{"pageIndex":"0","pageSize":"10"},"timestamp":"2026-06-03 16:49:44"}
{"level":"info","message":"🔍 [getAllUsers] Parsed filters","pageIndex":0,"pageSize":10,"searchText":"","timestamp":"2026-06-03 16:49:44"}
{"level":"info","message":"getAllUsers called","pageIndex":0,"pageSize":10,"searchText":"","timestamp":"2026-06-03 16:49:44"}
{"level":"info","message":"Fetching all users without search filter","timestamp":"2026-06-03 16:49:44"}
{"level":"info","message":"Pagination applied: skip=0, limit=10","timestamp":"2026-06-03 16:49:44"}
{"level":"info","message":"✅ Found 3 users","timestamp":"2026-06-03 16:49:44"}
{"level":"info","message":"✅ [getAllUsers] Service response received","responseCode":200,"timestamp":"2026-06-03 16:49:44"}
{"level":"info","message":"getProfile: id=6a200c631d145caf46fd1970","timestamp":"2026-06-03 16:49:59"}
{"body":{},"level":"info","message":"📥 [getAllUsers] Incoming request","query":{"pageIndex":"0","pageSize":"10"},"timestamp":"2026-06-03 16:51:28"}
{"level":"info","message":"🔍 [getAllUsers] Parsed filters","pageIndex":0,"pageSize":10,"searchText":"","timestamp":"2026-06-03 16:51:28"}
{"level":"info","message":"getAllUsers called","pageIndex":0,"pageSize":10,"searchText":"","timestamp":"2026-06-03 16:51:28"}
{"level":"info","message":"Fetching all users without search filter","timestamp":"2026-06-03 16:51:28"}
{"level":"info","message":"Pagination applied: skip=0, limit=10","timestamp":"2026-06-03 16:51:28"}
{"level":"info","message":"✅ Found 3 users","timestamp":"2026-06-03 16:51:28"}
{"level":"info","message":"✅ [getAllUsers] Service response received","responseCode":200,"timestamp":"2026-06-03 16:51:28"}
{"body":{},"level":"info","message":"📥 [getAllUsers] Incoming request","query":{"pageIndex":"0","pageSize":"10"},"timestamp":"2026-06-03 16:52:36"}
{"level":"info","message":"🔍 [getAllUsers] Parsed filters","pageIndex":0,"pageSize":10,"searchText":"","timestamp":"2026-06-03 16:52:36"}
{"level":"info","message":"getAllUsers called","pageIndex":0,"pageSize":10,"searchText":"","timestamp":"2026-06-03 16:52:36"}
{"level":"info","message":"Fetching all users without search filter","timestamp":"2026-06-03 16:52:36"}
{"level":"info","message":"Pagination applied: skip=0, limit=10","timestamp":"2026-06-03 16:52:36"}
{"level":"info","message":"✅ Found 3 users","timestamp":"2026-06-03 16:52:36"}
{"level":"info","message":"✅ [getAllUsers] Service response received","responseCode":200,"timestamp":"2026-06-03 16:52:36"}
{"body":{},"level":"info","message":"📥 [getAllUsers] Incoming request","query":{"pageIndex":"0","pageSize":"10"},"timestamp":"2026-06-03 16:53:18"}
{"level":"info","message":"🔍 [getAllUsers] Parsed filters","pageIndex":0,"pageSize":10,"searchText":"","timestamp":"2026-06-03 16:53:18"}
{"level":"info","message":"getAllUsers called","pageIndex":0,"pageSize":10,"searchText":"","timestamp":"2026-06-03 16:53:18"}
{"level":"info","message":"Fetching all users without search filter","timestamp":"2026-06-03 16:53:18"}
{"level":"info","message":"Pagination applied: skip=0, limit=10","timestamp":"2026-06-03 16:53:18"}
{"level":"info","message":"✅ Found 3 users","timestamp":"2026-06-03 16:53:18"}
{"level":"info","message":"✅ [getAllUsers] Service response received","responseCode":200,"timestamp":"2026-06-03 16:53:18"}
{"body":{},"level":"info","message":"📥 [getAllUsers] Incoming request","query":{"pageIndex":"0","pageSize":"10"},"timestamp":"2026-06-03 16:54:32"}
{"level":"info","message":"🔍 [getAllUsers] Parsed filters","pageIndex":0,"pageSize":10,"searchText":"","timestamp":"2026-06-03 16:54:32"}
{"level":"info","message":"getAllUsers called","pageIndex":0,"pageSize":10,"searchText":"","timestamp":"2026-06-03 16:54:32"}
{"level":"info","message":"Fetching all users without search filter","timestamp":"2026-06-03 16:54:32"}
{"level":"info","message":"Pagination applied: skip=0, limit=10","timestamp":"2026-06-03 16:54:32"}
{"level":"info","message":"✅ Found 3 users","timestamp":"2026-06-03 16:54:32"}
{"level":"info","message":"✅ [getAllUsers] Service response received","responseCode":200,"timestamp":"2026-06-03 16:54:32"}
{"level":"info","message":"addAdmin: userId=NEW_USER","timestamp":"2026-06-03 16:55:43"}
{"level":"info","message":"Created new user with id=6a200f371d145caf46fd19f2","timestamp":"2026-06-03 16:55:43"}
{"body":{},"level":"info","message":"📥 [getAllUsers] Incoming request","query":{"pageIndex":"0","pageSize":"10"},"timestamp":"2026-06-03 16:55:43"}
{"level":"info","message":"🔍 [getAllUsers] Parsed filters","pageIndex":0,"pageSize":10,"searchText":"","timestamp":"2026-06-03 16:55:43"}
{"level":"info","message":"getAllUsers called","pageIndex":0,"pageSize":10,"searchText":"","timestamp":"2026-06-03 16:55:43"}
{"level":"info","message":"Fetching all users without search filter","timestamp":"2026-06-03 16:55:43"}
{"level":"info","message":"Pagination applied: skip=0, limit=10","timestamp":"2026-06-03 16:55:43"}
{"level":"info","message":"✅ Found 4 users","timestamp":"2026-06-03 16:55:43"}
{"level":"info","message":"✅ [getAllUsers] Service response received","responseCode":200,"timestamp":"2026-06-03 16:55:43"}
{"body":{},"level":"info","message":"📥 [getAllUsers] Incoming request","query":{"pageIndex":"0","pageSize":"10","searchText":"t"},"timestamp":"2026-06-03 16:55:58"}
{"level":"info","message":"🔍 [getAllUsers] Parsed filters","pageIndex":0,"pageSize":10,"searchText":"t","timestamp":"2026-06-03 16:55:58"}
{"level":"info","message":"getAllUsers called","pageIndex":0,"pageSize":10,"searchText":"t","timestamp":"2026-06-03 16:55:58"}
{"level":"info","message":"Searching users with text=\"t\"","timestamp":"2026-06-03 16:55:58"}
{"level":"info","message":"Pagination applied: skip=0, limit=10","timestamp":"2026-06-03 16:55:58"}
{"level":"info","message":"✅ Found 3 users","timestamp":"2026-06-03 16:55:58"}
{"level":"info","message":"✅ [getAllUsers] Service response received","responseCode":200,"timestamp":"2026-06-03 16:55:58"}
{"body":{},"level":"info","message":"📥 [getAllUsers] Incoming request","query":{"pageIndex":"0","pageSize":"10","searchText":"te"},"timestamp":"2026-06-03 16:55:58"}
{"level":"info","message":"🔍 [getAllUsers] Parsed filters","pageIndex":0,"pageSize":10,"searchText":"te","timestamp":"2026-06-03 16:55:58"}
{"level":"info","message":"getAllUsers called","pageIndex":0,"pageSize":10,"searchText":"te","timestamp":"2026-06-03 16:55:58"}
{"level":"info","message":"Searching users with text=\"te\"","timestamp":"2026-06-03 16:55:58"}
{"level":"info","message":"Pagination applied: skip=0, limit=10","timestamp":"2026-06-03 16:55:58"}
{"level":"info","message":"✅ Found 3 users","timestamp":"2026-06-03 16:55:58"}
{"level":"info","message":"✅ [getAllUsers] Service response received","responseCode":200,"timestamp":"2026-06-03 16:55:58"}
{"body":{},"level":"info","message":"📥 [getAllUsers] Incoming request","query":{"pageIndex":"0","pageSize":"10","searchText":"tes"},"timestamp":"2026-06-03 16:55:58"}
{"level":"info","message":"🔍 [getAllUsers] Parsed filters","pageIndex":0,"pageSize":10,"searchText":"tes","timestamp":"2026-06-03 16:55:58"}
{"level":"info","message":"getAllUsers called","pageIndex":0,"pageSize":10,"searchText":"tes","timestamp":"2026-06-03 16:55:58"}
{"level":"info","message":"Searching users with text=\"tes\"","timestamp":"2026-06-03 16:55:58"}
{"level":"info","message":"Pagination applied: skip=0, limit=10","timestamp":"2026-06-03 16:55:58"}
{"level":"info","message":"✅ Found 3 users","timestamp":"2026-06-03 16:55:58"}
{"level":"info","message":"✅ [getAllUsers] Service response received","responseCode":200,"timestamp":"2026-06-03 16:55:58"}
{"body":{},"level":"info","message":"📥 [getAllUsers] Incoming request","query":{"pageIndex":"0","pageSize":"10","searchText":"test"},"timestamp":"2026-06-03 16:55:58"}
{"level":"info","message":"🔍 [getAllUsers] Parsed filters","pageIndex":0,"pageSize":10,"searchText":"test","timestamp":"2026-06-03 16:55:58"}
{"level":"info","message":"getAllUsers called","pageIndex":0,"pageSize":10,"searchText":"test","timestamp":"2026-06-03 16:55:58"}
{"level":"info","message":"Searching users with text=\"test\"","timestamp":"2026-06-03 16:55:58"}
{"level":"info","message":"Pagination applied: skip=0, limit=10","timestamp":"2026-06-03 16:55:58"}
{"level":"info","message":"✅ Found 3 users","timestamp":"2026-06-03 16:55:58"}
{"level":"info","message":"✅ [getAllUsers] Service response received","responseCode":200,"timestamp":"2026-06-03 16:55:58"}
{"body":{},"level":"info","message":"📥 [getAllUsers] Incoming request","query":{"pageIndex":"0","pageSize":"10","searchText":"test3"},"timestamp":"2026-06-03 16:55:59"}
{"level":"info","message":"🔍 [getAllUsers] Parsed filters","pageIndex":0,"pageSize":10,"searchText":"test3","timestamp":"2026-06-03 16:55:59"}
{"level":"info","message":"getAllUsers called","pageIndex":0,"pageSize":10,"searchText":"test3","timestamp":"2026-06-03 16:55:59"}
{"level":"info","message":"Searching users with text=\"test3\"","timestamp":"2026-06-03 16:55:59"}
{"level":"info","message":"Pagination applied: skip=0, limit=10","timestamp":"2026-06-03 16:55:59"}
{"level":"info","message":"✅ Found 1 users","timestamp":"2026-06-03 16:55:59"}
{"level":"info","message":"✅ [getAllUsers] Service response received","responseCode":200,"timestamp":"2026-06-03 16:55:59"}
{"body":{},"level":"info","message":"📥 [getAllUsers] Incoming request","query":{"pageIndex":"0","pageSize":"10","searchText":"test2"},"timestamp":"2026-06-03 16:56:00"}
{"level":"info","message":"🔍 [getAllUsers] Parsed filters","pageIndex":0,"pageSize":10,"searchText":"test2","timestamp":"2026-06-03 16:56:00"}
{"level":"info","message":"getAllUsers called","pageIndex":0,"pageSize":10,"searchText":"test2","timestamp":"2026-06-03 16:56:00"}
{"level":"info","message":"Searching users with text=\"test2\"","timestamp":"2026-06-03 16:56:00"}
{"level":"info","message":"Pagination applied: skip=0, limit=10","timestamp":"2026-06-03 16:56:00"}
{"level":"info","message":"✅ Found 1 users","timestamp":"2026-06-03 16:56:00"}
{"level":"info","message":"✅ [getAllUsers] Service response received","responseCode":200,"timestamp":"2026-06-03 16:56:00"}
{"body":{},"level":"info","message":"📥 [getAllUsers] Incoming request","query":{"pageIndex":"0","pageSize":"10","status":"2"},"timestamp":"2026-06-03 16:56:04"}
{"level":"info","message":"🔍 [getAllUsers] Parsed filters","pageIndex":0,"pageSize":10,"searchText":"","status":"2","timestamp":"2026-06-03 16:56:04"}
{"level":"info","message":"getAllUsers called","pageIndex":0,"pageSize":10,"searchText":"","status":"2","timestamp":"2026-06-03 16:56:04"}
{"level":"info","message":"Fetching all users without search filter","timestamp":"2026-06-03 16:56:04"}
{"level":"info","message":"Pagination applied: skip=0, limit=10","timestamp":"2026-06-03 16:56:04"}
{"level":"warn","message":"⚠️ No users found","timestamp":"2026-06-03 16:56:04"}
{"level":"info","message":"✅ [getAllUsers] Service response received","responseCode":404,"timestamp":"2026-06-03 16:56:04"}
{"level":"info","message":"getProfile: id=6a200f371d145caf46fd19f2","timestamp":"2026-06-03 16:56:09"}
{"level":"info","message":"addAdmin: userId=6a200f371d145caf46fd19f2","timestamp":"2026-06-03 16:56:30"}
{"body":{},"level":"info","message":"📥 [getAllUsers] Incoming request","query":{"pageIndex":"0","pageSize":"10"},"timestamp":"2026-06-03 16:56:30"}
{"level":"info","message":"🔍 [getAllUsers] Parsed filters","pageIndex":0,"pageSize":10,"searchText":"","timestamp":"2026-06-03 16:56:30"}
{"level":"info","message":"getAllUsers called","pageIndex":0,"pageSize":10,"searchText":"","timestamp":"2026-06-03 16:56:30"}
{"level":"info","message":"Fetching all users without search filter","timestamp":"2026-06-03 16:56:30"}
{"level":"info","message":"Pagination applied: skip=0, limit=10","timestamp":"2026-06-03 16:56:30"}
{"level":"info","message":"✅ Found 4 users","timestamp":"2026-06-03 16:56:30"}
{"level":"info","message":"✅ [getAllUsers] Service response received","responseCode":200,"timestamp":"2026-06-03 16:56:30"}
{"level":"info","message":"📝 blockUnblockUser called for ID: 6a200f371d145caf46fd19f2 with status: 2","timestamp":"2026-06-03 16:56:38"}
{"level":"info","message":"✅ User 6a200f371d145caf46fd19f2 status changed from 1 to 2","timestamp":"2026-06-03 16:56:38"}
{"level":"info","message":"ℹ️ Response message for user 6a200f371d145caf46fd19f2: User deactivated successfully.","timestamp":"2026-06-03 16:56:38"}
{"body":{},"level":"info","message":"📥 [getAllUsers] Incoming request","query":{"pageIndex":"0","pageSize":"10"},"timestamp":"2026-06-03 16:56:38"}
{"level":"info","message":"🔍 [getAllUsers] Parsed filters","pageIndex":0,"pageSize":10,"searchText":"","timestamp":"2026-06-03 16:56:38"}
{"level":"info","message":"getAllUsers called","pageIndex":0,"pageSize":10,"searchText":"","timestamp":"2026-06-03 16:56:38"}
{"level":"info","message":"Fetching all users without search filter","timestamp":"2026-06-03 16:56:38"}
{"level":"info","message":"Pagination applied: skip=0, limit=10","timestamp":"2026-06-03 16:56:38"}
{"level":"info","message":"✅ Found 4 users","timestamp":"2026-06-03 16:56:38"}
{"level":"info","message":"✅ [getAllUsers] Service response received","responseCode":200,"timestamp":"2026-06-03 16:56:38"}
{"body":{},"level":"info","message":"📥 [getAllUsers] Incoming request","query":{"pageIndex":"0","pageSize":"10","status":"2"},"timestamp":"2026-06-03 16:56:44"}
{"level":"info","message":"🔍 [getAllUsers] Parsed filters","pageIndex":0,"pageSize":10,"searchText":"","status":"2","timestamp":"2026-06-03 16:56:44"}
{"level":"info","message":"getAllUsers called","pageIndex":0,"pageSize":10,"searchText":"","status":"2","timestamp":"2026-06-03 16:56:44"}
{"level":"info","message":"Fetching all users without search filter","timestamp":"2026-06-03 16:56:44"}
{"level":"info","message":"Pagination applied: skip=0, limit=10","timestamp":"2026-06-03 16:56:44"}
{"level":"info","message":"✅ Found 1 users","timestamp":"2026-06-03 16:56:44"}
{"level":"info","message":"✅ [getAllUsers] Service response received","responseCode":200,"timestamp":"2026-06-03 16:56:44"}
{"body":{},"level":"info","message":"📥 [getAllUsers] Incoming request","query":{"pageIndex":"0","pageSize":"10","status":"1"},"timestamp":"2026-06-03 16:56:45"}
{"level":"info","message":"🔍 [getAllUsers] Parsed filters","pageIndex":0,"pageSize":10,"searchText":"","status":"1","timestamp":"2026-06-03 16:56:45"}
{"level":"info","message":"getAllUsers called","pageIndex":0,"pageSize":10,"searchText":"","status":"1","timestamp":"2026-06-03 16:56:45"}
{"level":"info","message":"Fetching all users without search filter","timestamp":"2026-06-03 16:56:45"}
{"level":"info","message":"Pagination applied: skip=0, limit=10","timestamp":"2026-06-03 16:56:45"}
{"level":"info","message":"✅ Found 3 users","timestamp":"2026-06-03 16:56:45"}
{"level":"info","message":"✅ [getAllUsers] Service response received","responseCode":200,"timestamp":"2026-06-03 16:56:45"}
{"body":{},"level":"info","message":"📥 [getAllUsers] Incoming request","query":{"pageIndex":"0","pageSize":"10"},"timestamp":"2026-06-03 16:58:17"}
{"level":"info","message":"🔍 [getAllUsers] Parsed filters","pageIndex":0,"pageSize":10,"searchText":"","timestamp":"2026-06-03 16:58:17"}
{"level":"info","message":"getAllUsers called","pageIndex":0,"pageSize":10,"searchText":"","timestamp":"2026-06-03 16:58:17"}
{"level":"info","message":"Fetching all users without search filter","timestamp":"2026-06-03 16:58:17"}
{"level":"info","message":"Pagination applied: skip=0, limit=10","timestamp":"2026-06-03 16:58:17"}
{"level":"info","message":"✅ Found 4 users","timestamp":"2026-06-03 16:58:17"}
{"level":"info","message":"✅ [getAllUsers] Service response received","responseCode":200,"timestamp":"2026-06-03 16:58:17"}
{"body":{},"level":"info","message":"📥 [getAllUsers] Incoming request","query":{"pageIndex":"0","pageSize":"10"},"timestamp":"2026-06-03 16:59:04"}
{"level":"info","message":"🔍 [getAllUsers] Parsed filters","pageIndex":0,"pageSize":10,"searchText":"","timestamp":"2026-06-03 16:59:04"}
{"level":"info","message":"getAllUsers called","pageIndex":0,"pageSize":10,"searchText":"","timestamp":"2026-06-03 16:59:04"}
{"level":"info","message":"Fetching all users without search filter","timestamp":"2026-06-03 16:59:04"}
{"level":"info","message":"Pagination applied: skip=0, limit=10","timestamp":"2026-06-03 16:59:04"}
{"level":"info","message":"✅ Found 4 users","timestamp":"2026-06-03 16:59:04"}
{"level":"info","message":"✅ [getAllUsers] Service response received","responseCode":200,"timestamp":"2026-06-03 16:59:04"}
{"body":{},"level":"info","message":"📥 [getAllUsers] Incoming request","query":{"pageIndex":"0","pageSize":"10"},"timestamp":"2026-06-03 17:00:55"}
{"level":"info","message":"🔍 [getAllUsers] Parsed filters","pageIndex":0,"pageSize":10,"searchText":"","timestamp":"2026-06-03 17:00:55"}
{"level":"info","message":"getAllUsers called","pageIndex":0,"pageSize":10,"searchText":"","timestamp":"2026-06-03 17:00:55"}
{"level":"info","message":"Fetching all users without search filter","timestamp":"2026-06-03 17:00:55"}
{"level":"info","message":"Pagination applied: skip=0, limit=10","timestamp":"2026-06-03 17:00:55"}
{"level":"info","message":"✅ Found 4 users","timestamp":"2026-06-03 17:00:55"}
{"level":"info","message":"✅ [getAllUsers] Service response received","responseCode":200,"timestamp":"2026-06-03 17:00:55"}
{"body":{},"level":"info","message":"📥 [getAllUsers] Incoming request","query":{"pageIndex":"0","pageSize":"10"},"timestamp":"2026-06-03 17:01:27"}
{"level":"info","message":"🔍 [getAllUsers] Parsed filters","pageIndex":0,"pageSize":10,"searchText":"","timestamp":"2026-06-03 17:01:27"}
{"level":"info","message":"getAllUsers called","pageIndex":0,"pageSize":10,"searchText":"","timestamp":"2026-06-03 17:01:27"}
{"level":"info","message":"Fetching all users without search filter","timestamp":"2026-06-03 17:01:27"}
{"level":"info","message":"Pagination applied: skip=0, limit=10","timestamp":"2026-06-03 17:01:27"}
{"level":"info","message":"✅ Found 4 users","timestamp":"2026-06-03 17:01:27"}
{"level":"info","message":"✅ [getAllUsers] Service response received","responseCode":200,"timestamp":"2026-06-03 17:01:27"}
{"body":{},"level":"info","message":"📥 [getAllUsers] Incoming request","query":{"pageIndex":"0","pageSize":"10"},"timestamp":"2026-06-03 17:02:00"}
{"level":"info","message":"🔍 [getAllUsers] Parsed filters","pageIndex":0,"pageSize":10,"searchText":"","timestamp":"2026-06-03 17:02:00"}
{"level":"info","message":"getAllUsers called","pageIndex":0,"pageSize":10,"searchText":"","timestamp":"2026-06-03 17:02:00"}
{"level":"info","message":"Fetching all users without search filter","timestamp":"2026-06-03 17:02:00"}
{"level":"info","message":"Pagination applied: skip=0, limit=10","timestamp":"2026-06-03 17:02:00"}
{"level":"info","message":"✅ Found 4 users","timestamp":"2026-06-03 17:02:00"}
{"level":"info","message":"✅ [getAllUsers] Service response received","responseCode":200,"timestamp":"2026-06-03 17:02:00"}
{"body":{},"level":"info","message":"📥 [getAllUsers] Incoming request","query":{"pageIndex":"0","pageSize":"10"},"timestamp":"2026-06-03 17:03:02"}
{"level":"info","message":"🔍 [getAllUsers] Parsed filters","pageIndex":0,"pageSize":10,"searchText":"","timestamp":"2026-06-03 17:03:02"}
{"level":"info","message":"getAllUsers called","pageIndex":0,"pageSize":10,"searchText":"","timestamp":"2026-06-03 17:03:02"}
{"level":"info","message":"Fetching all users without search filter","timestamp":"2026-06-03 17:03:02"}
{"level":"info","message":"Pagination applied: skip=0, limit=10","timestamp":"2026-06-03 17:03:02"}
{"level":"info","message":"✅ Found 4 users","timestamp":"2026-06-03 17:03:02"}
{"level":"info","message":"✅ [getAllUsers] Service response received","responseCode":200,"timestamp":"2026-06-03 17:03:02"}
{"level":"info","message":"getProfile: id=6a200f371d145caf46fd19f2","timestamp":"2026-06-03 17:03:16"}
{"body":{},"level":"info","message":"📥 [getAllUsers] Incoming request","query":{"pageIndex":"0","pageSize":"10"},"timestamp":"2026-06-03 17:04:27"}
{"level":"info","message":"🔍 [getAllUsers] Parsed filters","pageIndex":0,"pageSize":10,"searchText":"","timestamp":"2026-06-03 17:04:27"}
{"level":"info","message":"getAllUsers called","pageIndex":0,"pageSize":10,"searchText":"","timestamp":"2026-06-03 17:04:27"}
{"level":"info","message":"Fetching all users without search filter","timestamp":"2026-06-03 17:04:27"}
{"level":"info","message":"Pagination applied: skip=0, limit=10","timestamp":"2026-06-03 17:04:27"}
{"level":"info","message":"✅ Found 4 users","timestamp":"2026-06-03 17:04:27"}
{"level":"info","message":"✅ [getAllUsers] Service response received","responseCode":200,"timestamp":"2026-06-03 17:04:27"}
{"level":"info","message":"getProfile: id=6a200f371d145caf46fd19f2","timestamp":"2026-06-03 17:04:30"}
{"body":{},"level":"info","message":"📥 [getAllUsers] Incoming request","query":{"pageIndex":"0","pageSize":"10"},"timestamp":"2026-06-03 17:05:01"}
{"level":"info","message":"🔍 [getAllUsers] Parsed filters","pageIndex":0,"pageSize":10,"searchText":"","timestamp":"2026-06-03 17:05:01"}
{"level":"info","message":"getAllUsers called","pageIndex":0,"pageSize":10,"searchText":"","timestamp":"2026-06-03 17:05:01"}
{"level":"info","message":"Fetching all users without search filter","timestamp":"2026-06-03 17:05:01"}
{"level":"info","message":"Pagination applied: skip=0, limit=10","timestamp":"2026-06-03 17:05:01"}
{"level":"info","message":"✅ Found 4 users","timestamp":"2026-06-03 17:05:01"}
{"level":"info","message":"✅ [getAllUsers] Service response received","responseCode":200,"timestamp":"2026-06-03 17:05:01"}
{"level":"info","message":"getProfile: id=6a200f371d145caf46fd19f2","timestamp":"2026-06-03 17:05:04"}
{"level":"info","message":"getProfile: id=6a200c631d145caf46fd1970","timestamp":"2026-06-03 17:05:15"}
{"body":{},"level":"info","message":"📥 [getAllUsers] Incoming request","query":{"pageIndex":"0","pageSize":"10","status":"2"},"timestamp":"2026-06-03 17:05:53"}
{"level":"info","message":"🔍 [getAllUsers] Parsed filters","pageIndex":0,"pageSize":10,"searchText":"","status":"2","timestamp":"2026-06-03 17:05:53"}
{"level":"info","message":"getAllUsers called","pageIndex":0,"pageSize":10,"searchText":"","status":"2","timestamp":"2026-06-03 17:05:53"}
{"level":"info","message":"Fetching all users without search filter","timestamp":"2026-06-03 17:05:53"}
{"level":"info","message":"Pagination applied: skip=0, limit=10","timestamp":"2026-06-03 17:05:53"}
{"level":"info","message":"✅ Found 1 users","timestamp":"2026-06-03 17:05:53"}
{"level":"info","message":"✅ [getAllUsers] Service response received","responseCode":200,"timestamp":"2026-06-03 17:05:53"}
{"body":{},"level":"info","message":"📥 [getAllUsers] Incoming request","query":{"pageIndex":"0","pageSize":"10","status":"1"},"timestamp":"2026-06-03 17:05:55"}
{"level":"info","message":"🔍 [getAllUsers] Parsed filters","pageIndex":0,"pageSize":10,"searchText":"","status":"1","timestamp":"2026-06-03 17:05:55"}
{"level":"info","message":"getAllUsers called","pageIndex":0,"pageSize":10,"searchText":"","status":"1","timestamp":"2026-06-03 17:05:55"}
{"level":"info","message":"Fetching all users without search filter","timestamp":"2026-06-03 17:05:55"}
{"level":"info","message":"Pagination applied: skip=0, limit=10","timestamp":"2026-06-03 17:05:55"}
{"level":"info","message":"✅ Found 3 users","timestamp":"2026-06-03 17:05:55"}
{"level":"info","message":"✅ [getAllUsers] Service response received","responseCode":200,"timestamp":"2026-06-03 17:05:55"}
{"body":{},"level":"info","message":"📥 [getAllUsers] Incoming request","query":{"pageIndex":"0","pageSize":"10"},"timestamp":"2026-06-03 17:05:58"}
{"level":"info","message":"🔍 [getAllUsers] Parsed filters","pageIndex":0,"pageSize":10,"searchText":"","timestamp":"2026-06-03 17:05:58"}
{"level":"info","message":"getAllUsers called","pageIndex":0,"pageSize":10,"searchText":"","timestamp":"2026-06-03 17:05:58"}
{"level":"info","message":"Fetching all users without search filter","timestamp":"2026-06-03 17:05:58"}
{"level":"info","message":"Pagination applied: skip=0, limit=10","timestamp":"2026-06-03 17:05:58"}
{"level":"info","message":"✅ Found 4 users","timestamp":"2026-06-03 17:05:58"}
{"level":"info","message":"✅ [getAllUsers] Service response received","responseCode":200,"timestamp":"2026-06-03 17:05:58"}
{"body":{},"level":"info","message":"📥 [getAllUsers] Incoming request","query":{"pageIndex":"0","pageSize":"10"},"timestamp":"2026-06-03 17:07:02"}
{"level":"info","message":"🔍 [getAllUsers] Parsed filters","pageIndex":0,"pageSize":10,"searchText":"","timestamp":"2026-06-03 17:07:02"}
{"level":"info","message":"getAllUsers called","pageIndex":0,"pageSize":10,"searchText":"","timestamp":"2026-06-03 17:07:02"}
{"level":"info","message":"Fetching all users without search filter","timestamp":"2026-06-03 17:07:02"}
{"level":"info","message":"Pagination applied: skip=0, limit=10","timestamp":"2026-06-03 17:07:02"}
{"level":"info","message":"✅ Found 4 users","timestamp":"2026-06-03 17:07:02"}
{"level":"info","message":"✅ [getAllUsers] Service response received","responseCode":200,"timestamp":"2026-06-03 17:07:02"}
{"level":"info","message":"getProfile: id=6a200f371d145caf46fd19f2","timestamp":"2026-06-03 17:07:06"}
{"body":{},"level":"info","message":"📥 [getAllUsers] Incoming request","query":{"pageIndex":"0","pageSize":"10","status":"2"},"timestamp":"2026-06-03 17:07:11"}
{"level":"info","message":"🔍 [getAllUsers] Parsed filters","pageIndex":0,"pageSize":10,"searchText":"","status":"2","timestamp":"2026-06-03 17:07:11"}
{"level":"info","message":"getAllUsers called","pageIndex":0,"pageSize":10,"searchText":"","status":"2","timestamp":"2026-06-03 17:07:11"}
{"level":"info","message":"Fetching all users without search filter","timestamp":"2026-06-03 17:07:11"}
{"level":"info","message":"Pagination applied: skip=0, limit=10","timestamp":"2026-06-03 17:07:11"}
{"level":"info","message":"✅ Found 1 users","timestamp":"2026-06-03 17:07:11"}
{"level":"info","message":"✅ [getAllUsers] Service response received","responseCode":200,"timestamp":"2026-06-03 17:07:11"}
{"body":{},"level":"info","message":"📥 [getAllUsers] Incoming request","query":{"pageIndex":"0","pageSize":"10","status":"1"},"timestamp":"2026-06-03 17:07:15"}
{"level":"info","message":"🔍 [getAllUsers] Parsed filters","pageIndex":0,"pageSize":10,"searchText":"","status":"1","timestamp":"2026-06-03 17:07:15"}
{"level":"info","message":"getAllUsers called","pageIndex":0,"pageSize":10,"searchText":"","status":"1","timestamp":"2026-06-03 17:07:15"}
{"level":"info","message":"Fetching all users without search filter","timestamp":"2026-06-03 17:07:15"}
{"level":"info","message":"Pagination applied: skip=0, limit=10","timestamp":"2026-06-03 17:07:15"}
{"level":"info","message":"✅ Found 3 users","timestamp":"2026-06-03 17:07:15"}
{"level":"info","message":"✅ [getAllUsers] Service response received","responseCode":200,"timestamp":"2026-06-03 17:07:15"}
{"body":{},"level":"info","message":"📥 [getAllUsers] Incoming request","query":{"pageIndex":"0","pageSize":"10"},"timestamp":"2026-06-03 17:08:27"}
{"level":"info","message":"🔍 [getAllUsers] Parsed filters","pageIndex":0,"pageSize":10,"searchText":"","timestamp":"2026-06-03 17:08:27"}
{"level":"info","message":"getAllUsers called","pageIndex":0,"pageSize":10,"searchText":"","timestamp":"2026-06-03 17:08:27"}
{"level":"info","message":"Fetching all users without search filter","timestamp":"2026-06-03 17:08:27"}
{"level":"info","message":"Pagination applied: skip=0, limit=10","timestamp":"2026-06-03 17:08:27"}
{"level":"info","message":"✅ Found 4 users","timestamp":"2026-06-03 17:08:27"}
{"level":"info","message":"✅ [getAllUsers] Service response received","responseCode":200,"timestamp":"2026-06-03 17:08:27"}
{"body":{},"level":"info","message":"📥 [getAllUsers] Incoming request","query":{"pageIndex":"0","pageSize":"10","searchText":"t"},"timestamp":"2026-06-03 17:09:03"}
{"level":"info","message":"🔍 [getAllUsers] Parsed filters","pageIndex":0,"pageSize":10,"searchText":"t","timestamp":"2026-06-03 17:09:03"}
{"level":"info","message":"getAllUsers called","pageIndex":0,"pageSize":10,"searchText":"t","timestamp":"2026-06-03 17:09:03"}
{"level":"info","message":"Searching users with text=\"t\"","timestamp":"2026-06-03 17:09:03"}
{"level":"info","message":"Pagination applied: skip=0, limit=10","timestamp":"2026-06-03 17:09:03"}
{"level":"info","message":"✅ Found 3 users","timestamp":"2026-06-03 17:09:03"}
{"level":"info","message":"✅ [getAllUsers] Service response received","responseCode":200,"timestamp":"2026-06-03 17:09:03"}
{"body":{},"level":"info","message":"📥 [getAllUsers] Incoming request","query":{"pageIndex":"0","pageSize":"10","searchText":"te"},"timestamp":"2026-06-03 17:09:03"}
{"level":"info","message":"🔍 [getAllUsers] Parsed filters","pageIndex":0,"pageSize":10,"searchText":"te","timestamp":"2026-06-03 17:09:03"}
{"level":"info","message":"getAllUsers called","pageIndex":0,"pageSize":10,"searchText":"te","timestamp":"2026-06-03 17:09:03"}
{"level":"info","message":"Searching users with text=\"te\"","timestamp":"2026-06-03 17:09:03"}
{"level":"info","message":"Pagination applied: skip=0, limit=10","timestamp":"2026-06-03 17:09:03"}
{"level":"info","message":"✅ Found 3 users","timestamp":"2026-06-03 17:09:03"}
{"level":"info","message":"✅ [getAllUsers] Service response received","responseCode":200,"timestamp":"2026-06-03 17:09:03"}
{"body":{},"level":"info","message":"📥 [getAllUsers] Incoming request","query":{"pageIndex":"0","pageSize":"10","searchText":"tes"},"timestamp":"2026-06-03 17:09:03"}
{"level":"info","message":"🔍 [getAllUsers] Parsed filters","pageIndex":0,"pageSize":10,"searchText":"tes","timestamp":"2026-06-03 17:09:03"}
{"level":"info","message":"getAllUsers called","pageIndex":0,"pageSize":10,"searchText":"tes","timestamp":"2026-06-03 17:09:03"}
{"level":"info","message":"Searching users with text=\"tes\"","timestamp":"2026-06-03 17:09:03"}
{"level":"info","message":"Pagination applied: skip=0, limit=10","timestamp":"2026-06-03 17:09:03"}
{"level":"info","message":"✅ Found 3 users","timestamp":"2026-06-03 17:09:03"}
{"level":"info","message":"✅ [getAllUsers] Service response received","responseCode":200,"timestamp":"2026-06-03 17:09:03"}
{"body":{},"level":"info","message":"📥 [getAllUsers] Incoming request","query":{"pageIndex":"0","pageSize":"10"},"timestamp":"2026-06-03 17:09:05"}
{"level":"info","message":"🔍 [getAllUsers] Parsed filters","pageIndex":0,"pageSize":10,"searchText":"","timestamp":"2026-06-03 17:09:05"}
{"level":"info","message":"getAllUsers called","pageIndex":0,"pageSize":10,"searchText":"","timestamp":"2026-06-03 17:09:05"}
{"level":"info","message":"Fetching all users without search filter","timestamp":"2026-06-03 17:09:05"}
{"level":"info","message":"Pagination applied: skip=0, limit=10","timestamp":"2026-06-03 17:09:05"}
{"level":"info","message":"✅ Found 4 users","timestamp":"2026-06-03 17:09:05"}
{"level":"info","message":"✅ [getAllUsers] Service response received","responseCode":200,"timestamp":"2026-06-03 17:09:05"}
{"body":{},"level":"info","message":"📥 [getAllUsers] Incoming request","query":{"pageIndex":"0","pageSize":"10","searchText":"j"},"timestamp":"2026-06-03 17:09:05"}
{"level":"info","message":"🔍 [getAllUsers] Parsed filters","pageIndex":0,"pageSize":10,"searchText":"j","timestamp":"2026-06-03 17:09:05"}
{"level":"info","message":"getAllUsers called","pageIndex":0,"pageSize":10,"searchText":"j","timestamp":"2026-06-03 17:09:05"}
{"level":"info","message":"Searching users with text=\"j\"","timestamp":"2026-06-03 17:09:05"}
{"level":"info","message":"Pagination applied: skip=0, limit=10","timestamp":"2026-06-03 17:09:05"}
{"level":"info","message":"✅ Found 1 users","timestamp":"2026-06-03 17:09:05"}
{"level":"info","message":"✅ [getAllUsers] Service response received","responseCode":200,"timestamp":"2026-06-03 17:09:05"}
{"body":{},"level":"info","message":"📥 [getAllUsers] Incoming request","query":{"pageIndex":"0","pageSize":"10","searchText":"jo"},"timestamp":"2026-06-03 17:09:05"}
{"level":"info","message":"🔍 [getAllUsers] Parsed filters","pageIndex":0,"pageSize":10,"searchText":"jo","timestamp":"2026-06-03 17:09:05"}
{"level":"info","message":"getAllUsers called","pageIndex":0,"pageSize":10,"searchText":"jo","timestamp":"2026-06-03 17:09:05"}
{"level":"info","message":"Searching users with text=\"jo\"","timestamp":"2026-06-03 17:09:05"}
{"level":"info","message":"Pagination applied: skip=0, limit=10","timestamp":"2026-06-03 17:09:05"}
{"level":"info","message":"✅ Found 1 users","timestamp":"2026-06-03 17:09:05"}
{"level":"info","message":"✅ [getAllUsers] Service response received","responseCode":200,"timestamp":"2026-06-03 17:09:05"}
{"body":{},"level":"info","message":"📥 [getAllUsers] Incoming request","query":{"pageIndex":"0","pageSize":"10","searchText":"ts"},"timestamp":"2026-06-03 17:09:13"}
{"level":"info","message":"🔍 [getAllUsers] Parsed filters","pageIndex":0,"pageSize":10,"searchText":"ts","timestamp":"2026-06-03 17:09:13"}
{"level":"info","message":"getAllUsers called","pageIndex":0,"pageSize":10,"searchText":"ts","timestamp":"2026-06-03 17:09:13"}
{"level":"info","message":"Searching users with text=\"ts\"","timestamp":"2026-06-03 17:09:13"}
{"level":"info","message":"Pagination applied: skip=0, limit=10","timestamp":"2026-06-03 17:09:13"}
{"level":"warn","message":"⚠️ No users found","timestamp":"2026-06-03 17:09:13"}
{"level":"info","message":"✅ [getAllUsers] Service response received","responseCode":404,"timestamp":"2026-06-03 17:09:13"}
{"body":{},"level":"info","message":"📥 [getAllUsers] Incoming request","query":{"pageIndex":"0","pageSize":"10","searchText":"test"},"timestamp":"2026-06-03 17:09:15"}
{"level":"info","message":"🔍 [getAllUsers] Parsed filters","pageIndex":0,"pageSize":10,"searchText":"test","timestamp":"2026-06-03 17:09:15"}
{"level":"info","message":"getAllUsers called","pageIndex":0,"pageSize":10,"searchText":"test","timestamp":"2026-06-03 17:09:15"}
{"level":"info","message":"Searching users with text=\"test\"","timestamp":"2026-06-03 17:09:15"}
{"level":"info","message":"Pagination applied: skip=0, limit=10","timestamp":"2026-06-03 17:09:15"}
{"level":"info","message":"✅ Found 3 users","timestamp":"2026-06-03 17:09:15"}
{"level":"info","message":"✅ [getAllUsers] Service response received","responseCode":200,"timestamp":"2026-06-03 17:09:15"}
{"level":"info","message":"Logout initiated","timestamp":"2026-06-03 17:09:37","token":"eyJhbGciOiJIUzI1NiIsInR5cCI6IkpXVCJ9.eyJlbWFpbCI6InRlc3RAdGVzdC5jb20iLCJpYXQiOjE3ODA0ODQ0MTIsImV4cCI6MTc4MzA3NjQxMn0.i94KvrkOF3lrqQljqNefGd_NOVQ89GQenWoOZ9ApN18"}
{"level":"warn","message":"Logout attempted with invalid or expired session token","timestamp":"2026-06-03 17:09:37","token":"eyJhbGciOiJIUzI1NiIsInR5cCI6IkpXVCJ9.eyJlbWFpbCI6InRlc3RAdGVzdC5jb20iLCJpYXQiOjE3ODA0ODQ0MTIsImV4cCI6MTc4MzA3NjQxMn0.i94KvrkOF3lrqQljqNefGd_NOVQ89GQenWoOZ9ApN18"}
{"body":{},"level":"info","message":"📥 [getAllUsers] Incoming request","query":{"pageIndex":"0","pageSize":"10"},"timestamp":"2026-06-03 17:09:49"}
{"level":"info","message":"🔍 [getAllUsers] Parsed filters","pageIndex":0,"pageSize":10,"searchText":"","timestamp":"2026-06-03 17:09:49"}
{"level":"info","message":"getAllUsers called","pageIndex":0,"pageSize":10,"searchText":"","timestamp":"2026-06-03 17:09:49"}
{"level":"info","message":"Fetching all users without search filter","timestamp":"2026-06-03 17:09:49"}
{"level":"info","message":"Pagination applied: skip=0, limit=10","timestamp":"2026-06-03 17:09:49"}
{"level":"info","message":"✅ Found 4 users","timestamp":"2026-06-03 17:09:49"}
{"level":"info","message":"✅ [getAllUsers] Service response received","responseCode":200,"timestamp":"2026-06-03 17:09:49"}
{"level":"info","message":"Logout initiated","timestamp":"2026-06-03 17:10:03","token":"eyJhbGciOiJIUzI1NiIsInR5cCI6IkpXVCJ9.eyJlbWFpbCI6InRlc3QzQHRlc3QuY29tIiwiaWF0IjoxNzgwNDg2Nzg5LCJleHAiOjE3ODMwNzg3ODl9.bFXPsNWSEsUgs2soxUdpYb_PcQseAgtfqv7YnOMqsVQ"}
{"level":"warn","message":"Logout attempted with invalid or expired session token","timestamp":"2026-06-03 17:10:03","token":"eyJhbGciOiJIUzI1NiIsInR5cCI6IkpXVCJ9.eyJlbWFpbCI6InRlc3QzQHRlc3QuY29tIiwiaWF0IjoxNzgwNDg2Nzg5LCJleHAiOjE3ODMwNzg3ODl9.bFXPsNWSEsUgs2soxUdpYb_PcQseAgtfqv7YnOMqsVQ"}
{"body":{},"level":"info","message":"📥 [getAllUsers] Incoming request","query":{"pageIndex":"0","pageSize":"10"},"timestamp":"2026-06-03 17:10:29"}
{"level":"info","message":"🔍 [getAllUsers] Parsed filters","pageIndex":0,"pageSize":10,"searchText":"","timestamp":"2026-06-03 17:10:29"}
{"level":"info","message":"getAllUsers called","pageIndex":0,"pageSize":10,"searchText":"","timestamp":"2026-06-03 17:10:29"}
{"level":"info","message":"Fetching all users without search filter","timestamp":"2026-06-03 17:10:29"}
{"level":"info","message":"Pagination applied: skip=0, limit=10","timestamp":"2026-06-03 17:10:29"}
{"level":"info","message":"✅ Found 4 users","timestamp":"2026-06-03 17:10:29"}
{"level":"info","message":"✅ [getAllUsers] Service response received","responseCode":200,"timestamp":"2026-06-03 17:10:29"}
{"level":"info","message":"📝 blockUnblockUser called for ID: 6a200f371d145caf46fd19f2 with status: 1","timestamp":"2026-06-03 17:10:52"}
{"level":"info","message":"✅ User 6a200f371d145caf46fd19f2 status changed from 2 to 1","timestamp":"2026-06-03 17:10:52"}
{"level":"info","message":"ℹ️ Response message for user 6a200f371d145caf46fd19f2: User activated successfully.","timestamp":"2026-06-03 17:10:52"}
{"body":{},"level":"info","message":"📥 [getAllUsers] Incoming request","query":{"pageIndex":"0","pageSize":"10"},"timestamp":"2026-06-03 17:10:53"}
{"level":"info","message":"🔍 [getAllUsers] Parsed filters","pageIndex":0,"pageSize":10,"searchText":"","timestamp":"2026-06-03 17:10:53"}
{"level":"info","message":"getAllUsers called","pageIndex":0,"pageSize":10,"searchText":"","timestamp":"2026-06-03 17:10:53"}
{"level":"info","message":"Fetching all users without search filter","timestamp":"2026-06-03 17:10:53"}
{"level":"info","message":"Pagination applied: skip=0, limit=10","timestamp":"2026-06-03 17:10:53"}
{"level":"info","message":"✅ Found 4 users","timestamp":"2026-06-03 17:10:53"}
{"level":"info","message":"✅ [getAllUsers] Service response received","responseCode":200,"timestamp":"2026-06-03 17:10:53"}
{"level":"info","message":"📝 blockUnblockUser called for ID: 6a200f371d145caf46fd19f2 with status: 2","timestamp":"2026-06-03 17:11:21"}
{"level":"info","message":"✅ User 6a200f371d145caf46fd19f2 status changed from 1 to 2","timestamp":"2026-06-03 17:11:21"}
{"level":"info","message":"ℹ️ Response message for user 6a200f371d145caf46fd19f2: User deactivated successfully.","timestamp":"2026-06-03 17:11:21"}
{"body":{},"level":"info","message":"📥 [getAllUsers] Incoming request","query":{"pageIndex":"0","pageSize":"10"},"timestamp":"2026-06-03 17:11:21"}
{"level":"info","message":"🔍 [getAllUsers] Parsed filters","pageIndex":0,"pageSize":10,"searchText":"","timestamp":"2026-06-03 17:11:21"}
{"level":"info","message":"getAllUsers called","pageIndex":0,"pageSize":10,"searchText":"","timestamp":"2026-06-03 17:11:21"}
{"level":"info","message":"Fetching all users without search filter","timestamp":"2026-06-03 17:11:21"}
{"level":"info","message":"Pagination applied: skip=0, limit=10","timestamp":"2026-06-03 17:11:21"}
{"level":"info","message":"✅ Found 4 users","timestamp":"2026-06-03 17:11:21"}
{"level":"info","message":"✅ [getAllUsers] Service response received","responseCode":200,"timestamp":"2026-06-03 17:11:21"}
{"level":"info","message":"Logout initiated","timestamp":"2026-06-03 17:11:32","token":"eyJhbGciOiJIUzI1NiIsInR5cCI6IkpXVCJ9.eyJlbWFpbCI6InRlc3QzQHRlc3QuY29tIiwiaWF0IjoxNzgwNDg2ODI4LCJleHAiOjE3ODMwNzg4Mjh9.gmPbbMmfUgAiYqKYkepZjIHgaeJlUSQrUkaq4JNmJMo"}
{"level":"warn","message":"Logout attempted with invalid or expired session token","timestamp":"2026-06-03 17:11:32","token":"eyJhbGciOiJIUzI1NiIsInR5cCI6IkpXVCJ9.eyJlbWFpbCI6InRlc3QzQHRlc3QuY29tIiwiaWF0IjoxNzgwNDg2ODI4LCJleHAiOjE3ODMwNzg4Mjh9.gmPbbMmfUgAiYqKYkepZjIHgaeJlUSQrUkaq4JNmJMo"}
{"body":{},"level":"info","message":"📥 [getAllUsers] Incoming request","query":{"pageIndex":"0","pageSize":"10"},"timestamp":"2026-06-03 17:12:03"}
{"level":"info","message":"🔍 [getAllUsers] Parsed filters","pageIndex":0,"pageSize":10,"searchText":"","timestamp":"2026-06-03 17:12:03"}
{"level":"info","message":"getAllUsers called","pageIndex":0,"pageSize":10,"searchText":"","timestamp":"2026-06-03 17:12:03"}
{"level":"info","message":"Fetching all users without search filter","timestamp":"2026-06-03 17:12:03"}
{"level":"info","message":"Pagination applied: skip=0, limit=10","timestamp":"2026-06-03 17:12:03"}
{"level":"info","message":"✅ Found 4 users","timestamp":"2026-06-03 17:12:03"}
{"level":"info","message":"✅ [getAllUsers] Service response received","responseCode":200,"timestamp":"2026-06-03 17:12:03"}
{"body":{},"level":"info","message":"📥 [getAllUsers] Incoming request","query":{"pageIndex":"0","pageSize":"10"},"timestamp":"2026-06-03 17:13:17"}
{"level":"info","message":"🔍 [getAllUsers] Parsed filters","pageIndex":0,"pageSize":10,"searchText":"","timestamp":"2026-06-03 17:13:17"}
{"level":"info","message":"getAllUsers called","pageIndex":0,"pageSize":10,"searchText":"","timestamp":"2026-06-03 17:13:17"}
{"level":"info","message":"Fetching all users without search filter","timestamp":"2026-06-03 17:13:17"}
{"level":"info","message":"Pagination applied: skip=0, limit=10","timestamp":"2026-06-03 17:13:17"}
{"level":"info","message":"✅ Found 4 users","timestamp":"2026-06-03 17:13:17"}
{"level":"info","message":"✅ [getAllUsers] Service response received","responseCode":200,"timestamp":"2026-06-03 17:13:17"}
{"level":"info","message":"Logout initiated","timestamp":"2026-06-03 17:13:19","token":"eyJhbGciOiJIUzI1NiIsInR5cCI6IkpXVCJ9.eyJlbWFpbCI6InRlc3QzQHRlc3QuY29tIiwiaWF0IjoxNzgwNDg2OTA0LCJleHAiOjE3ODMwNzg5MDR9.5jswIsQ9vertJv1en8Oj1Tbnr28TFpE9yDt6wjZxJfA"}
{"level":"warn","message":"Logout attempted with invalid or expired session token","timestamp":"2026-06-03 17:13:19","token":"eyJhbGciOiJIUzI1NiIsInR5cCI6IkpXVCJ9.eyJlbWFpbCI6InRlc3QzQHRlc3QuY29tIiwiaWF0IjoxNzgwNDg2OTA0LCJleHAiOjE3ODMwNzg5MDR9.5jswIsQ9vertJv1en8Oj1Tbnr28TFpE9yDt6wjZxJfA"}
{"body":{},"level":"info","message":"📥 [getAllUsers] Incoming request","query":{"pageIndex":"0","pageSize":"10"},"timestamp":"2026-06-03 17:14:38"}
{"level":"info","message":"🔍 [getAllUsers] Parsed filters","pageIndex":0,"pageSize":10,"searchText":"","timestamp":"2026-06-03 17:14:38"}
{"level":"info","message":"getAllUsers called","pageIndex":0,"pageSize":10,"searchText":"","timestamp":"2026-06-03 17:14:38"}
{"level":"info","message":"Fetching all users without search filter","timestamp":"2026-06-03 17:14:38"}
{"level":"info","message":"Pagination applied: skip=0, limit=10","timestamp":"2026-06-03 17:14:38"}
{"level":"info","message":"✅ Found 4 users","timestamp":"2026-06-03 17:14:38"}
{"level":"info","message":"✅ [getAllUsers] Service response received","responseCode":200,"timestamp":"2026-06-03 17:14:38"}
{"level":"info","message":"Logout initiated","timestamp":"2026-06-03 17:14:42","token":"undefined"}
{"level":"warn","message":"Logout attempted with invalid or expired session token","timestamp":"2026-06-03 17:14:42","token":"undefined"}
{"body":{},"level":"info","message":"📥 [getAllUsers] Incoming request","query":{"pageIndex":"0","pageSize":"10"},"timestamp":"2026-06-03 17:15:14"}
{"level":"info","message":"🔍 [getAllUsers] Parsed filters","pageIndex":0,"pageSize":10,"searchText":"","timestamp":"2026-06-03 17:15:14"}
{"level":"info","message":"getAllUsers called","pageIndex":0,"pageSize":10,"searchText":"","timestamp":"2026-06-03 17:15:14"}
{"level":"info","message":"Fetching all users without search filter","timestamp":"2026-06-03 17:15:14"}
{"level":"info","message":"Pagination applied: skip=0, limit=10","timestamp":"2026-06-03 17:15:14"}
{"level":"info","message":"✅ Found 4 users","timestamp":"2026-06-03 17:15:14"}
{"level":"info","message":"✅ [getAllUsers] Service response received","responseCode":200,"timestamp":"2026-06-03 17:15:14"}
{"level":"info","message":"Logout initiated","timestamp":"2026-06-03 17:15:35","token":"eyJhbGciOiJIUzI1NiIsInR5cCI6IkpXVCJ9.eyJlbWFpbCI6InRlc3QzQHRlc3QuY29tIiwiaWF0IjoxNzgwNDg3MTE0LCJleHAiOjE3ODMwNzkxMTR9.Ak5UniKSUjOJm50bumvxx6L6a9jdVCXQpw4HeCCePAc"}
{"level":"warn","message":"Logout attempted with invalid or expired session token","timestamp":"2026-06-03 17:15:35","token":"eyJhbGciOiJIUzI1NiIsInR5cCI6IkpXVCJ9.eyJlbWFpbCI6InRlc3QzQHRlc3QuY29tIiwiaWF0IjoxNzgwNDg3MTE0LCJleHAiOjE3ODMwNzkxMTR9.Ak5UniKSUjOJm50bumvxx6L6a9jdVCXQpw4HeCCePAc"}
{"body":{},"level":"info","message":"📥 [getAllUsers] Incoming request","query":{"pageIndex":"0","pageSize":"10"},"timestamp":"2026-06-03 17:15:51"}
{"level":"info","message":"🔍 [getAllUsers] Parsed filters","pageIndex":0,"pageSize":10,"searchText":"","timestamp":"2026-06-03 17:15:51"}
{"level":"info","message":"getAllUsers called","pageIndex":0,"pageSize":10,"searchText":"","timestamp":"2026-06-03 17:15:51"}
{"level":"info","message":"Fetching all users without search filter","timestamp":"2026-06-03 17:15:51"}
{"level":"info","message":"Pagination applied: skip=0, limit=10","timestamp":"2026-06-03 17:15:51"}
{"level":"info","message":"✅ Found 4 users","timestamp":"2026-06-03 17:15:51"}
{"level":"info","message":"✅ [getAllUsers] Service response received","responseCode":200,"timestamp":"2026-06-03 17:15:51"}
{"body":{},"level":"info","message":"📥 [getAllUsers] Incoming request","query":{"pageIndex":"0","pageSize":"10"},"timestamp":"2026-06-03 17:17:52"}
{"level":"info","message":"🔍 [getAllUsers] Parsed filters","pageIndex":0,"pageSize":10,"searchText":"","timestamp":"2026-06-03 17:17:52"}
{"level":"info","message":"getAllUsers called","pageIndex":0,"pageSize":10,"searchText":"","timestamp":"2026-06-03 17:17:52"}
{"level":"info","message":"Fetching all users without search filter","timestamp":"2026-06-03 17:17:52"}
{"level":"info","message":"Pagination applied: skip=0, limit=10","timestamp":"2026-06-03 17:17:52"}
{"level":"info","message":"✅ Found 4 users","timestamp":"2026-06-03 17:17:52"}
{"level":"info","message":"✅ [getAllUsers] Service response received","responseCode":200,"timestamp":"2026-06-03 17:17:52"}
{"level":"info","message":"🎯 getAllModule request received","pageIndex":0,"pageSize":100,"timestamp":"2026-06-03 17:18:17"}
{"level":"info","message":"getAllModule called","pageIndex":0,"pageSize":100,"timestamp":"2026-06-03 17:18:17"}
{"level":"info","message":"Fetching modules with pagination pageIndex=0, pageSize=100","timestamp":"2026-06-03 17:18:17"}
{"level":"info","message":"Fetching all modules without search","timestamp":"2026-06-03 17:18:17"}
{"level":"info","message":"✅ Found 6 modules","timestamp":"2026-06-03 17:18:17"}
{"count":0,"level":"info","message":"✅ getAllModule response","timestamp":"2026-06-03 17:18:17"}
{"body":{},"level":"info","message":"📥 [getAllUsers] Incoming request","query":{"pageIndex":"0","pageSize":"10"},"timestamp":"2026-06-03 17:18:31"}
{"level":"info","message":"🔍 [getAllUsers] Parsed filters","pageIndex":0,"pageSize":10,"searchText":"","timestamp":"2026-06-03 17:18:31"}
{"level":"info","message":"getAllUsers called","pageIndex":0,"pageSize":10,"searchText":"","timestamp":"2026-06-03 17:18:31"}
{"level":"info","message":"Fetching all users without search filter","timestamp":"2026-06-03 17:18:31"}
{"level":"info","message":"Pagination applied: skip=0, limit=10","timestamp":"2026-06-03 17:18:31"}
{"level":"info","message":"✅ Found 4 users","timestamp":"2026-06-03 17:18:31"}
{"level":"info","message":"✅ [getAllUsers] Service response received","responseCode":200,"timestamp":"2026-06-03 17:18:31"}
{"body":{},"level":"info","message":"📥 [getAllUsers] Incoming request","query":{"pageIndex":"0","pageSize":"10"},"timestamp":"2026-06-03 17:19:49"}
{"level":"info","message":"🔍 [getAllUsers] Parsed filters","pageIndex":0,"pageSize":10,"searchText":"","timestamp":"2026-06-03 17:19:49"}
{"level":"info","message":"getAllUsers called","pageIndex":0,"pageSize":10,"searchText":"","timestamp":"2026-06-03 17:19:49"}
{"level":"info","message":"Fetching all users without search filter","timestamp":"2026-06-03 17:19:49"}
{"level":"info","message":"Pagination applied: skip=0, limit=10","timestamp":"2026-06-03 17:19:49"}
{"level":"info","message":"✅ Found 4 users","timestamp":"2026-06-03 17:19:49"}
{"level":"info","message":"✅ [getAllUsers] Service response received","responseCode":200,"timestamp":"2026-06-03 17:19:49"}
{"level":"info","message":"🎯 getAllModule request received","pageIndex":0,"pageSize":100,"timestamp":"2026-06-03 17:20:13"}
{"level":"info","message":"getAllModule called","pageIndex":0,"pageSize":100,"timestamp":"2026-06-03 17:20:13"}
{"level":"info","message":"Fetching modules with pagination pageIndex=0, pageSize=100","timestamp":"2026-06-03 17:20:13"}
{"level":"info","message":"Fetching all modules without search","timestamp":"2026-06-03 17:20:13"}
{"level":"info","message":"✅ Found 6 modules","timestamp":"2026-06-03 17:20:13"}
{"count":0,"level":"info","message":"✅ getAllModule response","timestamp":"2026-06-03 17:20:13"}
{"level":"info","message":"Logout initiated","timestamp":"2026-06-03 17:20:41","token":"eyJhbGciOiJIUzI1NiIsInR5cCI6IkpXVCJ9.eyJlbWFpbCI6InRlc3RAdGVzdC5jb20iLCJpYXQiOjE3ODA0ODcxNTEsImV4cCI6MTc4MzA3OTE1MX0.UByEcOqzZtMTFO8vtuOU65Iy7-MANDz6hRvpPGwaDcw"}
{"level":"warn","message":"Logout attempted with invalid or expired session token","timestamp":"2026-06-03 17:20:41","token":"eyJhbGciOiJIUzI1NiIsInR5cCI6IkpXVCJ9.eyJlbWFpbCI6InRlc3RAdGVzdC5jb20iLCJpYXQiOjE3ODA0ODcxNTEsImV4cCI6MTc4MzA3OTE1MX0.UByEcOqzZtMTFO8vtuOU65Iy7-MANDz6hRvpPGwaDcw"}
{"body":{},"level":"info","message":"📥 [getAllUsers] Incoming request","query":{"pageIndex":"0","pageSize":"10"},"timestamp":"2026-06-03 17:27:05"}
{"level":"info","message":"🔍 [getAllUsers] Parsed filters","pageIndex":0,"pageSize":10,"searchText":"","timestamp":"2026-06-03 17:27:05"}
{"level":"info","message":"getAllUsers called","pageIndex":0,"pageSize":10,"searchText":"","timestamp":"2026-06-03 17:27:05"}
{"level":"info","message":"Fetching all users without search filter","timestamp":"2026-06-03 17:27:05"}
{"level":"info","message":"Pagination applied: skip=0, limit=10","timestamp":"2026-06-03 17:27:05"}
{"level":"info","message":"✅ Found 4 users","timestamp":"2026-06-03 17:27:05"}
{"level":"info","message":"✅ [getAllUsers] Service response received","responseCode":200,"timestamp":"2026-06-03 17:27:05"}
{"body":{},"level":"info","message":"📥 [getAllUsers] Incoming request","query":{"pageIndex":"0","pageSize":"10"},"timestamp":"2026-06-03 17:28:03"}
{"level":"info","message":"🔍 [getAllUsers] Parsed filters","pageIndex":0,"pageSize":10,"searchText":"","timestamp":"2026-06-03 17:28:03"}
{"level":"info","message":"getAllUsers called","pageIndex":0,"pageSize":10,"searchText":"","timestamp":"2026-06-03 17:28:03"}
{"level":"info","message":"Fetching all users without search filter","timestamp":"2026-06-03 17:28:03"}
{"level":"info","message":"Pagination applied: skip=0, limit=10","timestamp":"2026-06-03 17:28:03"}
{"level":"info","message":"✅ Found 4 users","timestamp":"2026-06-03 17:28:03"}
{"level":"info","message":"✅ [getAllUsers] Service response received","responseCode":200,"timestamp":"2026-06-03 17:28:03"}
{"body":{},"level":"info","message":"📥 [getAllUsers] Incoming request","query":{"pageIndex":"0","pageSize":"10"},"timestamp":"2026-06-03 17:34:16"}
{"level":"info","message":"🔍 [getAllUsers] Parsed filters","pageIndex":0,"pageSize":10,"searchText":"","timestamp":"2026-06-03 17:34:16"}
{"level":"info","message":"getAllUsers called","pageIndex":0,"pageSize":10,"searchText":"","timestamp":"2026-06-03 17:34:16"}
{"level":"info","message":"Fetching all users without search filter","timestamp":"2026-06-03 17:34:16"}
{"level":"info","message":"Pagination applied: skip=0, limit=10","timestamp":"2026-06-03 17:34:16"}
{"level":"info","message":"✅ Found 4 users","timestamp":"2026-06-03 17:34:16"}
{"level":"info","message":"✅ [getAllUsers] Service response received","responseCode":200,"timestamp":"2026-06-03 17:34:16"}
{"body":{},"level":"info","message":"📥 [getAllUsers] Incoming request","query":{"pageIndex":"0","pageSize":"10"},"timestamp":"2026-06-03 19:43:46"}
{"level":"info","message":"🔍 [getAllUsers] Parsed filters","pageIndex":0,"pageSize":10,"searchText":"","timestamp":"2026-06-03 19:43:46"}
{"level":"info","message":"getAllUsers called","pageIndex":0,"pageSize":10,"searchText":"","timestamp":"2026-06-03 19:43:46"}
{"level":"info","message":"Fetching all users without search filter","timestamp":"2026-06-03 19:43:46"}
{"level":"info","message":"Pagination applied: skip=0, limit=10","timestamp":"2026-06-03 19:43:46"}
{"level":"info","message":"✅ Found 4 users","timestamp":"2026-06-03 19:43:46"}
{"level":"info","message":"✅ [getAllUsers] Service response received","responseCode":200,"timestamp":"2026-06-03 19:43:46"}
{"level":"info","message":"🎯 getAllModule request received","pageIndex":0,"pageSize":100,"timestamp":"2026-06-03 19:43:49"}
{"level":"info","message":"getAllModule called","pageIndex":0,"pageSize":100,"timestamp":"2026-06-03 19:43:49"}
{"level":"info","message":"Fetching modules with pagination pageIndex=0, pageSize=100","timestamp":"2026-06-03 19:43:49"}
{"level":"info","message":"Fetching all modules without search","timestamp":"2026-06-03 19:43:49"}
{"level":"info","message":"✅ Found 6 modules","timestamp":"2026-06-03 19:43:49"}
{"count":0,"level":"info","message":"✅ getAllModule response","timestamp":"2026-06-03 19:43:49"}
{"body":{},"level":"info","message":"📥 [getAllUsers] Incoming request","query":{"pageIndex":"0","pageSize":"10"},"timestamp":"2026-06-03 19:44:34"}
{"level":"info","message":"🔍 [getAllUsers] Parsed filters","pageIndex":0,"pageSize":10,"searchText":"","timestamp":"2026-06-03 19:44:34"}
{"level":"info","message":"getAllUsers called","pageIndex":0,"pageSize":10,"searchText":"","timestamp":"2026-06-03 19:44:34"}
{"level":"info","message":"Fetching all users without search filter","timestamp":"2026-06-03 19:44:34"}
{"level":"info","message":"Pagination applied: skip=0, limit=10","timestamp":"2026-06-03 19:44:34"}
{"level":"info","message":"✅ Found 4 users","timestamp":"2026-06-03 19:44:34"}
{"level":"info","message":"✅ [getAllUsers] Service response received","responseCode":200,"timestamp":"2026-06-03 19:44:34"}
{"body":{},"level":"info","message":"📥 [getAllUsers] Incoming request","query":{"pageIndex":"0","pageSize":"10"},"timestamp":"2026-06-03 19:45:44"}
{"level":"info","message":"🔍 [getAllUsers] Parsed filters","pageIndex":0,"pageSize":10,"searchText":"","timestamp":"2026-06-03 19:45:44"}
{"level":"info","message":"getAllUsers called","pageIndex":0,"pageSize":10,"searchText":"","timestamp":"2026-06-03 19:45:44"}
{"level":"info","message":"Fetching all users without search filter","timestamp":"2026-06-03 19:45:44"}
{"level":"info","message":"Pagination applied: skip=0, limit=10","timestamp":"2026-06-03 19:45:44"}
{"level":"info","message":"✅ Found 4 users","timestamp":"2026-06-03 19:45:44"}
{"level":"info","message":"✅ [getAllUsers] Service response received","responseCode":200,"timestamp":"2026-06-03 19:45:44"}
{"body":{},"level":"info","message":"📥 [getAllUsers] Incoming request","query":{"pageIndex":"0","pageSize":"10"},"timestamp":"2026-06-03 19:46:12"}
{"level":"info","message":"🔍 [getAllUsers] Parsed filters","pageIndex":0,"pageSize":10,"searchText":"","timestamp":"2026-06-03 19:46:12"}
{"level":"info","message":"getAllUsers called","pageIndex":0,"pageSize":10,"searchText":"","timestamp":"2026-06-03 19:46:12"}
{"level":"info","message":"Fetching all users without search filter","timestamp":"2026-06-03 19:46:12"}
{"level":"info","message":"Pagination applied: skip=0, limit=10","timestamp":"2026-06-03 19:46:12"}
{"level":"info","message":"✅ Found 4 users","timestamp":"2026-06-03 19:46:12"}
{"level":"info","message":"✅ [getAllUsers] Service response received","responseCode":200,"timestamp":"2026-06-03 19:46:12"}
{"body":{},"level":"info","message":"📥 [getAllUsers] Incoming request","query":{"pageIndex":"0","pageSize":"10"},"timestamp":"2026-06-03 19:47:33"}
{"level":"info","message":"🔍 [getAllUsers] Parsed filters","pageIndex":0,"pageSize":10,"searchText":"","timestamp":"2026-06-03 19:47:33"}
{"level":"info","message":"getAllUsers called","pageIndex":0,"pageSize":10,"searchText":"","timestamp":"2026-06-03 19:47:33"}
{"level":"info","message":"Fetching all users without search filter","timestamp":"2026-06-03 19:47:33"}
{"level":"info","message":"Pagination applied: skip=0, limit=10","timestamp":"2026-06-03 19:47:33"}
{"level":"info","message":"✅ Found 4 users","timestamp":"2026-06-03 19:47:33"}
{"level":"info","message":"✅ [getAllUsers] Service response received","responseCode":200,"timestamp":"2026-06-03 19:47:33"}
{"level":"info","message":"getProfile: id=6a200f371d145caf46fd19f2","timestamp":"2026-06-03 19:47:49"}
{"level":"info","message":"🎯 getAllModule request received","pageIndex":0,"pageSize":100,"timestamp":"2026-06-03 19:49:00"}
{"level":"info","message":"getAllModule called","pageIndex":0,"pageSize":100,"timestamp":"2026-06-03 19:49:00"}
{"level":"info","message":"Fetching modules with pagination pageIndex=0, pageSize=100","timestamp":"2026-06-03 19:49:00"}
{"level":"info","message":"Fetching all modules without search","timestamp":"2026-06-03 19:49:00"}
{"level":"info","message":"✅ Found 6 modules","timestamp":"2026-06-03 19:49:00"}
{"count":0,"level":"info","message":"✅ getAllModule response","timestamp":"2026-06-03 19:49:00"}
{"body":{},"level":"info","message":"📥 [getAllUsers] Incoming request","query":{"pageIndex":"0","pageSize":"10"},"timestamp":"2026-06-03 19:49:40"}
{"level":"info","message":"🔍 [getAllUsers] Parsed filters","pageIndex":0,"pageSize":10,"searchText":"","timestamp":"2026-06-03 19:49:40"}
{"level":"info","message":"getAllUsers called","pageIndex":0,"pageSize":10,"searchText":"","timestamp":"2026-06-03 19:49:40"}
{"level":"info","message":"Fetching all users without search filter","timestamp":"2026-06-03 19:49:40"}
{"level":"info","message":"Pagination applied: skip=0, limit=10","timestamp":"2026-06-03 19:49:40"}
{"level":"info","message":"✅ Found 4 users","timestamp":"2026-06-03 19:49:40"}
{"level":"info","message":"✅ [getAllUsers] Service response received","responseCode":200,"timestamp":"2026-06-03 19:49:40"}
{"level":"info","message":"🎯 getAllModule request received","pageIndex":0,"pageSize":100,"timestamp":"2026-06-03 19:49:44"}
{"level":"info","message":"getAllModule called","pageIndex":0,"pageSize":100,"timestamp":"2026-06-03 19:49:44"}
{"level":"info","message":"Fetching modules with pagination pageIndex=0, pageSize=100","timestamp":"2026-06-03 19:49:44"}
{"level":"info","message":"Fetching all modules without search","timestamp":"2026-06-03 19:49:44"}
{"level":"info","message":"✅ Found 6 modules","timestamp":"2026-06-03 19:49:44"}
{"count":0,"level":"info","message":"✅ getAllModule response","timestamp":"2026-06-03 19:49:44"}
{"level":"info","message":"🎯 getAllModule request received","pageIndex":0,"pageSize":100,"timestamp":"2026-06-03 19:50:16"}
{"level":"info","message":"getAllModule called","pageIndex":0,"pageSize":100,"timestamp":"2026-06-03 19:50:16"}
{"level":"info","message":"Fetching modules with pagination pageIndex=0, pageSize=100","timestamp":"2026-06-03 19:50:16"}
{"level":"info","message":"Fetching all modules without search","timestamp":"2026-06-03 19:50:16"}
{"level":"info","message":"✅ Found 6 modules","timestamp":"2026-06-03 19:50:16"}
{"count":0,"level":"info","message":"✅ getAllModule response","timestamp":"2026-06-03 19:50:16"}
{"level":"info","message":"🎯 getAllModule request received","pageIndex":0,"pageSize":100,"timestamp":"2026-06-03 19:50:52"}
{"level":"info","message":"getAllModule called","pageIndex":0,"pageSize":100,"timestamp":"2026-06-03 19:50:52"}
{"level":"info","message":"Fetching modules with pagination pageIndex=0, pageSize=100","timestamp":"2026-06-03 19:50:52"}
{"level":"info","message":"Fetching all modules without search","timestamp":"2026-06-03 19:50:52"}
{"level":"info","message":"✅ Found 6 modules","timestamp":"2026-06-03 19:50:52"}
{"count":0,"level":"info","message":"✅ getAllModule response","timestamp":"2026-06-03 19:50:52"}
{"level":"info","message":"Updating role with id: 6a2008501d145caf46fd1880","timestamp":"2026-06-03 19:53:40"}
{"body":{},"level":"info","message":"📥 [getAllUsers] Incoming request","query":{"pageIndex":"0","pageSize":"10"},"timestamp":"2026-06-03 19:54:08"}
{"level":"info","message":"🔍 [getAllUsers] Parsed filters","pageIndex":0,"pageSize":10,"searchText":"","timestamp":"2026-06-03 19:54:08"}
{"level":"info","message":"getAllUsers called","pageIndex":0,"pageSize":10,"searchText":"","timestamp":"2026-06-03 19:54:08"}
{"level":"info","message":"Fetching all users without search filter","timestamp":"2026-06-03 19:54:08"}
{"level":"info","message":"Pagination applied: skip=0, limit=10","timestamp":"2026-06-03 19:54:08"}
{"level":"info","message":"✅ Found 4 users","timestamp":"2026-06-03 19:54:08"}
{"level":"info","message":"✅ [getAllUsers] Service response received","responseCode":200,"timestamp":"2026-06-03 19:54:08"}
{"level":"info","message":"🎯 getAllModule request received","pageIndex":0,"pageSize":100,"timestamp":"2026-06-03 19:54:14"}
{"level":"info","message":"getAllModule called","pageIndex":0,"pageSize":100,"timestamp":"2026-06-03 19:54:14"}
{"level":"info","message":"Fetching modules with pagination pageIndex=0, pageSize=100","timestamp":"2026-06-03 19:54:14"}
{"level":"info","message":"Fetching all modules without search","timestamp":"2026-06-03 19:54:14"}
{"level":"info","message":"✅ Found 6 modules","timestamp":"2026-06-03 19:54:14"}
{"count":0,"level":"info","message":"✅ getAllModule response","timestamp":"2026-06-03 19:54:14"}
{"level":"info","message":"Creating new role with name: Admin","timestamp":"2026-06-03 19:55:08"}
{"body":{},"level":"info","message":"📥 [getAllUsers] Incoming request","query":{"pageIndex":"0","pageSize":"10"},"timestamp":"2026-06-03 19:55:28"}
{"level":"info","message":"🔍 [getAllUsers] Parsed filters","pageIndex":0,"pageSize":10,"searchText":"","timestamp":"2026-06-03 19:55:28"}
{"level":"info","message":"getAllUsers called","pageIndex":0,"pageSize":10,"searchText":"","timestamp":"2026-06-03 19:55:28"}
{"level":"info","message":"Fetching all users without search filter","timestamp":"2026-06-03 19:55:28"}
{"level":"info","message":"Pagination applied: skip=0, limit=10","timestamp":"2026-06-03 19:55:28"}
{"level":"info","message":"✅ Found 4 users","timestamp":"2026-06-03 19:55:28"}
{"level":"info","message":"✅ [getAllUsers] Service response received","responseCode":200,"timestamp":"2026-06-03 19:55:28"}
{"level":"info","message":"addAdmin: userId=6a200c631d145caf46fd1970","timestamp":"2026-06-03 19:55:38"}
{"body":{},"level":"info","message":"📥 [getAllUsers] Incoming request","query":{"pageIndex":"0","pageSize":"10"},"timestamp":"2026-06-03 19:55:38"}
{"level":"info","message":"🔍 [getAllUsers] Parsed filters","pageIndex":0,"pageSize":10,"searchText":"","timestamp":"2026-06-03 19:55:38"}
{"level":"info","message":"getAllUsers called","pageIndex":0,"pageSize":10,"searchText":"","timestamp":"2026-06-03 19:55:38"}
{"level":"info","message":"Fetching all users without search filter","timestamp":"2026-06-03 19:55:38"}
{"level":"info","message":"Pagination applied: skip=0, limit=10","timestamp":"2026-06-03 19:55:38"}
{"level":"info","message":"✅ Found 4 users","timestamp":"2026-06-03 19:55:38"}
{"level":"info","message":"✅ [getAllUsers] Service response received","responseCode":200,"timestamp":"2026-06-03 19:55:38"}
{"level":"info","message":"Logout initiated","timestamp":"2026-06-03 19:55:44","token":"eyJhbGciOiJIUzI1NiIsInR5cCI6IkpXVCJ9.eyJlbWFpbCI6InRlc3RAdGVzdC5jb20iLCJpYXQiOjE3ODA0ODc4ODMsImV4cCI6MTc4MzA3OTg4M30.jMrHaJqJErT0j2O23Hs-9-lZ2C6AlVHh-AtikhQNcgY"}
{"level":"warn","message":"Logout attempted with invalid or expired session token","timestamp":"2026-06-03 19:55:44","token":"eyJhbGciOiJIUzI1NiIsInR5cCI6IkpXVCJ9.eyJlbWFpbCI6InRlc3RAdGVzdC5jb20iLCJpYXQiOjE3ODA0ODc4ODMsImV4cCI6MTc4MzA3OTg4M30.jMrHaJqJErT0j2O23Hs-9-lZ2C6AlVHh-AtikhQNcgY"}
{"level":"info","message":"Logout initiated","timestamp":"2026-06-03 19:56:05","token":"eyJhbGciOiJIUzI1NiIsInR5cCI6IkpXVCJ9.eyJlbWFpbCI6ImpvaG5AdGVzdC5jb20iLCJpYXQiOjE3ODA0OTY3NTgsImV4cCI6MTc4MzA4ODc1OH0.nek5mduYimB-dzl6rTpufvFSLN38Q3mGKaDANqM7mj8"}
{"level":"warn","message":"Logout attempted with invalid or expired session token","timestamp":"2026-06-03 19:56:05","token":"eyJhbGciOiJIUzI1NiIsInR5cCI6IkpXVCJ9.eyJlbWFpbCI6ImpvaG5AdGVzdC5jb20iLCJpYXQiOjE3ODA0OTY3NTgsImV4cCI6MTc4MzA4ODc1OH0.nek5mduYimB-dzl6rTpufvFSLN38Q3mGKaDANqM7mj8"}
{"body":{},"level":"info","message":"📥 [getAllUsers] Incoming request","query":{"pageIndex":"0","pageSize":"10"},"timestamp":"2026-06-03 19:56:29"}
{"level":"info","message":"🔍 [getAllUsers] Parsed filters","pageIndex":0,"pageSize":10,"searchText":"","timestamp":"2026-06-03 19:56:29"}
{"level":"info","message":"getAllUsers called","pageIndex":0,"pageSize":10,"searchText":"","timestamp":"2026-06-03 19:56:29"}
{"level":"info","message":"Fetching all users without search filter","timestamp":"2026-06-03 19:56:29"}
{"level":"info","message":"Pagination applied: skip=0, limit=10","timestamp":"2026-06-03 19:56:29"}
{"level":"info","message":"✅ Found 4 users","timestamp":"2026-06-03 19:56:29"}
{"level":"info","message":"✅ [getAllUsers] Service response received","responseCode":200,"timestamp":"2026-06-03 19:56:29"}
{"body":{},"level":"info","message":"📥 [getAllUsers] Incoming request","query":{"pageIndex":"0","pageSize":"10"},"timestamp":"2026-06-03 19:58:30"}
{"level":"info","message":"🔍 [getAllUsers] Parsed filters","pageIndex":0,"pageSize":10,"searchText":"","timestamp":"2026-06-03 19:58:30"}
{"level":"info","message":"getAllUsers called","pageIndex":0,"pageSize":10,"searchText":"","timestamp":"2026-06-03 19:58:30"}
{"level":"info","message":"Fetching all users without search filter","timestamp":"2026-06-03 19:58:30"}
{"level":"info","message":"Pagination applied: skip=0, limit=10","timestamp":"2026-06-03 19:58:30"}
{"level":"info","message":"✅ Found 4 users","timestamp":"2026-06-03 19:58:30"}
{"level":"info","message":"✅ [getAllUsers] Service response received","responseCode":200,"timestamp":"2026-06-03 19:58:30"}
{"level":"info","message":"🎯 getAllModule request received","pageIndex":0,"pageSize":100,"timestamp":"2026-06-03 19:58:52"}
{"level":"info","message":"getAllModule called","pageIndex":0,"pageSize":100,"timestamp":"2026-06-03 19:58:52"}
{"level":"info","message":"Fetching modules with pagination pageIndex=0, pageSize=100","timestamp":"2026-06-03 19:58:52"}
{"level":"info","message":"Fetching all modules without search","timestamp":"2026-06-03 19:58:52"}
{"level":"info","message":"✅ Found 6 modules","timestamp":"2026-06-03 19:58:52"}
{"count":0,"level":"info","message":"✅ getAllModule response","timestamp":"2026-06-03 19:58:52"}
{"level":"info","message":"getProfile: id=6a200f371d145caf46fd19f2","timestamp":"2026-06-03 19:59:23"}
{"body":{},"level":"info","message":"📥 [getAllUsers] Incoming request","query":{"pageIndex":"0","pageSize":"10"},"timestamp":"2026-06-03 19:59:33"}
{"level":"info","message":"🔍 [getAllUsers] Parsed filters","pageIndex":0,"pageSize":10,"searchText":"","timestamp":"2026-06-03 19:59:33"}
{"level":"info","message":"getAllUsers called","pageIndex":0,"pageSize":10,"searchText":"","timestamp":"2026-06-03 19:59:33"}
{"level":"info","message":"Fetching all users without search filter","timestamp":"2026-06-03 19:59:33"}
{"level":"info","message":"Pagination applied: skip=0, limit=10","timestamp":"2026-06-03 19:59:33"}
{"level":"info","message":"✅ Found 4 users","timestamp":"2026-06-03 19:59:33"}
{"level":"info","message":"✅ [getAllUsers] Service response received","responseCode":200,"timestamp":"2026-06-03 19:59:33"}
{"level":"info","message":"🎯 getAllModule request received","pageIndex":0,"pageSize":100,"timestamp":"2026-06-03 19:59:57"}
{"level":"info","message":"getAllModule called","pageIndex":0,"pageSize":100,"timestamp":"2026-06-03 19:59:57"}
{"level":"info","message":"Fetching modules with pagination pageIndex=0, pageSize=100","timestamp":"2026-06-03 19:59:57"}
{"level":"info","message":"Fetching all modules without search","timestamp":"2026-06-03 19:59:57"}
{"level":"info","message":"✅ Found 6 modules","timestamp":"2026-06-03 19:59:57"}
{"count":0,"level":"info","message":"✅ getAllModule response","timestamp":"2026-06-03 19:59:57"}
{"body":{},"level":"info","message":"📥 [getAllUsers] Incoming request","query":{"pageIndex":"0","pageSize":"10"},"timestamp":"2026-06-03 20:00:09"}
{"level":"info","message":"🔍 [getAllUsers] Parsed filters","pageIndex":0,"pageSize":10,"searchText":"","timestamp":"2026-06-03 20:00:09"}
{"level":"info","message":"getAllUsers called","pageIndex":0,"pageSize":10,"searchText":"","timestamp":"2026-06-03 20:00:09"}
{"level":"info","message":"Fetching all users without search filter","timestamp":"2026-06-03 20:00:09"}
{"level":"info","message":"Pagination applied: skip=0, limit=10","timestamp":"2026-06-03 20:00:09"}
{"level":"info","message":"✅ Found 4 users","timestamp":"2026-06-03 20:00:09"}
{"level":"info","message":"✅ [getAllUsers] Service response received","responseCode":200,"timestamp":"2026-06-03 20:00:09"}
{"body":{},"level":"info","message":"📥 [getAllUsers] Incoming request","query":{"pageIndex":"0","pageSize":"10"},"timestamp":"2026-06-03 20:01:00"}
{"level":"info","message":"🔍 [getAllUsers] Parsed filters","pageIndex":0,"pageSize":10,"searchText":"","timestamp":"2026-06-03 20:01:00"}
{"level":"info","message":"getAllUsers called","pageIndex":0,"pageSize":10,"searchText":"","timestamp":"2026-06-03 20:01:00"}
{"level":"info","message":"Fetching all users without search filter","timestamp":"2026-06-03 20:01:00"}
{"level":"info","message":"Pagination applied: skip=0, limit=10","timestamp":"2026-06-03 20:01:00"}
{"level":"info","message":"✅ Found 4 users","timestamp":"2026-06-03 20:01:00"}
{"level":"info","message":"✅ [getAllUsers] Service response received","responseCode":200,"timestamp":"2026-06-03 20:01:00"}
{"level":"info","message":"🎯 getAllModule request received","pageIndex":0,"pageSize":100,"timestamp":"2026-06-03 20:01:14"}
{"level":"info","message":"getAllModule called","pageIndex":0,"pageSize":100,"timestamp":"2026-06-03 20:01:14"}
{"level":"info","message":"Fetching modules with pagination pageIndex=0, pageSize=100","timestamp":"2026-06-03 20:01:14"}
{"level":"info","message":"Fetching all modules without search","timestamp":"2026-06-03 20:01:14"}
{"level":"info","message":"✅ Found 6 modules","timestamp":"2026-06-03 20:01:14"}
{"count":0,"level":"info","message":"✅ getAllModule response","timestamp":"2026-06-03 20:01:14"}
{"level":"info","message":"🎯 getAllModule request received","pageIndex":0,"pageSize":100,"timestamp":"2026-06-03 20:05:27"}
{"level":"info","message":"getAllModule called","pageIndex":0,"pageSize":100,"timestamp":"2026-06-03 20:05:27"}
{"level":"info","message":"Fetching modules with pagination pageIndex=0, pageSize=100","timestamp":"2026-06-03 20:05:27"}
{"level":"info","message":"Fetching all modules without search","timestamp":"2026-06-03 20:05:27"}
{"level":"info","message":"✅ Found 6 modules","timestamp":"2026-06-03 20:05:27"}
{"count":0,"level":"info","message":"✅ getAllModule response","timestamp":"2026-06-03 20:05:27"}
{"level":"info","message":"🎯 getAllModule request received","pageIndex":0,"pageSize":100,"timestamp":"2026-06-03 20:06:01"}
{"level":"info","message":"getAllModule called","pageIndex":0,"pageSize":100,"timestamp":"2026-06-03 20:06:01"}
{"level":"info","message":"Fetching modules with pagination pageIndex=0, pageSize=100","timestamp":"2026-06-03 20:06:01"}
{"level":"info","message":"Fetching all modules without search","timestamp":"2026-06-03 20:06:01"}
{"level":"info","message":"✅ Found 6 modules","timestamp":"2026-06-03 20:06:01"}
{"count":0,"level":"info","message":"✅ getAllModule response","timestamp":"2026-06-03 20:06:01"}
{"body":{},"level":"info","message":"📥 [getAllUsers] Incoming request","query":{"pageIndex":"0","pageSize":"10"},"timestamp":"2026-06-03 20:06:52"}
{"level":"info","message":"🔍 [getAllUsers] Parsed filters","pageIndex":0,"pageSize":10,"searchText":"","timestamp":"2026-06-03 20:06:52"}
{"level":"info","message":"getAllUsers called","pageIndex":0,"pageSize":10,"searchText":"","timestamp":"2026-06-03 20:06:52"}
{"level":"info","message":"Fetching all users without search filter","timestamp":"2026-06-03 20:06:52"}
{"level":"info","message":"Pagination applied: skip=0, limit=10","timestamp":"2026-06-03 20:06:52"}
{"level":"info","message":"✅ Found 4 users","timestamp":"2026-06-03 20:06:52"}
{"level":"info","message":"✅ [getAllUsers] Service response received","responseCode":200,"timestamp":"2026-06-03 20:06:52"}
{"body":{},"level":"info","message":"📥 [getAllUsers] Incoming request","query":{"pageIndex":"0","pageSize":"10"},"timestamp":"2026-06-03 20:06:53"}
{"level":"info","message":"🔍 [getAllUsers] Parsed filters","pageIndex":0,"pageSize":10,"searchText":"","timestamp":"2026-06-03 20:06:53"}
{"level":"info","message":"getAllUsers called","pageIndex":0,"pageSize":10,"searchText":"","timestamp":"2026-06-03 20:06:53"}
{"level":"info","message":"Fetching all users without search filter","timestamp":"2026-06-03 20:06:53"}
{"level":"info","message":"Pagination applied: skip=0, limit=10","timestamp":"2026-06-03 20:06:53"}
{"level":"info","message":"✅ Found 4 users","timestamp":"2026-06-03 20:06:53"}
{"level":"info","message":"✅ [getAllUsers] Service response received","responseCode":200,"timestamp":"2026-06-03 20:06:53"}
{"level":"info","message":"🎯 getAllModule request received","pageIndex":0,"pageSize":100,"timestamp":"2026-06-03 20:06:55"}
{"level":"info","message":"getAllModule called","pageIndex":0,"pageSize":100,"timestamp":"2026-06-03 20:06:55"}
{"level":"info","message":"Fetching modules with pagination pageIndex=0, pageSize=100","timestamp":"2026-06-03 20:06:55"}
{"level":"info","message":"Fetching all modules without search","timestamp":"2026-06-03 20:06:55"}
{"level":"info","message":"✅ Found 6 modules","timestamp":"2026-06-03 20:06:55"}
{"count":0,"level":"info","message":"✅ getAllModule response","timestamp":"2026-06-03 20:06:55"}
{"body":{},"level":"info","message":"📥 [getAllUsers] Incoming request","query":{"pageIndex":"0","pageSize":"10"},"timestamp":"2026-06-03 21:56:10"}
{"level":"info","message":"🔍 [getAllUsers] Parsed filters","pageIndex":0,"pageSize":10,"searchText":"","timestamp":"2026-06-03 21:56:10"}
{"level":"info","message":"getAllUsers called","pageIndex":0,"pageSize":10,"searchText":"","timestamp":"2026-06-03 21:56:10"}
{"level":"info","message":"Fetching all users without search filter","timestamp":"2026-06-03 21:56:10"}
{"level":"info","message":"Pagination applied: skip=0, limit=10","timestamp":"2026-06-03 21:56:10"}
{"level":"info","message":"✅ Found 4 users","timestamp":"2026-06-03 21:56:10"}
{"level":"info","message":"✅ [getAllUsers] Service response received","responseCode":200,"timestamp":"2026-06-03 21:56:10"}
{"body":{},"level":"info","message":"📥 [getAllUsers] Incoming request","query":{"pageIndex":"0","pageSize":"10"},"timestamp":"2026-06-03 22:17:47"}
{"level":"info","message":"🔍 [getAllUsers] Parsed filters","pageIndex":0,"pageSize":10,"searchText":"","timestamp":"2026-06-03 22:17:47"}
{"level":"info","message":"getAllUsers called","pageIndex":0,"pageSize":10,"searchText":"","timestamp":"2026-06-03 22:17:47"}
{"level":"info","message":"Fetching all users without search filter","timestamp":"2026-06-03 22:17:47"}
{"level":"info","message":"Pagination applied: skip=0, limit=10","timestamp":"2026-06-03 22:17:47"}
{"level":"info","message":"✅ Found 4 users","timestamp":"2026-06-03 22:17:47"}
{"level":"info","message":"✅ [getAllUsers] Service response received","responseCode":200,"timestamp":"2026-06-03 22:17:47"}
{"level":"info","message":"🎯 getAllModule request received","pageIndex":0,"pageSize":100,"timestamp":"2026-06-03 22:17:49"}
{"level":"info","message":"getAllModule called","pageIndex":0,"pageSize":100,"timestamp":"2026-06-03 22:17:49"}
{"level":"info","message":"Fetching modules with pagination pageIndex=0, pageSize=100","timestamp":"2026-06-03 22:17:49"}
{"level":"info","message":"Fetching all modules without search","timestamp":"2026-06-03 22:17:49"}
{"level":"info","message":"✅ Found 6 modules","timestamp":"2026-06-03 22:17:49"}
{"count":0,"level":"info","message":"✅ getAllModule response","timestamp":"2026-06-03 22:17:49"}
{"body":{},"level":"info","message":"📥 [getAllUsers] Incoming request","query":{"pageIndex":"0","pageSize":"10"},"timestamp":"2026-06-03 22:18:34"}
{"level":"info","message":"🔍 [getAllUsers] Parsed filters","pageIndex":0,"pageSize":10,"searchText":"","timestamp":"2026-06-03 22:18:34"}
{"level":"info","message":"getAllUsers called","pageIndex":0,"pageSize":10,"searchText":"","timestamp":"2026-06-03 22:18:34"}
{"level":"info","message":"Fetching all users without search filter","timestamp":"2026-06-03 22:18:34"}
{"level":"info","message":"Pagination applied: skip=0, limit=10","timestamp":"2026-06-03 22:18:34"}
{"level":"info","message":"✅ Found 4 users","timestamp":"2026-06-03 22:18:34"}
{"level":"info","message":"✅ [getAllUsers] Service response received","responseCode":200,"timestamp":"2026-06-03 22:18:34"}
{"level":"info","message":"🎯 getAllModule request received","pageIndex":0,"pageSize":100,"timestamp":"2026-06-03 22:20:08"}
{"level":"info","message":"getAllModule called","pageIndex":0,"pageSize":100,"timestamp":"2026-06-03 22:20:08"}
{"level":"info","message":"Fetching modules with pagination pageIndex=0, pageSize=100","timestamp":"2026-06-03 22:20:08"}
{"level":"info","message":"Fetching all modules without search","timestamp":"2026-06-03 22:20:08"}
{"level":"info","message":"✅ Found 6 modules","timestamp":"2026-06-03 22:20:08"}
{"count":0,"level":"info","message":"✅ getAllModule response","timestamp":"2026-06-03 22:20:08"}
{"body":{},"level":"info","message":"📥 [getAllUsers] Incoming request","query":{"pageIndex":"0","pageSize":"10"},"timestamp":"2026-06-03 22:24:14"}
{"level":"info","message":"🔍 [getAllUsers] Parsed filters","pageIndex":0,"pageSize":10,"searchText":"","timestamp":"2026-06-03 22:24:14"}
{"level":"info","message":"getAllUsers called","pageIndex":0,"pageSize":10,"searchText":"","timestamp":"2026-06-03 22:24:14"}
{"level":"info","message":"Fetching all users without search filter","timestamp":"2026-06-03 22:24:14"}
{"level":"info","message":"Pagination applied: skip=0, limit=10","timestamp":"2026-06-03 22:24:14"}
{"level":"info","message":"✅ Found 4 users","timestamp":"2026-06-03 22:24:14"}
{"level":"info","message":"✅ [getAllUsers] Service response received","responseCode":200,"timestamp":"2026-06-03 22:24:14"}
{"body":{},"level":"info","message":"📥 [getAllUsers] Incoming request","query":{"pageIndex":"0","pageSize":"10"},"timestamp":"2026-06-03 22:26:41"}
{"level":"info","message":"🔍 [getAllUsers] Parsed filters","pageIndex":0,"pageSize":10,"searchText":"","timestamp":"2026-06-03 22:26:41"}
{"level":"info","message":"getAllUsers called","pageIndex":0,"pageSize":10,"searchText":"","timestamp":"2026-06-03 22:26:41"}
{"level":"info","message":"Fetching all users without search filter","timestamp":"2026-06-03 22:26:41"}
{"level":"info","message":"Pagination applied: skip=0, limit=10","timestamp":"2026-06-03 22:26:41"}
{"level":"info","message":"✅ Found 4 users","timestamp":"2026-06-03 22:26:41"}
{"level":"info","message":"✅ [getAllUsers] Service response received","responseCode":200,"timestamp":"2026-06-03 22:26:41"}
{"body":{},"level":"info","message":"📥 [getAllUsers] Incoming request","query":{"pageIndex":"0","pageSize":"10"},"timestamp":"2026-06-03 22:27:38"}
{"level":"info","message":"🔍 [getAllUsers] Parsed filters","pageIndex":0,"pageSize":10,"searchText":"","timestamp":"2026-06-03 22:27:38"}
{"level":"info","message":"getAllUsers called","pageIndex":0,"pageSize":10,"searchText":"","timestamp":"2026-06-03 22:27:38"}
{"level":"info","message":"Fetching all users without search filter","timestamp":"2026-06-03 22:27:38"}
{"level":"info","message":"Pagination applied: skip=0, limit=10","timestamp":"2026-06-03 22:27:38"}
{"level":"info","message":"✅ Found 4 users","timestamp":"2026-06-03 22:27:38"}
{"level":"info","message":"✅ [getAllUsers] Service response received","responseCode":200,"timestamp":"2026-06-03 22:27:38"}
{"body":{},"level":"info","message":"📥 [getAllUsers] Incoming request","query":{"pageIndex":"0","pageSize":"10"},"timestamp":"2026-06-03 22:28:11"}
{"level":"info","message":"🔍 [getAllUsers] Parsed filters","pageIndex":0,"pageSize":10,"searchText":"","timestamp":"2026-06-03 22:28:11"}
{"level":"info","message":"getAllUsers called","pageIndex":0,"pageSize":10,"searchText":"","timestamp":"2026-06-03 22:28:11"}
{"level":"info","message":"Fetching all users without search filter","timestamp":"2026-06-03 22:28:11"}
{"level":"info","message":"Pagination applied: skip=0, limit=10","timestamp":"2026-06-03 22:28:11"}
{"level":"info","message":"✅ Found 4 users","timestamp":"2026-06-03 22:28:12"}
{"level":"info","message":"✅ [getAllUsers] Service response received","responseCode":200,"timestamp":"2026-06-03 22:28:12"}
{"body":{},"level":"info","message":"📥 [getAllUsers] Incoming request","query":{"pageIndex":"0","pageSize":"10"},"timestamp":"2026-06-03 22:37:51"}
{"level":"info","message":"🔍 [getAllUsers] Parsed filters","pageIndex":0,"pageSize":10,"searchText":"","timestamp":"2026-06-03 22:37:51"}
{"level":"info","message":"getAllUsers called","pageIndex":0,"pageSize":10,"searchText":"","timestamp":"2026-06-03 22:37:51"}
{"level":"info","message":"Fetching all users without search filter","timestamp":"2026-06-03 22:37:51"}
{"level":"info","message":"Pagination applied: skip=0, limit=10","timestamp":"2026-06-03 22:37:51"}
{"level":"info","message":"✅ Found 4 users","timestamp":"2026-06-03 22:37:51"}
{"level":"info","message":"✅ [getAllUsers] Service response received","responseCode":200,"timestamp":"2026-06-03 22:37:51"}
{"body":{},"level":"info","message":"📥 [getAllUsers] Incoming request","query":{"pageIndex":"0","pageSize":"10"},"timestamp":"2026-06-03 22:55:18"}
{"level":"info","message":"🔍 [getAllUsers] Parsed filters","pageIndex":0,"pageSize":10,"searchText":"","timestamp":"2026-06-03 22:55:18"}
{"level":"info","message":"getAllUsers called","pageIndex":0,"pageSize":10,"searchText":"","timestamp":"2026-06-03 22:55:18"}
{"level":"info","message":"Fetching all users without search filter","timestamp":"2026-06-03 22:55:18"}
{"level":"info","message":"Pagination applied: skip=0, limit=10","timestamp":"2026-06-03 22:55:18"}
{"level":"info","message":"✅ Found 4 users","timestamp":"2026-06-03 22:55:18"}
{"level":"info","message":"✅ [getAllUsers] Service response received","responseCode":200,"timestamp":"2026-06-03 22:55:18"}
{"body":{},"level":"info","message":"📥 [getAllUsers] Incoming request","query":{"pageIndex":"0","pageSize":"10"},"timestamp":"2026-06-04 12:03:05"}
{"level":"info","message":"🔍 [getAllUsers] Parsed filters","pageIndex":0,"pageSize":10,"searchText":"","timestamp":"2026-06-04 12:03:05"}
{"level":"info","message":"getAllUsers called","pageIndex":0,"pageSize":10,"searchText":"","timestamp":"2026-06-04 12:03:05"}
{"level":"info","message":"Fetching all users without search filter","timestamp":"2026-06-04 12:03:05"}
{"level":"info","message":"Pagination applied: skip=0, limit=10","timestamp":"2026-06-04 12:03:05"}
{"level":"info","message":"✅ Found 4 users","timestamp":"2026-06-04 12:03:05"}
{"level":"info","message":"✅ [getAllUsers] Service response received","responseCode":200,"timestamp":"2026-06-04 12:03:05"}
{"body":{},"level":"info","message":"📥 [getAllUsers] Incoming request","query":{"pageIndex":"0","pageSize":"10"},"timestamp":"2026-06-04 12:04:54"}
{"level":"info","message":"🔍 [getAllUsers] Parsed filters","pageIndex":0,"pageSize":10,"searchText":"","timestamp":"2026-06-04 12:04:54"}
{"level":"info","message":"getAllUsers called","pageIndex":0,"pageSize":10,"searchText":"","timestamp":"2026-06-04 12:04:54"}
{"level":"info","message":"Fetching all users without search filter","timestamp":"2026-06-04 12:04:54"}
{"level":"info","message":"Pagination applied: skip=0, limit=10","timestamp":"2026-06-04 12:04:54"}
{"level":"info","message":"✅ Found 4 users","timestamp":"2026-06-04 12:04:54"}
{"level":"info","message":"✅ [getAllUsers] Service response received","responseCode":200,"timestamp":"2026-06-04 12:04:54"}
{"body":{},"level":"info","message":"📥 [getAllUsers] Incoming request","query":{"pageIndex":"0","pageSize":"10"},"timestamp":"2026-06-04 12:13:13"}
{"level":"info","message":"🔍 [getAllUsers] Parsed filters","pageIndex":0,"pageSize":10,"searchText":"","timestamp":"2026-06-04 12:13:13"}
{"level":"info","message":"getAllUsers called","pageIndex":0,"pageSize":10,"searchText":"","timestamp":"2026-06-04 12:13:13"}
{"level":"info","message":"Fetching all users without search filter","timestamp":"2026-06-04 12:13:13"}
{"level":"info","message":"Pagination applied: skip=0, limit=10","timestamp":"2026-06-04 12:13:13"}
{"level":"info","message":"✅ Found 4 users","timestamp":"2026-06-04 12:13:13"}
{"level":"info","message":"✅ [getAllUsers] Service response received","responseCode":200,"timestamp":"2026-06-04 12:13:13"}
{"body":{},"level":"info","message":"📥 [getAllUsers] Incoming request","query":{"pageIndex":"0","pageSize":"10"},"timestamp":"2026-06-04 12:13:51"}
{"level":"info","message":"🔍 [getAllUsers] Parsed filters","pageIndex":0,"pageSize":10,"searchText":"","timestamp":"2026-06-04 12:13:51"}
{"level":"info","message":"getAllUsers called","pageIndex":0,"pageSize":10,"searchText":"","timestamp":"2026-06-04 12:13:51"}
{"level":"info","message":"Fetching all users without search filter","timestamp":"2026-06-04 12:13:51"}
{"level":"info","message":"Pagination applied: skip=0, limit=10","timestamp":"2026-06-04 12:13:51"}
{"level":"info","message":"✅ Found 4 users","timestamp":"2026-06-04 12:13:51"}
{"level":"info","message":"✅ [getAllUsers] Service response received","responseCode":200,"timestamp":"2026-06-04 12:13:51"}
{"body":{},"level":"info","message":"📥 [getAllUsers] Incoming request","query":{"pageIndex":"0","pageSize":"10"},"timestamp":"2026-06-04 12:15:25"}
{"level":"info","message":"🔍 [getAllUsers] Parsed filters","pageIndex":0,"pageSize":10,"searchText":"","timestamp":"2026-06-04 12:15:25"}
{"level":"info","message":"getAllUsers called","pageIndex":0,"pageSize":10,"searchText":"","timestamp":"2026-06-04 12:15:25"}
{"level":"info","message":"Fetching all users without search filter","timestamp":"2026-06-04 12:15:25"}
{"level":"info","message":"Pagination applied: skip=0, limit=10","timestamp":"2026-06-04 12:15:25"}
{"level":"info","message":"✅ Found 4 users","timestamp":"2026-06-04 12:15:25"}
{"level":"info","message":"✅ [getAllUsers] Service response received","responseCode":200,"timestamp":"2026-06-04 12:15:25"}
{"body":{},"level":"info","message":"📥 [getAllUsers] Incoming request","query":{"pageIndex":"0","pageSize":"10"},"timestamp":"2026-06-04 12:15:57"}
{"level":"info","message":"🔍 [getAllUsers] Parsed filters","pageIndex":0,"pageSize":10,"searchText":"","timestamp":"2026-06-04 12:15:57"}
{"level":"info","message":"getAllUsers called","pageIndex":0,"pageSize":10,"searchText":"","timestamp":"2026-06-04 12:15:57"}
{"level":"info","message":"Fetching all users without search filter","timestamp":"2026-06-04 12:15:57"}
{"level":"info","message":"Pagination applied: skip=0, limit=10","timestamp":"2026-06-04 12:15:57"}
{"level":"info","message":"✅ Found 4 users","timestamp":"2026-06-04 12:15:57"}
{"level":"info","message":"✅ [getAllUsers] Service response received","responseCode":200,"timestamp":"2026-06-04 12:15:57"}
{"level":"info","message":"Logout initiated","timestamp":"2026-06-04 12:19:16","token":"eyJhbGciOiJIUzI1NiIsInR5cCI6IkpXVCJ9.eyJlbWFpbCI6InRlc3RAdGVzdC5jb20iLCJpYXQiOjE3ODA1NTQ3ODQsImV4cCI6MTc4MzE0Njc4NH0._dKfi1xzpBp5qMLmEO7K9Z_IrbcRt_fQO8qIqLUBxHs"}
{"level":"warn","message":"Logout attempted with invalid or expired session token","timestamp":"2026-06-04 12:19:16","token":"eyJhbGciOiJIUzI1NiIsInR5cCI6IkpXVCJ9.eyJlbWFpbCI6InRlc3RAdGVzdC5jb20iLCJpYXQiOjE3ODA1NTQ3ODQsImV4cCI6MTc4MzE0Njc4NH0._dKfi1xzpBp5qMLmEO7K9Z_IrbcRt_fQO8qIqLUBxHs"}
{"level":"info","message":"🎯 getAllModule request received","pageIndex":0,"pageSize":100,"timestamp":"2026-06-04 12:19:29"}
{"level":"info","message":"getAllModule called","pageIndex":0,"pageSize":100,"timestamp":"2026-06-04 12:19:29"}
{"level":"info","message":"Fetching modules with pagination pageIndex=0, pageSize=100","timestamp":"2026-06-04 12:19:29"}
{"level":"info","message":"Fetching all modules without search","timestamp":"2026-06-04 12:19:29"}
{"level":"info","message":"✅ Found 6 modules","timestamp":"2026-06-04 12:19:29"}
{"count":0,"level":"info","message":"✅ getAllModule response","timestamp":"2026-06-04 12:19:29"}
{"body":{},"level":"info","message":"📥 [getAllUsers] Incoming request","query":{"pageIndex":"0","pageSize":"10"},"timestamp":"2026-06-04 12:19:31"}
{"level":"info","message":"🔍 [getAllUsers] Parsed filters","pageIndex":0,"pageSize":10,"searchText":"","timestamp":"2026-06-04 12:19:31"}
{"level":"info","message":"getAllUsers called","pageIndex":0,"pageSize":10,"searchText":"","timestamp":"2026-06-04 12:19:31"}
{"level":"info","message":"Fetching all users without search filter","timestamp":"2026-06-04 12:19:31"}
{"level":"info","message":"Pagination applied: skip=0, limit=10","timestamp":"2026-06-04 12:19:31"}
{"level":"info","message":"✅ Found 4 users","timestamp":"2026-06-04 12:19:31"}
{"level":"info","message":"✅ [getAllUsers] Service response received","responseCode":200,"timestamp":"2026-06-04 12:19:31"}
{"level":"info","message":"🎯 getAllModule request received","pageIndex":0,"pageSize":100,"timestamp":"2026-06-04 12:28:13"}
{"level":"info","message":"getAllModule called","pageIndex":0,"pageSize":100,"timestamp":"2026-06-04 12:28:13"}
{"level":"info","message":"Fetching modules with pagination pageIndex=0, pageSize=100","timestamp":"2026-06-04 12:28:13"}
{"level":"info","message":"Fetching all modules without search","timestamp":"2026-06-04 12:28:13"}
{"level":"info","message":"✅ Found 6 modules","timestamp":"2026-06-04 12:28:13"}
{"count":0,"level":"info","message":"✅ getAllModule response","timestamp":"2026-06-04 12:28:13"}
{"body":{},"level":"info","message":"📥 [getAllUsers] Incoming request","query":{"pageIndex":"0","pageSize":"10"},"timestamp":"2026-06-04 12:28:16"}
{"level":"info","message":"🔍 [getAllUsers] Parsed filters","pageIndex":0,"pageSize":10,"searchText":"","timestamp":"2026-06-04 12:28:16"}
{"level":"info","message":"getAllUsers called","pageIndex":0,"pageSize":10,"searchText":"","timestamp":"2026-06-04 12:28:16"}
{"level":"info","message":"Fetching all users without search filter","timestamp":"2026-06-04 12:28:16"}
{"level":"info","message":"Pagination applied: skip=0, limit=10","timestamp":"2026-06-04 12:28:16"}
{"level":"info","message":"✅ Found 4 users","timestamp":"2026-06-04 12:28:16"}
{"level":"info","message":"✅ [getAllUsers] Service response received","responseCode":200,"timestamp":"2026-06-04 12:28:16"}
{"body":{},"level":"info","message":"📥 [getAllUsers] Incoming request","query":{"pageIndex":"0","pageSize":"10"},"timestamp":"2026-06-04 13:12:47"}
{"level":"info","message":"🔍 [getAllUsers] Parsed filters","pageIndex":0,"pageSize":10,"searchText":"","timestamp":"2026-06-04 13:12:47"}
{"level":"info","message":"getAllUsers called","pageIndex":0,"pageSize":10,"searchText":"","timestamp":"2026-06-04 13:12:47"}
{"level":"info","message":"Fetching all users without search filter","timestamp":"2026-06-04 13:12:47"}
{"level":"info","message":"Pagination applied: skip=0, limit=10","timestamp":"2026-06-04 13:12:47"}
{"level":"info","message":"✅ Found 4 users","timestamp":"2026-06-04 13:12:47"}
{"level":"info","message":"✅ [getAllUsers] Service response received","responseCode":200,"timestamp":"2026-06-04 13:12:47"}
{"body":{},"level":"info","message":"📥 [getAllUsers] Incoming request","query":{"pageIndex":"0","pageSize":"10"},"timestamp":"2026-06-04 13:26:27"}
{"level":"info","message":"🔍 [getAllUsers] Parsed filters","pageIndex":0,"pageSize":10,"searchText":"","timestamp":"2026-06-04 13:26:27"}
{"level":"info","message":"getAllUsers called","pageIndex":0,"pageSize":10,"searchText":"","timestamp":"2026-06-04 13:26:27"}
{"level":"info","message":"Fetching all users without search filter","timestamp":"2026-06-04 13:26:27"}
{"level":"info","message":"Pagination applied: skip=0, limit=10","timestamp":"2026-06-04 13:26:27"}
{"level":"info","message":"✅ Found 4 users","timestamp":"2026-06-04 13:26:27"}
{"level":"info","message":"✅ [getAllUsers] Service response received","responseCode":200,"timestamp":"2026-06-04 13:26:27"}
{"level":"info","message":"Logout initiated","timestamp":"2026-06-04 14:08:19","token":"eyJhbGciOiJIUzI1NiIsInR5cCI6IkpXVCJ9.eyJlbWFpbCI6InRlc3RAdGVzdC5jb20iLCJpYXQiOjE3ODA1NTU3NjUsImV4cCI6MTc4MzE0Nzc2NX0.zCVh--fMCtFzanwNoNQDnAFpeLFWFC2DU2EmV_rlBFI"}
{"level":"warn","message":"Logout attempted with invalid or expired session token","timestamp":"2026-06-04 14:08:19","token":"eyJhbGciOiJIUzI1NiIsInR5cCI6IkpXVCJ9.eyJlbWFpbCI6InRlc3RAdGVzdC5jb20iLCJpYXQiOjE3ODA1NTU3NjUsImV4cCI6MTc4MzE0Nzc2NX0.zCVh--fMCtFzanwNoNQDnAFpeLFWFC2DU2EmV_rlBFI"}
{"level":"info","message":"🎯 getAllModule request received","pageIndex":0,"pageSize":100,"timestamp":"2026-06-04 15:05:26"}
{"level":"info","message":"getAllModule called","pageIndex":0,"pageSize":100,"timestamp":"2026-06-04 15:05:26"}
{"level":"info","message":"Fetching modules with pagination pageIndex=0, pageSize=100","timestamp":"2026-06-04 15:05:26"}
{"level":"info","message":"Fetching all modules without search","timestamp":"2026-06-04 15:05:26"}
{"level":"info","message":"✅ Found 6 modules","timestamp":"2026-06-04 15:05:26"}
{"count":0,"level":"info","message":"✅ getAllModule response","timestamp":"2026-06-04 15:05:26"}
{"body":{},"level":"info","message":"📥 [getAllUsers] Incoming request","query":{"pageIndex":"0","pageSize":"10"},"timestamp":"2026-06-04 15:05:28"}
{"level":"info","message":"🔍 [getAllUsers] Parsed filters","pageIndex":0,"pageSize":10,"searchText":"","timestamp":"2026-06-04 15:05:28"}
{"level":"info","message":"getAllUsers called","pageIndex":0,"pageSize":10,"searchText":"","timestamp":"2026-06-04 15:05:28"}
{"level":"info","message":"Fetching all users without search filter","timestamp":"2026-06-04 15:05:28"}
{"level":"info","message":"Pagination applied: skip=0, limit=10","timestamp":"2026-06-04 15:05:28"}
{"level":"info","message":"✅ Found 4 users","timestamp":"2026-06-04 15:05:28"}
{"level":"info","message":"✅ [getAllUsers] Service response received","responseCode":200,"timestamp":"2026-06-04 15:05:28"}
{"body":{},"level":"info","message":"📥 [getAllUsers] Incoming request","query":{"pageIndex":"0","pageSize":"10"},"timestamp":"2026-06-04 15:06:05"}
{"level":"info","message":"🔍 [getAllUsers] Parsed filters","pageIndex":0,"pageSize":10,"searchText":"","timestamp":"2026-06-04 15:06:05"}
{"level":"info","message":"getAllUsers called","pageIndex":0,"pageSize":10,"searchText":"","timestamp":"2026-06-04 15:06:05"}
{"level":"info","message":"Fetching all users without search filter","timestamp":"2026-06-04 15:06:05"}
{"level":"info","message":"Pagination applied: skip=0, limit=10","timestamp":"2026-06-04 15:06:05"}
{"level":"info","message":"✅ Found 4 users","timestamp":"2026-06-04 15:06:05"}
{"level":"info","message":"✅ [getAllUsers] Service response received","responseCode":200,"timestamp":"2026-06-04 15:06:05"}
{"level":"info","message":"🎯 getAllModule request received","pageIndex":0,"pageSize":100,"timestamp":"2026-06-04 17:35:26"}
{"level":"info","message":"getAllModule called","pageIndex":0,"pageSize":100,"timestamp":"2026-06-04 17:35:26"}
{"level":"info","message":"Fetching modules with pagination pageIndex=0, pageSize=100","timestamp":"2026-06-04 17:35:26"}
{"level":"info","message":"Fetching all modules without search","timestamp":"2026-06-04 17:35:26"}
{"level":"info","message":"✅ Found 6 modules","timestamp":"2026-06-04 17:35:26"}
{"count":0,"level":"info","message":"✅ getAllModule response","timestamp":"2026-06-04 17:35:26"}
{"body":{},"level":"info","message":"📥 [getAllUsers] Incoming request","query":{"pageIndex":"0","pageSize":"10"},"timestamp":"2026-06-04 17:35:37"}
{"level":"info","message":"🔍 [getAllUsers] Parsed filters","pageIndex":0,"pageSize":10,"searchText":"","timestamp":"2026-06-04 17:35:37"}
{"level":"info","message":"getAllUsers called","pageIndex":0,"pageSize":10,"searchText":"","timestamp":"2026-06-04 17:35:37"}
{"level":"info","message":"Fetching all users without search filter","timestamp":"2026-06-04 17:35:37"}
{"level":"info","message":"Pagination applied: skip=0, limit=10","timestamp":"2026-06-04 17:35:37"}
{"level":"info","message":"✅ Found 4 users","timestamp":"2026-06-04 17:35:37"}
{"level":"info","message":"✅ [getAllUsers] Service response received","responseCode":200,"timestamp":"2026-06-04 17:35:37"}
{"body":{},"level":"info","message":"📥 [getAllUsers] Incoming request","query":{"pageIndex":"0","pageSize":"10"},"timestamp":"2026-06-04 22:09:39"}
{"level":"info","message":"🔍 [getAllUsers] Parsed filters","pageIndex":0,"pageSize":10,"searchText":"","timestamp":"2026-06-04 22:09:39"}
{"level":"info","message":"getAllUsers called","pageIndex":0,"pageSize":10,"searchText":"","timestamp":"2026-06-04 22:09:39"}
{"level":"info","message":"Fetching all users without search filter","timestamp":"2026-06-04 22:09:39"}
{"level":"info","message":"Pagination applied: skip=0, limit=10","timestamp":"2026-06-04 22:09:39"}
{"level":"warn","message":"⚠️ No users found","timestamp":"2026-06-04 22:09:40"}
{"level":"info","message":"✅ [getAllUsers] Service response received","responseCode":404,"timestamp":"2026-06-04 22:09:40"}
{"body":{},"level":"info","message":"📥 [getAllUsers] Incoming request","query":{"pageIndex":"0","pageSize":"10"},"timestamp":"2026-06-04 22:10:22"}
{"level":"info","message":"🔍 [getAllUsers] Parsed filters","pageIndex":0,"pageSize":10,"searchText":"","timestamp":"2026-06-04 22:10:22"}
{"level":"info","message":"getAllUsers called","pageIndex":0,"pageSize":10,"searchText":"","timestamp":"2026-06-04 22:10:22"}
{"level":"info","message":"Fetching all users without search filter","timestamp":"2026-06-04 22:10:22"}
{"level":"info","message":"Pagination applied: skip=0, limit=10","timestamp":"2026-06-04 22:10:22"}
{"level":"info","message":"✅ Found 4 users","timestamp":"2026-06-04 22:10:23"}
{"level":"info","message":"✅ [getAllUsers] Service response received","responseCode":200,"timestamp":"2026-06-04 22:10:23"}
{"level":"info","message":"🎯 getAllModule request received","pageIndex":0,"pageSize":100,"timestamp":"2026-06-04 22:10:25"}
{"level":"info","message":"getAllModule called","pageIndex":0,"pageSize":100,"timestamp":"2026-06-04 22:10:25"}
{"level":"info","message":"Fetching modules with pagination pageIndex=0, pageSize=100","timestamp":"2026-06-04 22:10:25"}
{"level":"info","message":"Fetching all modules without search","timestamp":"2026-06-04 22:10:25"}
{"level":"info","message":"✅ Found 6 modules","timestamp":"2026-06-04 22:10:25"}
{"count":0,"level":"info","message":"✅ getAllModule response","timestamp":"2026-06-04 22:10:25"}
{"level":"info","message":"🎯 getAllModule request received","pageIndex":0,"pageSize":100,"timestamp":"2026-06-04 22:50:53"}
{"level":"info","message":"getAllModule called","pageIndex":0,"pageSize":100,"timestamp":"2026-06-04 22:50:53"}
{"level":"info","message":"Fetching modules with pagination pageIndex=0, pageSize=100","timestamp":"2026-06-04 22:50:53"}
{"level":"info","message":"Fetching all modules without search","timestamp":"2026-06-04 22:50:53"}
{"level":"info","message":"✅ Found 6 modules","timestamp":"2026-06-04 22:50:53"}
{"count":0,"level":"info","message":"✅ getAllModule response","timestamp":"2026-06-04 22:50:53"}
{"body":{},"level":"info","message":"📥 [getAllUsers] Incoming request","query":{"pageIndex":"0","pageSize":"10"},"timestamp":"2026-06-04 22:50:55"}
{"level":"info","message":"🔍 [getAllUsers] Parsed filters","pageIndex":0,"pageSize":10,"searchText":"","timestamp":"2026-06-04 22:50:55"}
{"level":"info","message":"getAllUsers called","pageIndex":0,"pageSize":10,"searchText":"","timestamp":"2026-06-04 22:50:55"}
{"level":"info","message":"Fetching all users without search filter","timestamp":"2026-06-04 22:50:55"}
{"level":"info","message":"Pagination applied: skip=0, limit=10","timestamp":"2026-06-04 22:50:55"}
{"level":"info","message":"✅ Found 4 users","timestamp":"2026-06-04 22:50:55"}
{"level":"info","message":"✅ [getAllUsers] Service response received","responseCode":200,"timestamp":"2026-06-04 22:50:55"}
{"level":"info","message":"🎯 getAllModule request received","pageIndex":0,"pageSize":100,"timestamp":"2026-06-04 22:51:50"}
{"level":"info","message":"getAllModule called","pageIndex":0,"pageSize":100,"timestamp":"2026-06-04 22:51:50"}
{"level":"info","message":"Fetching modules with pagination pageIndex=0, pageSize=100","timestamp":"2026-06-04 22:51:50"}
{"level":"info","message":"Fetching all modules without search","timestamp":"2026-06-04 22:51:50"}
{"level":"info","message":"✅ Found 6 modules","timestamp":"2026-06-04 22:51:50"}
{"count":0,"level":"info","message":"✅ getAllModule response","timestamp":"2026-06-04 22:51:50"}
{"body":{},"level":"info","message":"📥 [getAllUsers] Incoming request","query":{"pageIndex":"0","pageSize":"10"},"timestamp":"2026-06-04 22:51:51"}
{"level":"info","message":"🔍 [getAllUsers] Parsed filters","pageIndex":0,"pageSize":10,"searchText":"","timestamp":"2026-06-04 22:51:51"}
{"level":"info","message":"getAllUsers called","pageIndex":0,"pageSize":10,"searchText":"","timestamp":"2026-06-04 22:51:51"}
{"level":"info","message":"Fetching all users without search filter","timestamp":"2026-06-04 22:51:51"}
{"level":"info","message":"Pagination applied: skip=0, limit=10","timestamp":"2026-06-04 22:51:51"}
{"level":"info","message":"✅ Found 4 users","timestamp":"2026-06-04 22:51:51"}
{"level":"info","message":"✅ [getAllUsers] Service response received","responseCode":200,"timestamp":"2026-06-04 22:51:51"}
{"body":{},"level":"info","message":"📥 [getAllUsers] Incoming request","query":{"pageIndex":"0","pageSize":"10"},"timestamp":"2026-06-04 23:10:40"}
{"level":"info","message":"🔍 [getAllUsers] Parsed filters","pageIndex":0,"pageSize":10,"searchText":"","timestamp":"2026-06-04 23:10:40"}
{"level":"info","message":"getAllUsers called","pageIndex":0,"pageSize":10,"searchText":"","timestamp":"2026-06-04 23:10:40"}
{"level":"info","message":"Fetching all users without search filter","timestamp":"2026-06-04 23:10:40"}
{"level":"info","message":"Pagination applied: skip=0, limit=10","timestamp":"2026-06-04 23:10:40"}
{"level":"info","message":"✅ Found 4 users","timestamp":"2026-06-04 23:10:40"}
{"level":"info","message":"✅ [getAllUsers] Service response received","responseCode":200,"timestamp":"2026-06-04 23:10:40"}
{"body":{},"level":"info","message":"📥 [getAllUsers] Incoming request","query":{"pageIndex":"0","pageSize":"10"},"timestamp":"2026-06-04 23:35:01"}
{"level":"info","message":"🔍 [getAllUsers] Parsed filters","pageIndex":0,"pageSize":10,"searchText":"","timestamp":"2026-06-04 23:35:01"}
{"level":"info","message":"getAllUsers called","pageIndex":0,"pageSize":10,"searchText":"","timestamp":"2026-06-04 23:35:01"}
{"level":"info","message":"Fetching all users without search filter","timestamp":"2026-06-04 23:35:01"}
{"level":"info","message":"Pagination applied: skip=0, limit=10","timestamp":"2026-06-04 23:35:01"}
{"level":"info","message":"✅ Found 4 users","timestamp":"2026-06-04 23:35:01"}
{"level":"info","message":"✅ [getAllUsers] Service response received","responseCode":200,"timestamp":"2026-06-04 23:35:01"}
{"level":"info","message":"🎯 getAllModule request received","pageIndex":0,"pageSize":100,"timestamp":"2026-06-04 23:35:03"}
{"level":"info","message":"getAllModule called","pageIndex":0,"pageSize":100,"timestamp":"2026-06-04 23:35:03"}
{"level":"info","message":"Fetching modules with pagination pageIndex=0, pageSize=100","timestamp":"2026-06-04 23:35:03"}
{"level":"info","message":"Fetching all modules without search","timestamp":"2026-06-04 23:35:03"}
{"level":"info","message":"✅ Found 6 modules","timestamp":"2026-06-04 23:35:03"}
{"count":0,"level":"info","message":"✅ getAllModule response","timestamp":"2026-06-04 23:35:03"}
{"level":"info","message":"🎯 getAllModule request received","pageIndex":0,"pageSize":100,"timestamp":"2026-06-04 23:36:17"}
{"level":"info","message":"getAllModule called","pageIndex":0,"pageSize":100,"timestamp":"2026-06-04 23:36:17"}
{"level":"info","message":"Fetching modules with pagination pageIndex=0, pageSize=100","timestamp":"2026-06-04 23:36:17"}
{"level":"info","message":"Fetching all modules without search","timestamp":"2026-06-04 23:36:17"}
{"level":"info","message":"✅ Found 6 modules","timestamp":"2026-06-04 23:36:17"}
{"count":0,"level":"info","message":"✅ getAllModule response","timestamp":"2026-06-04 23:36:17"}
{"body":{},"level":"info","message":"📥 [getAllUsers] Incoming request","query":{"pageIndex":"0","pageSize":"10"},"timestamp":"2026-06-04 23:36:20"}
{"level":"info","message":"🔍 [getAllUsers] Parsed filters","pageIndex":0,"pageSize":10,"searchText":"","timestamp":"2026-06-04 23:36:20"}
{"level":"info","message":"getAllUsers called","pageIndex":0,"pageSize":10,"searchText":"","timestamp":"2026-06-04 23:36:20"}
{"level":"info","message":"Fetching all users without search filter","timestamp":"2026-06-04 23:36:20"}
{"level":"info","message":"Pagination applied: skip=0, limit=10","timestamp":"2026-06-04 23:36:20"}
{"level":"info","message":"✅ Found 4 users","timestamp":"2026-06-04 23:36:20"}
{"level":"info","message":"✅ [getAllUsers] Service response received","responseCode":200,"timestamp":"2026-06-04 23:36:20"}
{"body":{},"level":"info","message":"📥 [getAllUsers] Incoming request","query":{"pageIndex":"0","pageSize":"10"},"timestamp":"2026-06-04 23:47:57"}
{"level":"info","message":"🔍 [getAllUsers] Parsed filters","pageIndex":0,"pageSize":10,"searchText":"","timestamp":"2026-06-04 23:47:57"}
{"level":"info","message":"getAllUsers called","pageIndex":0,"pageSize":10,"searchText":"","timestamp":"2026-06-04 23:47:57"}
{"level":"info","message":"Fetching all users without search filter","timestamp":"2026-06-04 23:47:57"}
{"level":"info","message":"Pagination applied: skip=0, limit=10","timestamp":"2026-06-04 23:47:57"}
{"level":"info","message":"✅ Found 4 users","timestamp":"2026-06-04 23:47:57"}
{"level":"info","message":"✅ [getAllUsers] Service response received","responseCode":200,"timestamp":"2026-06-04 23:47:57"}
{"level":"info","message":"addAdmin: userId=6a2008891d145caf46fd1897","timestamp":"2026-06-04 23:48:08"}
{"body":{},"level":"info","message":"📥 [getAllUsers] Incoming request","query":{"pageIndex":"0","pageSize":"10"},"timestamp":"2026-06-04 23:48:08"}
{"level":"info","message":"🔍 [getAllUsers] Parsed filters","pageIndex":0,"pageSize":10,"searchText":"","timestamp":"2026-06-04 23:48:08"}
{"level":"info","message":"getAllUsers called","pageIndex":0,"pageSize":10,"searchText":"","timestamp":"2026-06-04 23:48:08"}
{"level":"info","message":"Fetching all users without search filter","timestamp":"2026-06-04 23:48:08"}
{"level":"info","message":"Pagination applied: skip=0, limit=10","timestamp":"2026-06-04 23:48:08"}
{"level":"info","message":"✅ Found 4 users","timestamp":"2026-06-04 23:48:08"}
{"level":"info","message":"✅ [getAllUsers] Service response received","responseCode":200,"timestamp":"2026-06-04 23:48:08"}
{"level":"info","message":"Logout initiated","timestamp":"2026-06-04 23:48:11","token":"eyJhbGciOiJIUzI1NiIsInR5cCI6IkpXVCJ9.eyJlbWFpbCI6InRlc3RAdGVzdC5jb20iLCJpYXQiOjE3ODA1NjMzNzMsImV4cCI6MTc4MzE1NTM3M30.Dq8NmjRn5LdvXsSn7yvHohCSiC5qL9Mqr9Wpvo3FGG8"}
{"level":"warn","message":"Logout attempted with invalid or expired session token","timestamp":"2026-06-04 23:48:11","token":"eyJhbGciOiJIUzI1NiIsInR5cCI6IkpXVCJ9.eyJlbWFpbCI6InRlc3RAdGVzdC5jb20iLCJpYXQiOjE3ODA1NjMzNzMsImV4cCI6MTc4MzE1NTM3M30.Dq8NmjRn5LdvXsSn7yvHohCSiC5qL9Mqr9Wpvo3FGG8"}
{"level":"info","message":"Logout initiated","timestamp":"2026-06-05 10:32:09","token":"eyJhbGciOiJIUzI1NiIsInR5cCI6IkpXVCJ9.eyJlbWFpbCI6InRlc3RAdGVzdC5jb20iLCJpYXQiOjE3ODA1OTcxMDgsImV4cCI6MTc4MzE4OTEwOH0.7iOT70uWdvC2VcxXpHDImlVnnq7bFSgLPmzyh73LYEE"}
{"level":"warn","message":"Logout attempted with invalid or expired session token","timestamp":"2026-06-05 10:32:09","token":"eyJhbGciOiJIUzI1NiIsInR5cCI6IkpXVCJ9.eyJlbWFpbCI6InRlc3RAdGVzdC5jb20iLCJpYXQiOjE3ODA1OTcxMDgsImV4cCI6MTc4MzE4OTEwOH0.7iOT70uWdvC2VcxXpHDImlVnnq7bFSgLPmzyh73LYEE"}
{"level":"info","message":"🎯 getAllModule request received","pageIndex":0,"pageSize":100,"timestamp":"2026-06-05 10:38:16"}
{"level":"info","message":"getAllModule called","pageIndex":0,"pageSize":100,"timestamp":"2026-06-05 10:38:16"}
{"level":"info","message":"Fetching modules with pagination pageIndex=0, pageSize=100","timestamp":"2026-06-05 10:38:16"}
{"level":"info","message":"Fetching all modules without search","timestamp":"2026-06-05 10:38:16"}
{"level":"info","message":"✅ Found 6 modules","timestamp":"2026-06-05 10:38:17"}
{"count":0,"level":"info","message":"✅ getAllModule response","timestamp":"2026-06-05 10:38:17"}
{"body":{},"level":"info","message":"📥 [getAllUsers] Incoming request","query":{"pageIndex":"0","pageSize":"10"},"timestamp":"2026-06-05 10:38:18"}
{"level":"info","message":"🔍 [getAllUsers] Parsed filters","pageIndex":0,"pageSize":10,"searchText":"","timestamp":"2026-06-05 10:38:18"}
{"level":"info","message":"getAllUsers called","pageIndex":0,"pageSize":10,"searchText":"","timestamp":"2026-06-05 10:38:18"}
{"level":"info","message":"Fetching all users without search filter","timestamp":"2026-06-05 10:38:18"}
{"level":"info","message":"Pagination applied: skip=0, limit=10","timestamp":"2026-06-05 10:38:18"}
{"level":"info","message":"✅ Found 4 users","timestamp":"2026-06-05 10:38:18"}
{"level":"info","message":"✅ [getAllUsers] Service response received","responseCode":200,"timestamp":"2026-06-05 10:38:18"}
{"level":"info","message":"🎯 getAllModule request received","pageIndex":0,"pageSize":100,"timestamp":"2026-06-05 10:38:48"}
{"level":"info","message":"getAllModule called","pageIndex":0,"pageSize":100,"timestamp":"2026-06-05 10:38:48"}
{"level":"info","message":"Fetching modules with pagination pageIndex=0, pageSize=100","timestamp":"2026-06-05 10:38:48"}
{"level":"info","message":"Fetching all modules without search","timestamp":"2026-06-05 10:38:48"}
{"level":"info","message":"✅ Found 6 modules","timestamp":"2026-06-05 10:38:48"}
{"count":0,"level":"info","message":"✅ getAllModule response","timestamp":"2026-06-05 10:38:48"}
{"body":{},"level":"info","message":"📥 [getAllUsers] Incoming request","query":{"pageIndex":"0","pageSize":"10"},"timestamp":"2026-06-05 11:35:22"}
{"level":"info","message":"🔍 [getAllUsers] Parsed filters","pageIndex":0,"pageSize":10,"searchText":"","timestamp":"2026-06-05 11:35:22"}
{"level":"info","message":"getAllUsers called","pageIndex":0,"pageSize":10,"searchText":"","timestamp":"2026-06-05 11:35:22"}
{"level":"info","message":"Fetching all users without search filter","timestamp":"2026-06-05 11:35:22"}
{"level":"info","message":"Pagination applied: skip=0, limit=10","timestamp":"2026-06-05 11:35:22"}
{"level":"info","message":"✅ Found 4 users","timestamp":"2026-06-05 11:35:22"}
{"level":"info","message":"✅ [getAllUsers] Service response received","responseCode":200,"timestamp":"2026-06-05 11:35:22"}
{"level":"info","message":"🎯 getAllModule request received","pageIndex":0,"pageSize":100,"timestamp":"2026-06-05 11:35:24"}
{"level":"info","message":"getAllModule called","pageIndex":0,"pageSize":100,"timestamp":"2026-06-05 11:35:24"}
{"level":"info","message":"Fetching modules with pagination pageIndex=0, pageSize=100","timestamp":"2026-06-05 11:35:24"}
{"level":"info","message":"Fetching all modules without search","timestamp":"2026-06-05 11:35:24"}
{"level":"info","message":"✅ Found 6 modules","timestamp":"2026-06-05 11:35:24"}
{"count":0,"level":"info","message":"✅ getAllModule response","timestamp":"2026-06-05 11:35:24"}
{"body":{},"level":"info","message":"📥 [getAllUsers] Incoming request","query":{"pageIndex":"0","pageSize":"10"},"timestamp":"2026-06-05 17:39:05"}
{"level":"info","message":"🔍 [getAllUsers] Parsed filters","pageIndex":0,"pageSize":10,"searchText":"","timestamp":"2026-06-05 17:39:05"}
{"level":"info","message":"getAllUsers called","pageIndex":0,"pageSize":10,"searchText":"","timestamp":"2026-06-05 17:39:05"}
{"level":"info","message":"Fetching all users without search filter","timestamp":"2026-06-05 17:39:05"}
{"level":"info","message":"Pagination applied: skip=0, limit=10","timestamp":"2026-06-05 17:39:05"}
{"level":"info","message":"✅ Found 4 users","timestamp":"2026-06-05 17:39:05"}
{"level":"info","message":"✅ [getAllUsers] Service response received","responseCode":200,"timestamp":"2026-06-05 17:39:05"}
{"level":"info","message":"🎯 getAllModule request received","pageIndex":0,"pageSize":100,"timestamp":"2026-06-05 17:39:06"}
{"level":"info","message":"getAllModule called","pageIndex":0,"pageSize":100,"timestamp":"2026-06-05 17:39:06"}
{"level":"info","message":"Fetching modules with pagination pageIndex=0, pageSize=100","timestamp":"2026-06-05 17:39:06"}
{"level":"info","message":"Fetching all modules without search","timestamp":"2026-06-05 17:39:06"}
{"level":"info","message":"✅ Found 6 modules","timestamp":"2026-06-05 17:39:06"}
{"count":0,"level":"info","message":"✅ getAllModule response","timestamp":"2026-06-05 17:39:06"}
{"level":"info","message":"🎯 getAllModule request received","pageIndex":0,"pageSize":100,"timestamp":"2026-06-06 11:30:41"}
{"level":"info","message":"getAllModule called","pageIndex":0,"pageSize":100,"timestamp":"2026-06-06 11:30:41"}
{"level":"info","message":"Fetching modules with pagination pageIndex=0, pageSize=100","timestamp":"2026-06-06 11:30:41"}
{"level":"info","message":"Fetching all modules without search","timestamp":"2026-06-06 11:30:41"}
{"level":"info","message":"✅ Found 6 modules","timestamp":"2026-06-06 11:30:41"}
{"count":0,"level":"info","message":"✅ getAllModule response","timestamp":"2026-06-06 11:30:41"}
{"body":{},"level":"info","message":"📥 [getAllUsers] Incoming request","query":{"pageIndex":"0","pageSize":"10"},"timestamp":"2026-06-06 11:30:42"}
{"level":"info","message":"🔍 [getAllUsers] Parsed filters","pageIndex":0,"pageSize":10,"searchText":"","timestamp":"2026-06-06 11:30:42"}
{"level":"info","message":"getAllUsers called","pageIndex":0,"pageSize":10,"searchText":"","timestamp":"2026-06-06 11:30:42"}
{"level":"info","message":"Fetching all users without search filter","timestamp":"2026-06-06 11:30:42"}
{"level":"info","message":"Pagination applied: skip=0, limit=10","timestamp":"2026-06-06 11:30:42"}
{"level":"info","message":"✅ Found 4 users","timestamp":"2026-06-06 11:30:42"}
{"level":"info","message":"✅ [getAllUsers] Service response received","responseCode":200,"timestamp":"2026-06-06 11:30:42"}
{"level":"info","message":"Logout initiated","timestamp":"2026-06-06 11:37:30","token":"eyJhbGciOiJIUzI1NiIsInR5cCI6IkpXVCJ9.eyJlbWFpbCI6InRlc3RAdGVzdC5jb20iLCJpYXQiOjE3ODA3MjU2MjYsImV4cCI6MTc4MzMxNzYyNn0.qAAayY0iJuMJ4mf-ZHkQifrxHnCe4fQrfZz9E_gYnC0"}
{"level":"warn","message":"Logout attempted with invalid or expired session token","timestamp":"2026-06-06 11:37:30","token":"eyJhbGciOiJIUzI1NiIsInR5cCI6IkpXVCJ9.eyJlbWFpbCI6InRlc3RAdGVzdC5jb20iLCJpYXQiOjE3ODA3MjU2MjYsImV4cCI6MTc4MzMxNzYyNn0.qAAayY0iJuMJ4mf-ZHkQifrxHnCe4fQrfZz9E_gYnC0"}
{"level":"info","message":"🎯 getAllModule request received","pageIndex":0,"pageSize":100,"timestamp":"2026-06-06 11:38:08"}
{"level":"info","message":"getAllModule called","pageIndex":0,"pageSize":100,"timestamp":"2026-06-06 11:38:08"}
{"level":"info","message":"Fetching modules with pagination pageIndex=0, pageSize=100","timestamp":"2026-06-06 11:38:08"}
{"level":"info","message":"Fetching all modules without search","timestamp":"2026-06-06 11:38:08"}
{"level":"info","message":"✅ Found 6 modules","timestamp":"2026-06-06 11:38:08"}
{"count":0,"level":"info","message":"✅ getAllModule response","timestamp":"2026-06-06 11:38:08"}
{"level":"info","message":"🎯 getAllModule request received","pageIndex":0,"pageSize":100,"timestamp":"2026-06-06 11:39:48"}
{"level":"info","message":"getAllModule called","pageIndex":0,"pageSize":100,"timestamp":"2026-06-06 11:39:48"}
{"level":"info","message":"Fetching modules with pagination pageIndex=0, pageSize=100","timestamp":"2026-06-06 11:39:48"}
{"level":"info","message":"Fetching all modules without search","timestamp":"2026-06-06 11:39:48"}
{"level":"info","message":"✅ Found 6 modules","timestamp":"2026-06-06 11:39:48"}
{"count":0,"level":"info","message":"✅ getAllModule response","timestamp":"2026-06-06 11:39:48"}
{"body":{},"level":"info","message":"📥 [getAllUsers] Incoming request","query":{"pageIndex":"0","pageSize":"10"},"timestamp":"2026-06-06 11:40:06"}
{"level":"info","message":"🔍 [getAllUsers] Parsed filters","pageIndex":0,"pageSize":10,"searchText":"","timestamp":"2026-06-06 11:40:06"}
{"level":"info","message":"getAllUsers called","pageIndex":0,"pageSize":10,"searchText":"","timestamp":"2026-06-06 11:40:06"}
{"level":"info","message":"Fetching all users without search filter","timestamp":"2026-06-06 11:40:06"}
{"level":"info","message":"Pagination applied: skip=0, limit=10","timestamp":"2026-06-06 11:40:06"}
{"level":"info","message":"✅ Found 4 users","timestamp":"2026-06-06 11:40:06"}
{"level":"info","message":"✅ [getAllUsers] Service response received","responseCode":200,"timestamp":"2026-06-06 11:40:06"}
{"body":{},"level":"info","message":"📥 [getAllUsers] Incoming request","query":{"pageIndex":"0","pageSize":"10"},"timestamp":"2026-06-06 11:41:29"}
{"level":"info","message":"🔍 [getAllUsers] Parsed filters","pageIndex":0,"pageSize":10,"searchText":"","timestamp":"2026-06-06 11:41:29"}
{"level":"info","message":"getAllUsers called","pageIndex":0,"pageSize":10,"searchText":"","timestamp":"2026-06-06 11:41:29"}
{"level":"info","message":"Fetching all users without search filter","timestamp":"2026-06-06 11:41:29"}
{"level":"info","message":"Pagination applied: skip=0, limit=10","timestamp":"2026-06-06 11:41:29"}
{"level":"info","message":"✅ Found 4 users","timestamp":"2026-06-06 11:41:29"}
{"level":"info","message":"✅ [getAllUsers] Service response received","responseCode":200,"timestamp":"2026-06-06 11:41:29"}
{"body":{},"level":"info","message":"📥 [getAllUsers] Incoming request","query":{"pageIndex":"0","pageSize":"10"},"timestamp":"2026-06-06 11:42:40"}
{"level":"info","message":"🔍 [getAllUsers] Parsed filters","pageIndex":0,"pageSize":10,"searchText":"","timestamp":"2026-06-06 11:42:40"}
{"level":"info","message":"getAllUsers called","pageIndex":0,"pageSize":10,"searchText":"","timestamp":"2026-06-06 11:42:40"}
{"level":"info","message":"Fetching all users without search filter","timestamp":"2026-06-06 11:42:40"}
{"level":"info","message":"Pagination applied: skip=0, limit=10","timestamp":"2026-06-06 11:42:40"}
{"level":"info","message":"✅ Found 4 users","timestamp":"2026-06-06 11:42:40"}
{"level":"info","message":"✅ [getAllUsers] Service response received","responseCode":200,"timestamp":"2026-06-06 11:42:40"}
{"body":{},"level":"info","message":"📥 [getAllUsers] Incoming request","query":{"pageIndex":"0","pageSize":"10"},"timestamp":"2026-06-06 11:42:44"}
{"level":"info","message":"🔍 [getAllUsers] Parsed filters","pageIndex":0,"pageSize":10,"searchText":"","timestamp":"2026-06-06 11:42:44"}
{"level":"info","message":"getAllUsers called","pageIndex":0,"pageSize":10,"searchText":"","timestamp":"2026-06-06 11:42:44"}
{"level":"info","message":"Fetching all users without search filter","timestamp":"2026-06-06 11:42:44"}
{"level":"info","message":"Pagination applied: skip=0, limit=10","timestamp":"2026-06-06 11:42:44"}
{"level":"info","message":"✅ Found 4 users","timestamp":"2026-06-06 11:42:44"}
{"level":"info","message":"✅ [getAllUsers] Service response received","responseCode":200,"timestamp":"2026-06-06 11:42:44"}
{"body":{},"level":"info","message":"📥 [getAllUsers] Incoming request","query":{"pageIndex":"0","pageSize":"10"},"timestamp":"2026-06-06 11:44:54"}
{"level":"info","message":"🔍 [getAllUsers] Parsed filters","pageIndex":0,"pageSize":10,"searchText":"","timestamp":"2026-06-06 11:44:54"}
{"level":"info","message":"getAllUsers called","pageIndex":0,"pageSize":10,"searchText":"","timestamp":"2026-06-06 11:44:54"}
{"level":"info","message":"Fetching all users without search filter","timestamp":"2026-06-06 11:44:54"}
{"level":"info","message":"Pagination applied: skip=0, limit=10","timestamp":"2026-06-06 11:44:54"}
{"level":"info","message":"✅ Found 4 users","timestamp":"2026-06-06 11:44:54"}
{"level":"info","message":"✅ [getAllUsers] Service response received","responseCode":200,"timestamp":"2026-06-06 11:44:54"}
{"body":{},"level":"info","message":"📥 [getAllUsers] Incoming request","query":{"pageIndex":"0","pageSize":"10"},"timestamp":"2026-06-06 11:45:16"}
{"level":"info","message":"🔍 [getAllUsers] Parsed filters","pageIndex":0,"pageSize":10,"searchText":"","timestamp":"2026-06-06 11:45:16"}
{"level":"info","message":"getAllUsers called","pageIndex":0,"pageSize":10,"searchText":"","timestamp":"2026-06-06 11:45:16"}
{"level":"info","message":"Fetching all users without search filter","timestamp":"2026-06-06 11:45:16"}
{"level":"info","message":"Pagination applied: skip=0, limit=10","timestamp":"2026-06-06 11:45:16"}
{"level":"info","message":"✅ Found 4 users","timestamp":"2026-06-06 11:45:16"}
{"level":"info","message":"✅ [getAllUsers] Service response received","responseCode":200,"timestamp":"2026-06-06 11:45:16"}
{"body":{},"level":"info","message":"📥 [getAllUsers] Incoming request","query":{"pageIndex":"0","pageSize":"10"},"timestamp":"2026-06-06 11:45:34"}
{"level":"info","message":"🔍 [getAllUsers] Parsed filters","pageIndex":0,"pageSize":10,"searchText":"","timestamp":"2026-06-06 11:45:34"}
{"level":"info","message":"getAllUsers called","pageIndex":0,"pageSize":10,"searchText":"","timestamp":"2026-06-06 11:45:34"}
{"level":"info","message":"Fetching all users without search filter","timestamp":"2026-06-06 11:45:34"}
{"level":"info","message":"Pagination applied: skip=0, limit=10","timestamp":"2026-06-06 11:45:34"}
{"level":"info","message":"✅ Found 4 users","timestamp":"2026-06-06 11:45:34"}
{"level":"info","message":"✅ [getAllUsers] Service response received","responseCode":200,"timestamp":"2026-06-06 11:45:34"}
{"body":{},"level":"info","message":"📥 [getAllUsers] Incoming request","query":{"pageIndex":"0","pageSize":"10"},"timestamp":"2026-06-06 11:46:09"}
{"level":"info","message":"🔍 [getAllUsers] Parsed filters","pageIndex":0,"pageSize":10,"searchText":"","timestamp":"2026-06-06 11:46:09"}
{"level":"info","message":"getAllUsers called","pageIndex":0,"pageSize":10,"searchText":"","timestamp":"2026-06-06 11:46:09"}
{"level":"info","message":"Fetching all users without search filter","timestamp":"2026-06-06 11:46:09"}
{"level":"info","message":"Pagination applied: skip=0, limit=10","timestamp":"2026-06-06 11:46:09"}
{"level":"info","message":"✅ Found 4 users","timestamp":"2026-06-06 11:46:09"}
{"level":"info","message":"✅ [getAllUsers] Service response received","responseCode":200,"timestamp":"2026-06-06 11:46:09"}
{"body":{},"level":"info","message":"📥 [getAllUsers] Incoming request","query":{"pageIndex":"0","pageSize":"10"},"timestamp":"2026-06-06 11:47:08"}
{"level":"info","message":"🔍 [getAllUsers] Parsed filters","pageIndex":0,"pageSize":10,"searchText":"","timestamp":"2026-06-06 11:47:08"}
{"level":"info","message":"getAllUsers called","pageIndex":0,"pageSize":10,"searchText":"","timestamp":"2026-06-06 11:47:08"}
{"level":"info","message":"Fetching all users without search filter","timestamp":"2026-06-06 11:47:08"}
{"level":"info","message":"Pagination applied: skip=0, limit=10","timestamp":"2026-06-06 11:47:08"}
{"level":"info","message":"✅ Found 4 users","timestamp":"2026-06-06 11:47:08"}
{"level":"info","message":"✅ [getAllUsers] Service response received","responseCode":200,"timestamp":"2026-06-06 11:47:08"}
{"body":{},"level":"info","message":"📥 [getAllUsers] Incoming request","query":{"pageIndex":"0","pageSize":"10"},"timestamp":"2026-06-06 11:47:55"}
{"level":"info","message":"🔍 [getAllUsers] Parsed filters","pageIndex":0,"pageSize":10,"searchText":"","timestamp":"2026-06-06 11:47:55"}
{"level":"info","message":"getAllUsers called","pageIndex":0,"pageSize":10,"searchText":"","timestamp":"2026-06-06 11:47:55"}
{"level":"info","message":"Fetching all users without search filter","timestamp":"2026-06-06 11:47:55"}
{"level":"info","message":"Pagination applied: skip=0, limit=10","timestamp":"2026-06-06 11:47:55"}
{"level":"info","message":"✅ Found 4 users","timestamp":"2026-06-06 11:47:55"}
{"level":"info","message":"✅ [getAllUsers] Service response received","responseCode":200,"timestamp":"2026-06-06 11:47:55"}
{"body":{},"level":"info","message":"📥 [getAllUsers] Incoming request","query":{"pageIndex":"0","pageSize":"10"},"timestamp":"2026-06-06 11:48:27"}
{"level":"info","message":"🔍 [getAllUsers] Parsed filters","pageIndex":0,"pageSize":10,"searchText":"","timestamp":"2026-06-06 11:48:27"}
{"level":"info","message":"getAllUsers called","pageIndex":0,"pageSize":10,"searchText":"","timestamp":"2026-06-06 11:48:27"}
{"level":"info","message":"Fetching all users without search filter","timestamp":"2026-06-06 11:48:27"}
{"level":"info","message":"Pagination applied: skip=0, limit=10","timestamp":"2026-06-06 11:48:27"}
{"level":"info","message":"✅ Found 4 users","timestamp":"2026-06-06 11:48:27"}
{"level":"info","message":"✅ [getAllUsers] Service response received","responseCode":200,"timestamp":"2026-06-06 11:48:27"}
{"body":{},"level":"info","message":"📥 [getAllUsers] Incoming request","query":{"pageIndex":"0","pageSize":"10"},"timestamp":"2026-06-06 11:49:10"}
{"level":"info","message":"🔍 [getAllUsers] Parsed filters","pageIndex":0,"pageSize":10,"searchText":"","timestamp":"2026-06-06 11:49:10"}
{"level":"info","message":"getAllUsers called","pageIndex":0,"pageSize":10,"searchText":"","timestamp":"2026-06-06 11:49:10"}
{"level":"info","message":"Fetching all users without search filter","timestamp":"2026-06-06 11:49:10"}
{"level":"info","message":"Pagination applied: skip=0, limit=10","timestamp":"2026-06-06 11:49:10"}
{"level":"info","message":"✅ Found 4 users","timestamp":"2026-06-06 11:49:10"}
{"level":"info","message":"✅ [getAllUsers] Service response received","responseCode":200,"timestamp":"2026-06-06 11:49:10"}
{"body":{},"level":"info","message":"📥 [getAllUsers] Incoming request","query":{"pageIndex":"0","pageSize":"10"},"timestamp":"2026-06-06 11:49:47"}
{"level":"info","message":"🔍 [getAllUsers] Parsed filters","pageIndex":0,"pageSize":10,"searchText":"","timestamp":"2026-06-06 11:49:47"}
{"level":"info","message":"getAllUsers called","pageIndex":0,"pageSize":10,"searchText":"","timestamp":"2026-06-06 11:49:47"}
{"level":"info","message":"Fetching all users without search filter","timestamp":"2026-06-06 11:49:47"}
{"level":"info","message":"Pagination applied: skip=0, limit=10","timestamp":"2026-06-06 11:49:47"}
{"level":"info","message":"✅ Found 4 users","timestamp":"2026-06-06 11:49:48"}
{"level":"info","message":"✅ [getAllUsers] Service response received","responseCode":200,"timestamp":"2026-06-06 11:49:48"}
{"body":{},"level":"info","message":"📥 [getAllUsers] Incoming request","query":{"pageIndex":"0","pageSize":"10"},"timestamp":"2026-06-06 11:50:40"}
{"level":"info","message":"🔍 [getAllUsers] Parsed filters","pageIndex":0,"pageSize":10,"searchText":"","timestamp":"2026-06-06 11:50:40"}
{"level":"info","message":"getAllUsers called","pageIndex":0,"pageSize":10,"searchText":"","timestamp":"2026-06-06 11:50:40"}
{"level":"info","message":"Fetching all users without search filter","timestamp":"2026-06-06 11:50:40"}
{"level":"info","message":"Pagination applied: skip=0, limit=10","timestamp":"2026-06-06 11:50:40"}
{"level":"info","message":"✅ Found 4 users","timestamp":"2026-06-06 11:50:40"}
{"level":"info","message":"✅ [getAllUsers] Service response received","responseCode":200,"timestamp":"2026-06-06 11:50:40"}
{"body":{},"level":"info","message":"📥 [getAllUsers] Incoming request","query":{"pageIndex":"0","pageSize":"10"},"timestamp":"2026-06-06 11:51:32"}
{"level":"info","message":"🔍 [getAllUsers] Parsed filters","pageIndex":0,"pageSize":10,"searchText":"","timestamp":"2026-06-06 11:51:32"}
{"level":"info","message":"getAllUsers called","pageIndex":0,"pageSize":10,"searchText":"","timestamp":"2026-06-06 11:51:32"}
{"level":"info","message":"Fetching all users without search filter","timestamp":"2026-06-06 11:51:32"}
{"level":"info","message":"Pagination applied: skip=0, limit=10","timestamp":"2026-06-06 11:51:32"}
{"level":"info","message":"✅ Found 4 users","timestamp":"2026-06-06 11:51:32"}
{"level":"info","message":"✅ [getAllUsers] Service response received","responseCode":200,"timestamp":"2026-06-06 11:51:32"}
{"body":{},"level":"info","message":"📥 [getAllUsers] Incoming request","query":{"pageIndex":"0","pageSize":"10"},"timestamp":"2026-06-06 11:52:13"}
{"level":"info","message":"🔍 [getAllUsers] Parsed filters","pageIndex":0,"pageSize":10,"searchText":"","timestamp":"2026-06-06 11:52:13"}
{"level":"info","message":"getAllUsers called","pageIndex":0,"pageSize":10,"searchText":"","timestamp":"2026-06-06 11:52:13"}
{"level":"info","message":"Fetching all users without search filter","timestamp":"2026-06-06 11:52:13"}
{"level":"info","message":"Pagination applied: skip=0, limit=10","timestamp":"2026-06-06 11:52:13"}
{"level":"info","message":"✅ Found 4 users","timestamp":"2026-06-06 11:52:13"}
{"level":"info","message":"✅ [getAllUsers] Service response received","responseCode":200,"timestamp":"2026-06-06 11:52:13"}
{"body":{},"level":"info","message":"📥 [getAllUsers] Incoming request","query":{"pageIndex":"0","pageSize":"10"},"timestamp":"2026-06-06 11:53:58"}
{"level":"info","message":"🔍 [getAllUsers] Parsed filters","pageIndex":0,"pageSize":10,"searchText":"","timestamp":"2026-06-06 11:53:58"}
{"level":"info","message":"getAllUsers called","pageIndex":0,"pageSize":10,"searchText":"","timestamp":"2026-06-06 11:53:58"}
{"level":"info","message":"Fetching all users without search filter","timestamp":"2026-06-06 11:53:58"}
{"level":"info","message":"Pagination applied: skip=0, limit=10","timestamp":"2026-06-06 11:53:58"}
{"level":"info","message":"✅ Found 4 users","timestamp":"2026-06-06 11:53:58"}
{"level":"info","message":"✅ [getAllUsers] Service response received","responseCode":200,"timestamp":"2026-06-06 11:53:58"}
{"body":{},"level":"info","message":"📥 [getAllUsers] Incoming request","query":{"pageIndex":"0","pageSize":"10"},"timestamp":"2026-06-06 11:55:04"}
{"level":"info","message":"🔍 [getAllUsers] Parsed filters","pageIndex":0,"pageSize":10,"searchText":"","timestamp":"2026-06-06 11:55:04"}
{"level":"info","message":"getAllUsers called","pageIndex":0,"pageSize":10,"searchText":"","timestamp":"2026-06-06 11:55:04"}
{"level":"info","message":"Fetching all users without search filter","timestamp":"2026-06-06 11:55:04"}
{"level":"info","message":"Pagination applied: skip=0, limit=10","timestamp":"2026-06-06 11:55:04"}
{"level":"info","message":"✅ Found 4 users","timestamp":"2026-06-06 11:55:04"}
{"level":"info","message":"✅ [getAllUsers] Service response received","responseCode":200,"timestamp":"2026-06-06 11:55:04"}
{"body":{},"level":"info","message":"📥 [getAllUsers] Incoming request","query":{"pageIndex":"0","pageSize":"10"},"timestamp":"2026-06-06 11:55:36"}
{"level":"info","message":"🔍 [getAllUsers] Parsed filters","pageIndex":0,"pageSize":10,"searchText":"","timestamp":"2026-06-06 11:55:36"}
{"level":"info","message":"getAllUsers called","pageIndex":0,"pageSize":10,"searchText":"","timestamp":"2026-06-06 11:55:36"}
{"level":"info","message":"Fetching all users without search filter","timestamp":"2026-06-06 11:55:36"}
{"level":"info","message":"Pagination applied: skip=0, limit=10","timestamp":"2026-06-06 11:55:36"}
{"level":"info","message":"✅ Found 4 users","timestamp":"2026-06-06 11:55:36"}
{"level":"info","message":"✅ [getAllUsers] Service response received","responseCode":200,"timestamp":"2026-06-06 11:55:36"}
{"body":{},"level":"info","message":"📥 [getAllUsers] Incoming request","query":{"pageIndex":"0","pageSize":"10"},"timestamp":"2026-06-06 11:56:08"}
{"level":"info","message":"🔍 [getAllUsers] Parsed filters","pageIndex":0,"pageSize":10,"searchText":"","timestamp":"2026-06-06 11:56:08"}
{"level":"info","message":"getAllUsers called","pageIndex":0,"pageSize":10,"searchText":"","timestamp":"2026-06-06 11:56:08"}
{"level":"info","message":"Fetching all users without search filter","timestamp":"2026-06-06 11:56:08"}
{"level":"info","message":"Pagination applied: skip=0, limit=10","timestamp":"2026-06-06 11:56:08"}
{"level":"info","message":"✅ Found 4 users","timestamp":"2026-06-06 11:56:08"}
{"level":"info","message":"✅ [getAllUsers] Service response received","responseCode":200,"timestamp":"2026-06-06 11:56:08"}
{"body":{},"level":"info","message":"📥 [getAllUsers] Incoming request","query":{"pageIndex":"0","pageSize":"10"},"timestamp":"2026-06-06 11:57:03"}
{"level":"info","message":"🔍 [getAllUsers] Parsed filters","pageIndex":0,"pageSize":10,"searchText":"","timestamp":"2026-06-06 11:57:03"}
{"level":"info","message":"getAllUsers called","pageIndex":0,"pageSize":10,"searchText":"","timestamp":"2026-06-06 11:57:03"}
{"level":"info","message":"Fetching all users without search filter","timestamp":"2026-06-06 11:57:03"}
{"level":"info","message":"Pagination applied: skip=0, limit=10","timestamp":"2026-06-06 11:57:03"}
{"level":"info","message":"✅ Found 4 users","timestamp":"2026-06-06 11:57:03"}
{"level":"info","message":"✅ [getAllUsers] Service response received","responseCode":200,"timestamp":"2026-06-06 11:57:03"}
{"body":{},"level":"info","message":"📥 [getAllUsers] Incoming request","query":{"pageIndex":"0","pageSize":"10"},"timestamp":"2026-06-06 11:58:01"}
{"level":"info","message":"🔍 [getAllUsers] Parsed filters","pageIndex":0,"pageSize":10,"searchText":"","timestamp":"2026-06-06 11:58:01"}
{"level":"info","message":"getAllUsers called","pageIndex":0,"pageSize":10,"searchText":"","timestamp":"2026-06-06 11:58:01"}
{"level":"info","message":"Fetching all users without search filter","timestamp":"2026-06-06 11:58:01"}
{"level":"info","message":"Pagination applied: skip=0, limit=10","timestamp":"2026-06-06 11:58:01"}
{"level":"info","message":"✅ Found 4 users","timestamp":"2026-06-06 11:58:01"}
{"level":"info","message":"✅ [getAllUsers] Service response received","responseCode":200,"timestamp":"2026-06-06 11:58:01"}
{"level":"info","message":"getProfile: id=6a200f371d145caf46fd19f2","timestamp":"2026-06-06 11:58:11"}
{"level":"info","message":"🎯 getAllModule request received","pageIndex":0,"pageSize":100,"timestamp":"2026-06-06 11:58:30"}
{"level":"info","message":"getAllModule called","pageIndex":0,"pageSize":100,"timestamp":"2026-06-06 11:58:30"}
{"level":"info","message":"Fetching modules with pagination pageIndex=0, pageSize=100","timestamp":"2026-06-06 11:58:30"}
{"level":"info","message":"Fetching all modules without search","timestamp":"2026-06-06 11:58:30"}
{"level":"info","message":"✅ Found 6 modules","timestamp":"2026-06-06 11:58:30"}
{"count":0,"level":"info","message":"✅ getAllModule response","timestamp":"2026-06-06 11:58:30"}
{"body":{},"level":"info","message":"📥 [getAllUsers] Incoming request","query":{"pageIndex":"0","pageSize":"10"},"timestamp":"2026-06-06 11:58:39"}
{"level":"info","message":"🔍 [getAllUsers] Parsed filters","pageIndex":0,"pageSize":10,"searchText":"","timestamp":"2026-06-06 11:58:39"}
{"level":"info","message":"getAllUsers called","pageIndex":0,"pageSize":10,"searchText":"","timestamp":"2026-06-06 11:58:39"}
{"level":"info","message":"Fetching all users without search filter","timestamp":"2026-06-06 11:58:39"}
{"level":"info","message":"Pagination applied: skip=0, limit=10","timestamp":"2026-06-06 11:58:39"}
{"level":"info","message":"✅ Found 4 users","timestamp":"2026-06-06 11:58:39"}
{"level":"info","message":"✅ [getAllUsers] Service response received","responseCode":200,"timestamp":"2026-06-06 11:58:39"}
{"body":{},"level":"info","message":"📥 [getAllUsers] Incoming request","query":{"pageIndex":"0","pageSize":"10"},"timestamp":"2026-06-06 11:59:19"}
{"level":"info","message":"🔍 [getAllUsers] Parsed filters","pageIndex":0,"pageSize":10,"searchText":"","timestamp":"2026-06-06 11:59:19"}
{"level":"info","message":"getAllUsers called","pageIndex":0,"pageSize":10,"searchText":"","timestamp":"2026-06-06 11:59:19"}
{"level":"info","message":"Fetching all users without search filter","timestamp":"2026-06-06 11:59:19"}
{"level":"info","message":"Pagination applied: skip=0, limit=10","timestamp":"2026-06-06 11:59:19"}
{"level":"info","message":"✅ Found 4 users","timestamp":"2026-06-06 11:59:19"}
{"level":"info","message":"✅ [getAllUsers] Service response received","responseCode":200,"timestamp":"2026-06-06 11:59:19"}
{"body":{},"level":"info","message":"📥 [getAllUsers] Incoming request","query":{"pageIndex":"0","pageSize":"10"},"timestamp":"2026-06-06 11:59:50"}
{"level":"info","message":"🔍 [getAllUsers] Parsed filters","pageIndex":0,"pageSize":10,"searchText":"","timestamp":"2026-06-06 11:59:50"}
{"level":"info","message":"getAllUsers called","pageIndex":0,"pageSize":10,"searchText":"","timestamp":"2026-06-06 11:59:50"}
{"level":"info","message":"Fetching all users without search filter","timestamp":"2026-06-06 11:59:50"}
{"level":"info","message":"Pagination applied: skip=0, limit=10","timestamp":"2026-06-06 11:59:50"}
{"level":"info","message":"✅ Found 4 users","timestamp":"2026-06-06 11:59:50"}
{"level":"info","message":"✅ [getAllUsers] Service response received","responseCode":200,"timestamp":"2026-06-06 11:59:50"}
{"body":{},"level":"info","message":"📥 [getAllUsers] Incoming request","query":{"pageIndex":"0","pageSize":"10","searchText":"f"},"timestamp":"2026-06-06 12:01:04"}
{"level":"info","message":"🔍 [getAllUsers] Parsed filters","pageIndex":0,"pageSize":10,"searchText":"f","timestamp":"2026-06-06 12:01:04"}
{"level":"info","message":"getAllUsers called","pageIndex":0,"pageSize":10,"searchText":"f","timestamp":"2026-06-06 12:01:04"}
{"level":"info","message":"Searching users with text=\"f\"","timestamp":"2026-06-06 12:01:04"}
{"level":"info","message":"Pagination applied: skip=0, limit=10","timestamp":"2026-06-06 12:01:04"}
{"level":"warn","message":"⚠️ No users found","timestamp":"2026-06-06 12:01:04"}
{"level":"info","message":"✅ [getAllUsers] Service response received","responseCode":404,"timestamp":"2026-06-06 12:01:04"}
{"body":{},"level":"info","message":"📥 [getAllUsers] Incoming request","query":{"pageIndex":"0","pageSize":"10","searchText":"fd"},"timestamp":"2026-06-06 12:01:04"}
{"level":"info","message":"🔍 [getAllUsers] Parsed filters","pageIndex":0,"pageSize":10,"searchText":"fd","timestamp":"2026-06-06 12:01:04"}
{"level":"info","message":"getAllUsers called","pageIndex":0,"pageSize":10,"searchText":"fd","timestamp":"2026-06-06 12:01:04"}
{"level":"info","message":"Searching users with text=\"fd\"","timestamp":"2026-06-06 12:01:04"}
{"level":"info","message":"Pagination applied: skip=0, limit=10","timestamp":"2026-06-06 12:01:04"}
{"level":"warn","message":"⚠️ No users found","timestamp":"2026-06-06 12:01:04"}
{"level":"info","message":"✅ [getAllUsers] Service response received","responseCode":404,"timestamp":"2026-06-06 12:01:04"}
{"body":{},"level":"info","message":"📥 [getAllUsers] Incoming request","query":{"pageIndex":"0","pageSize":"10","searchText":"fda"},"timestamp":"2026-06-06 12:01:04"}
{"level":"info","message":"🔍 [getAllUsers] Parsed filters","pageIndex":0,"pageSize":10,"searchText":"fda","timestamp":"2026-06-06 12:01:04"}
{"level":"info","message":"getAllUsers called","pageIndex":0,"pageSize":10,"searchText":"fda","timestamp":"2026-06-06 12:01:04"}
{"level":"info","message":"Searching users with text=\"fda\"","timestamp":"2026-06-06 12:01:04"}
{"level":"info","message":"Pagination applied: skip=0, limit=10","timestamp":"2026-06-06 12:01:04"}
{"level":"warn","message":"⚠️ No users found","timestamp":"2026-06-06 12:01:04"}
{"level":"info","message":"✅ [getAllUsers] Service response received","responseCode":404,"timestamp":"2026-06-06 12:01:04"}
{"body":{},"level":"info","message":"📥 [getAllUsers] Incoming request","query":{"pageIndex":"0","pageSize":"10","searchText":"fdas"},"timestamp":"2026-06-06 12:01:04"}
{"level":"info","message":"🔍 [getAllUsers] Parsed filters","pageIndex":0,"pageSize":10,"searchText":"fdas","timestamp":"2026-06-06 12:01:04"}
{"level":"info","message":"getAllUsers called","pageIndex":0,"pageSize":10,"searchText":"fdas","timestamp":"2026-06-06 12:01:04"}
{"level":"info","message":"Searching users with text=\"fdas\"","timestamp":"2026-06-06 12:01:04"}
{"level":"info","message":"Pagination applied: skip=0, limit=10","timestamp":"2026-06-06 12:01:04"}
{"level":"warn","message":"⚠️ No users found","timestamp":"2026-06-06 12:01:04"}
{"level":"info","message":"✅ [getAllUsers] Service response received","responseCode":404,"timestamp":"2026-06-06 12:01:04"}
{"body":{},"level":"info","message":"📥 [getAllUsers] Incoming request","query":{"pageIndex":"0","pageSize":"10","searchText":"fdasf"},"timestamp":"2026-06-06 12:01:04"}
{"level":"info","message":"🔍 [getAllUsers] Parsed filters","pageIndex":0,"pageSize":10,"searchText":"fdasf","timestamp":"2026-06-06 12:01:04"}
{"level":"info","message":"getAllUsers called","pageIndex":0,"pageSize":10,"searchText":"fdasf","timestamp":"2026-06-06 12:01:04"}
{"level":"info","message":"Searching users with text=\"fdasf\"","timestamp":"2026-06-06 12:01:04"}
{"level":"info","message":"Pagination applied: skip=0, limit=10","timestamp":"2026-06-06 12:01:04"}
{"level":"warn","message":"⚠️ No users found","timestamp":"2026-06-06 12:01:04"}
{"level":"info","message":"✅ [getAllUsers] Service response received","responseCode":404,"timestamp":"2026-06-06 12:01:04"}
{"body":{},"level":"info","message":"📥 [getAllUsers] Incoming request","query":{"pageIndex":"0","pageSize":"10"},"timestamp":"2026-06-06 12:01:06"}
{"level":"info","message":"🔍 [getAllUsers] Parsed filters","pageIndex":0,"pageSize":10,"searchText":"","timestamp":"2026-06-06 12:01:06"}
{"level":"info","message":"getAllUsers called","pageIndex":0,"pageSize":10,"searchText":"","timestamp":"2026-06-06 12:01:06"}
{"level":"info","message":"Fetching all users without search filter","timestamp":"2026-06-06 12:01:06"}
{"level":"info","message":"Pagination applied: skip=0, limit=10","timestamp":"2026-06-06 12:01:06"}
{"level":"info","message":"✅ Found 4 users","timestamp":"2026-06-06 12:01:06"}
{"level":"info","message":"✅ [getAllUsers] Service response received","responseCode":200,"timestamp":"2026-06-06 12:01:06"}
{"body":{},"level":"info","message":"📥 [getAllUsers] Incoming request","query":{"pageIndex":"0","pageSize":"10","searchText":"t"},"timestamp":"2026-06-06 12:01:06"}
{"level":"info","message":"🔍 [getAllUsers] Parsed filters","pageIndex":0,"pageSize":10,"searchText":"t","timestamp":"2026-06-06 12:01:06"}
{"level":"info","message":"getAllUsers called","pageIndex":0,"pageSize":10,"searchText":"t","timestamp":"2026-06-06 12:01:06"}
{"level":"info","message":"Searching users with text=\"t\"","timestamp":"2026-06-06 12:01:06"}
{"level":"info","message":"Pagination applied: skip=0, limit=10","timestamp":"2026-06-06 12:01:06"}
{"level":"info","message":"✅ Found 3 users","timestamp":"2026-06-06 12:01:07"}
{"level":"info","message":"✅ [getAllUsers] Service response received","responseCode":200,"timestamp":"2026-06-06 12:01:07"}
{"body":{},"level":"info","message":"📥 [getAllUsers] Incoming request","query":{"pageIndex":"0","pageSize":"10","searchText":"te"},"timestamp":"2026-06-06 12:01:07"}
{"level":"info","message":"🔍 [getAllUsers] Parsed filters","pageIndex":0,"pageSize":10,"searchText":"te","timestamp":"2026-06-06 12:01:07"}
{"level":"info","message":"getAllUsers called","pageIndex":0,"pageSize":10,"searchText":"te","timestamp":"2026-06-06 12:01:07"}
{"level":"info","message":"Searching users with text=\"te\"","timestamp":"2026-06-06 12:01:07"}
{"level":"info","message":"Pagination applied: skip=0, limit=10","timestamp":"2026-06-06 12:01:07"}
{"level":"info","message":"✅ Found 3 users","timestamp":"2026-06-06 12:01:07"}
{"level":"info","message":"✅ [getAllUsers] Service response received","responseCode":200,"timestamp":"2026-06-06 12:01:07"}
{"body":{},"level":"info","message":"📥 [getAllUsers] Incoming request","query":{"pageIndex":"0","pageSize":"10","searchText":"tes"},"timestamp":"2026-06-06 12:01:07"}
{"level":"info","message":"🔍 [getAllUsers] Parsed filters","pageIndex":0,"pageSize":10,"searchText":"tes","timestamp":"2026-06-06 12:01:07"}
{"level":"info","message":"getAllUsers called","pageIndex":0,"pageSize":10,"searchText":"tes","timestamp":"2026-06-06 12:01:07"}
{"level":"info","message":"Searching users with text=\"tes\"","timestamp":"2026-06-06 12:01:07"}
{"level":"info","message":"Pagination applied: skip=0, limit=10","timestamp":"2026-06-06 12:01:07"}
{"level":"info","message":"✅ Found 3 users","timestamp":"2026-06-06 12:01:07"}
{"level":"info","message":"✅ [getAllUsers] Service response received","responseCode":200,"timestamp":"2026-06-06 12:01:07"}
{"body":{},"level":"info","message":"📥 [getAllUsers] Incoming request","query":{"pageIndex":"0","pageSize":"10","searchText":"test"},"timestamp":"2026-06-06 12:01:07"}
{"level":"info","message":"🔍 [getAllUsers] Parsed filters","pageIndex":0,"pageSize":10,"searchText":"test","timestamp":"2026-06-06 12:01:07"}
{"level":"info","message":"getAllUsers called","pageIndex":0,"pageSize":10,"searchText":"test","timestamp":"2026-06-06 12:01:07"}
{"level":"info","message":"Searching users with text=\"test\"","timestamp":"2026-06-06 12:01:07"}
{"level":"info","message":"Pagination applied: skip=0, limit=10","timestamp":"2026-06-06 12:01:07"}
{"level":"info","message":"✅ Found 2 users","timestamp":"2026-06-06 12:01:07"}
{"level":"info","message":"✅ [getAllUsers] Service response received","responseCode":200,"timestamp":"2026-06-06 12:01:07"}
{"body":{},"level":"info","message":"📥 [getAllUsers] Incoming request","query":{"pageIndex":"0","pageSize":"10"},"timestamp":"2026-06-06 12:03:38"}
{"level":"info","message":"🔍 [getAllUsers] Parsed filters","pageIndex":0,"pageSize":10,"searchText":"","timestamp":"2026-06-06 12:03:38"}
{"level":"info","message":"getAllUsers called","pageIndex":0,"pageSize":10,"searchText":"","timestamp":"2026-06-06 12:03:38"}
{"level":"info","message":"Fetching all users without search filter","timestamp":"2026-06-06 12:03:38"}
{"level":"info","message":"Pagination applied: skip=0, limit=10","timestamp":"2026-06-06 12:03:38"}
{"level":"info","message":"✅ Found 4 users","timestamp":"2026-06-06 12:03:38"}
{"level":"info","message":"✅ [getAllUsers] Service response received","responseCode":200,"timestamp":"2026-06-06 12:03:38"}
{"body":{},"level":"info","message":"📥 [getAllUsers] Incoming request","query":{"pageIndex":"0","pageSize":"10"},"timestamp":"2026-06-06 12:04:27"}
{"level":"info","message":"🔍 [getAllUsers] Parsed filters","pageIndex":0,"pageSize":10,"searchText":"","timestamp":"2026-06-06 12:04:27"}
{"level":"info","message":"getAllUsers called","pageIndex":0,"pageSize":10,"searchText":"","timestamp":"2026-06-06 12:04:27"}
{"level":"info","message":"Fetching all users without search filter","timestamp":"2026-06-06 12:04:27"}
{"level":"info","message":"Pagination applied: skip=0, limit=10","timestamp":"2026-06-06 12:04:27"}
{"level":"info","message":"✅ Found 4 users","timestamp":"2026-06-06 12:04:27"}
{"level":"info","message":"✅ [getAllUsers] Service response received","responseCode":200,"timestamp":"2026-06-06 12:04:27"}
{"body":{},"level":"info","message":"📥 [getAllUsers] Incoming request","query":{"pageIndex":"0","pageSize":"10"},"timestamp":"2026-06-06 12:05:01"}
{"level":"info","message":"🔍 [getAllUsers] Parsed filters","pageIndex":0,"pageSize":10,"searchText":"","timestamp":"2026-06-06 12:05:01"}
{"level":"info","message":"getAllUsers called","pageIndex":0,"pageSize":10,"searchText":"","timestamp":"2026-06-06 12:05:01"}
{"level":"info","message":"Fetching all users without search filter","timestamp":"2026-06-06 12:05:01"}
{"level":"info","message":"Pagination applied: skip=0, limit=10","timestamp":"2026-06-06 12:05:01"}
{"level":"info","message":"✅ Found 4 users","timestamp":"2026-06-06 12:05:01"}
{"level":"info","message":"✅ [getAllUsers] Service response received","responseCode":200,"timestamp":"2026-06-06 12:05:01"}
{"level":"info","message":"getProfile: id=6a200f371d145caf46fd19f2","timestamp":"2026-06-06 12:05:38"}
{"body":{},"level":"info","message":"📥 [getAllUsers] Incoming request","query":{"pageIndex":"0","pageSize":"10","status":"1"},"timestamp":"2026-06-06 12:06:08"}
{"level":"info","message":"🔍 [getAllUsers] Parsed filters","pageIndex":0,"pageSize":10,"searchText":"","status":"1","timestamp":"2026-06-06 12:06:08"}
{"level":"info","message":"getAllUsers called","pageIndex":0,"pageSize":10,"searchText":"","status":"1","timestamp":"2026-06-06 12:06:08"}
{"level":"info","message":"Fetching all users without search filter","timestamp":"2026-06-06 12:06:08"}
{"level":"info","message":"Pagination applied: skip=0, limit=10","timestamp":"2026-06-06 12:06:08"}
{"level":"info","message":"✅ Found 3 users","timestamp":"2026-06-06 12:06:08"}
{"level":"info","message":"✅ [getAllUsers] Service response received","responseCode":200,"timestamp":"2026-06-06 12:06:08"}
{"body":{},"level":"info","message":"📥 [getAllUsers] Incoming request","query":{"pageIndex":"0","pageSize":"10","status":"2"},"timestamp":"2026-06-06 12:06:11"}
{"level":"info","message":"🔍 [getAllUsers] Parsed filters","pageIndex":0,"pageSize":10,"searchText":"","status":"2","timestamp":"2026-06-06 12:06:11"}
{"level":"info","message":"getAllUsers called","pageIndex":0,"pageSize":10,"searchText":"","status":"2","timestamp":"2026-06-06 12:06:11"}
{"level":"info","message":"Fetching all users without search filter","timestamp":"2026-06-06 12:06:11"}
{"level":"info","message":"Pagination applied: skip=0, limit=10","timestamp":"2026-06-06 12:06:11"}
{"level":"info","message":"✅ Found 1 users","timestamp":"2026-06-06 12:06:11"}
{"level":"info","message":"✅ [getAllUsers] Service response received","responseCode":200,"timestamp":"2026-06-06 12:06:11"}
{"body":{},"level":"info","message":"📥 [getAllUsers] Incoming request","query":{"pageIndex":"0","pageSize":"10"},"timestamp":"2026-06-06 12:06:13"}
{"level":"info","message":"🔍 [getAllUsers] Parsed filters","pageIndex":0,"pageSize":10,"searchText":"","timestamp":"2026-06-06 12:06:13"}
{"level":"info","message":"getAllUsers called","pageIndex":0,"pageSize":10,"searchText":"","timestamp":"2026-06-06 12:06:13"}
{"level":"info","message":"Fetching all users without search filter","timestamp":"2026-06-06 12:06:13"}
{"level":"info","message":"Pagination applied: skip=0, limit=10","timestamp":"2026-06-06 12:06:13"}
{"level":"info","message":"✅ Found 4 users","timestamp":"2026-06-06 12:06:13"}
{"level":"info","message":"✅ [getAllUsers] Service response received","responseCode":200,"timestamp":"2026-06-06 12:06:13"}
{"body":{},"level":"info","message":"📥 [getAllUsers] Incoming request","query":{"pageIndex":"0","pageSize":"10"},"timestamp":"2026-06-06 12:07:19"}
{"level":"info","message":"🔍 [getAllUsers] Parsed filters","pageIndex":0,"pageSize":10,"searchText":"","timestamp":"2026-06-06 12:07:19"}
{"level":"info","message":"getAllUsers called","pageIndex":0,"pageSize":10,"searchText":"","timestamp":"2026-06-06 12:07:19"}
{"level":"info","message":"Fetching all users without search filter","timestamp":"2026-06-06 12:07:19"}
{"level":"info","message":"Pagination applied: skip=0, limit=10","timestamp":"2026-06-06 12:07:19"}
{"level":"info","message":"✅ Found 4 users","timestamp":"2026-06-06 12:07:19"}
{"level":"info","message":"✅ [getAllUsers] Service response received","responseCode":200,"timestamp":"2026-06-06 12:07:19"}
{"body":{},"level":"info","message":"📥 [getAllUsers] Incoming request","query":{"pageIndex":"0","pageSize":"10"},"timestamp":"2026-06-06 12:07:52"}
{"level":"info","message":"🔍 [getAllUsers] Parsed filters","pageIndex":0,"pageSize":10,"searchText":"","timestamp":"2026-06-06 12:07:52"}
{"level":"info","message":"getAllUsers called","pageIndex":0,"pageSize":10,"searchText":"","timestamp":"2026-06-06 12:07:52"}
{"level":"info","message":"Fetching all users without search filter","timestamp":"2026-06-06 12:07:52"}
{"level":"info","message":"Pagination applied: skip=0, limit=10","timestamp":"2026-06-06 12:07:52"}
{"level":"info","message":"✅ Found 4 users","timestamp":"2026-06-06 12:07:52"}
{"level":"info","message":"✅ [getAllUsers] Service response received","responseCode":200,"timestamp":"2026-06-06 12:07:52"}
{"body":{},"level":"info","message":"📥 [getAllUsers] Incoming request","query":{"pageIndex":"0","pageSize":"10"},"timestamp":"2026-06-06 12:08:39"}
{"level":"info","message":"🔍 [getAllUsers] Parsed filters","pageIndex":0,"pageSize":10,"searchText":"","timestamp":"2026-06-06 12:08:39"}
{"level":"info","message":"getAllUsers called","pageIndex":0,"pageSize":10,"searchText":"","timestamp":"2026-06-06 12:08:39"}
{"level":"info","message":"Fetching all users without search filter","timestamp":"2026-06-06 12:08:39"}
{"level":"info","message":"Pagination applied: skip=0, limit=10","timestamp":"2026-06-06 12:08:39"}
{"level":"info","message":"✅ Found 4 users","timestamp":"2026-06-06 12:08:39"}
{"level":"info","message":"✅ [getAllUsers] Service response received","responseCode":200,"timestamp":"2026-06-06 12:08:39"}
{"body":{},"level":"info","message":"📥 [getAllUsers] Incoming request","query":{"pageIndex":"0","pageSize":"10"},"timestamp":"2026-06-06 12:09:25"}
{"level":"info","message":"🔍 [getAllUsers] Parsed filters","pageIndex":0,"pageSize":10,"searchText":"","timestamp":"2026-06-06 12:09:25"}
{"level":"info","message":"getAllUsers called","pageIndex":0,"pageSize":10,"searchText":"","timestamp":"2026-06-06 12:09:25"}
{"level":"info","message":"Fetching all users without search filter","timestamp":"2026-06-06 12:09:25"}
{"level":"info","message":"Pagination applied: skip=0, limit=10","timestamp":"2026-06-06 12:09:25"}
{"level":"info","message":"✅ Found 4 users","timestamp":"2026-06-06 12:09:25"}
{"level":"info","message":"✅ [getAllUsers] Service response received","responseCode":200,"timestamp":"2026-06-06 12:09:25"}
{"body":{},"level":"info","message":"📥 [getAllUsers] Incoming request","query":{"pageIndex":"0","pageSize":"10"},"timestamp":"2026-06-06 12:10:43"}
{"level":"info","message":"🔍 [getAllUsers] Parsed filters","pageIndex":0,"pageSize":10,"searchText":"","timestamp":"2026-06-06 12:10:43"}
{"level":"info","message":"getAllUsers called","pageIndex":0,"pageSize":10,"searchText":"","timestamp":"2026-06-06 12:10:43"}
{"level":"info","message":"Fetching all users without search filter","timestamp":"2026-06-06 12:10:43"}
{"level":"info","message":"Pagination applied: skip=0, limit=10","timestamp":"2026-06-06 12:10:43"}
{"level":"info","message":"✅ Found 4 users","timestamp":"2026-06-06 12:10:43"}
{"level":"info","message":"✅ [getAllUsers] Service response received","responseCode":200,"timestamp":"2026-06-06 12:10:43"}
{"body":{},"level":"info","message":"📥 [getAllUsers] Incoming request","query":{"pageIndex":"0","pageSize":"10"},"timestamp":"2026-06-06 12:11:35"}
{"level":"info","message":"🔍 [getAllUsers] Parsed filters","pageIndex":0,"pageSize":10,"searchText":"","timestamp":"2026-06-06 12:11:35"}
{"level":"info","message":"getAllUsers called","pageIndex":0,"pageSize":10,"searchText":"","timestamp":"2026-06-06 12:11:35"}
{"level":"info","message":"Fetching all users without search filter","timestamp":"2026-06-06 12:11:35"}
{"level":"info","message":"Pagination applied: skip=0, limit=10","timestamp":"2026-06-06 12:11:35"}
{"level":"info","message":"✅ Found 4 users","timestamp":"2026-06-06 12:11:35"}
{"level":"info","message":"✅ [getAllUsers] Service response received","responseCode":200,"timestamp":"2026-06-06 12:11:35"}
{"level":"info","message":"🎯 getAllModule request received","pageIndex":0,"pageSize":100,"timestamp":"2026-06-06 12:11:52"}
{"level":"info","message":"getAllModule called","pageIndex":0,"pageSize":100,"timestamp":"2026-06-06 12:11:52"}
{"level":"info","message":"Fetching modules with pagination pageIndex=0, pageSize=100","timestamp":"2026-06-06 12:11:52"}
{"level":"info","message":"Fetching all modules without search","timestamp":"2026-06-06 12:11:52"}
{"level":"info","message":"✅ Found 6 modules","timestamp":"2026-06-06 12:11:52"}
{"count":0,"level":"info","message":"✅ getAllModule response","timestamp":"2026-06-06 12:11:52"}
{"body":{},"level":"info","message":"📥 [getAllUsers] Incoming request","query":{"pageIndex":"0","pageSize":"10"},"timestamp":"2026-06-06 12:13:11"}
{"level":"info","message":"🔍 [getAllUsers] Parsed filters","pageIndex":0,"pageSize":10,"searchText":"","timestamp":"2026-06-06 12:13:11"}
{"level":"info","message":"getAllUsers called","pageIndex":0,"pageSize":10,"searchText":"","timestamp":"2026-06-06 12:13:11"}
{"level":"info","message":"Fetching all users without search filter","timestamp":"2026-06-06 12:13:11"}
{"level":"info","message":"Pagination applied: skip=0, limit=10","timestamp":"2026-06-06 12:13:11"}
{"level":"info","message":"✅ Found 4 users","timestamp":"2026-06-06 12:13:11"}
{"level":"info","message":"✅ [getAllUsers] Service response received","responseCode":200,"timestamp":"2026-06-06 12:13:11"}
{"body":{},"level":"info","message":"📥 [getAllUsers] Incoming request","query":{"pageIndex":"0","pageSize":"10"},"timestamp":"2026-06-06 12:13:51"}
{"level":"info","message":"🔍 [getAllUsers] Parsed filters","pageIndex":0,"pageSize":10,"searchText":"","timestamp":"2026-06-06 12:13:51"}
{"level":"info","message":"getAllUsers called","pageIndex":0,"pageSize":10,"searchText":"","timestamp":"2026-06-06 12:13:51"}
{"level":"info","message":"Fetching all users without search filter","timestamp":"2026-06-06 12:13:51"}
{"level":"info","message":"Pagination applied: skip=0, limit=10","timestamp":"2026-06-06 12:13:51"}
{"level":"info","message":"✅ Found 4 users","timestamp":"2026-06-06 12:13:51"}
{"level":"info","message":"✅ [getAllUsers] Service response received","responseCode":200,"timestamp":"2026-06-06 12:13:51"}
{"body":{},"level":"info","message":"📥 [getAllUsers] Incoming request","query":{"pageIndex":"0","pageSize":"10"},"timestamp":"2026-06-06 12:14:36"}
{"level":"info","message":"🔍 [getAllUsers] Parsed filters","pageIndex":0,"pageSize":10,"searchText":"","timestamp":"2026-06-06 12:14:36"}
{"level":"info","message":"getAllUsers called","pageIndex":0,"pageSize":10,"searchText":"","timestamp":"2026-06-06 12:14:36"}
{"level":"info","message":"Fetching all users without search filter","timestamp":"2026-06-06 12:14:36"}
{"level":"info","message":"Pagination applied: skip=0, limit=10","timestamp":"2026-06-06 12:14:36"}
{"level":"info","message":"✅ Found 4 users","timestamp":"2026-06-06 12:14:36"}
{"level":"info","message":"✅ [getAllUsers] Service response received","responseCode":200,"timestamp":"2026-06-06 12:14:36"}
{"body":{},"level":"info","message":"📥 [getAllUsers] Incoming request","query":{"pageIndex":"0","pageSize":"10"},"timestamp":"2026-06-06 12:15:54"}
{"level":"info","message":"🔍 [getAllUsers] Parsed filters","pageIndex":0,"pageSize":10,"searchText":"","timestamp":"2026-06-06 12:15:54"}
{"level":"info","message":"getAllUsers called","pageIndex":0,"pageSize":10,"searchText":"","timestamp":"2026-06-06 12:15:54"}
{"level":"info","message":"Fetching all users without search filter","timestamp":"2026-06-06 12:15:54"}
{"level":"info","message":"Pagination applied: skip=0, limit=10","timestamp":"2026-06-06 12:15:54"}
{"level":"info","message":"✅ Found 4 users","timestamp":"2026-06-06 12:15:54"}
{"level":"info","message":"✅ [getAllUsers] Service response received","responseCode":200,"timestamp":"2026-06-06 12:15:54"}
{"body":{},"level":"info","message":"📥 [getAllUsers] Incoming request","query":{"pageIndex":"0","pageSize":"10"},"timestamp":"2026-06-06 12:17:21"}
{"level":"info","message":"🔍 [getAllUsers] Parsed filters","pageIndex":0,"pageSize":10,"searchText":"","timestamp":"2026-06-06 12:17:21"}
{"level":"info","message":"getAllUsers called","pageIndex":0,"pageSize":10,"searchText":"","timestamp":"2026-06-06 12:17:21"}
{"level":"info","message":"Fetching all users without search filter","timestamp":"2026-06-06 12:17:21"}
{"level":"info","message":"Pagination applied: skip=0, limit=10","timestamp":"2026-06-06 12:17:21"}
{"level":"info","message":"✅ Found 4 users","timestamp":"2026-06-06 12:17:21"}
{"level":"info","message":"✅ [getAllUsers] Service response received","responseCode":200,"timestamp":"2026-06-06 12:17:21"}
{"body":{},"level":"info","message":"📥 [getAllUsers] Incoming request","query":{"pageIndex":"0","pageSize":"10"},"timestamp":"2026-06-06 12:17:50"}
{"level":"info","message":"🔍 [getAllUsers] Parsed filters","pageIndex":0,"pageSize":10,"searchText":"","timestamp":"2026-06-06 12:17:50"}
{"level":"info","message":"getAllUsers called","pageIndex":0,"pageSize":10,"searchText":"","timestamp":"2026-06-06 12:17:50"}
{"level":"info","message":"Fetching all users without search filter","timestamp":"2026-06-06 12:17:50"}
{"level":"info","message":"Pagination applied: skip=0, limit=10","timestamp":"2026-06-06 12:17:50"}
{"level":"info","message":"✅ Found 4 users","timestamp":"2026-06-06 12:17:50"}
{"level":"info","message":"✅ [getAllUsers] Service response received","responseCode":200,"timestamp":"2026-06-06 12:17:50"}
{"body":{},"level":"info","message":"📥 [getAllUsers] Incoming request","query":{"pageIndex":"0","pageSize":"10"},"timestamp":"2026-06-06 12:18:35"}
{"level":"info","message":"🔍 [getAllUsers] Parsed filters","pageIndex":0,"pageSize":10,"searchText":"","timestamp":"2026-06-06 12:18:35"}
{"level":"info","message":"getAllUsers called","pageIndex":0,"pageSize":10,"searchText":"","timestamp":"2026-06-06 12:18:35"}
{"level":"info","message":"Fetching all users without search filter","timestamp":"2026-06-06 12:18:35"}
{"level":"info","message":"Pagination applied: skip=0, limit=10","timestamp":"2026-06-06 12:18:35"}
{"level":"info","message":"✅ Found 4 users","timestamp":"2026-06-06 12:18:35"}
{"level":"info","message":"✅ [getAllUsers] Service response received","responseCode":200,"timestamp":"2026-06-06 12:18:35"}
{"body":{},"level":"info","message":"📥 [getAllUsers] Incoming request","query":{"pageIndex":"0","pageSize":"10","searchText":"t"},"timestamp":"2026-06-06 12:18:58"}
{"level":"info","message":"🔍 [getAllUsers] Parsed filters","pageIndex":0,"pageSize":10,"searchText":"t","timestamp":"2026-06-06 12:18:58"}
{"level":"info","message":"getAllUsers called","pageIndex":0,"pageSize":10,"searchText":"t","timestamp":"2026-06-06 12:18:58"}
{"level":"info","message":"Searching users with text=\"t\"","timestamp":"2026-06-06 12:18:58"}
{"level":"info","message":"Pagination applied: skip=0, limit=10","timestamp":"2026-06-06 12:18:58"}
{"level":"info","message":"✅ Found 3 users","timestamp":"2026-06-06 12:18:58"}
{"level":"info","message":"✅ [getAllUsers] Service response received","responseCode":200,"timestamp":"2026-06-06 12:18:58"}
{"body":{},"level":"info","message":"📥 [getAllUsers] Incoming request","query":{"pageIndex":"0","pageSize":"10","searchText":"te"},"timestamp":"2026-06-06 12:18:58"}
{"level":"info","message":"🔍 [getAllUsers] Parsed filters","pageIndex":0,"pageSize":10,"searchText":"te","timestamp":"2026-06-06 12:18:58"}
{"level":"info","message":"getAllUsers called","pageIndex":0,"pageSize":10,"searchText":"te","timestamp":"2026-06-06 12:18:58"}
{"level":"info","message":"Searching users with text=\"te\"","timestamp":"2026-06-06 12:18:58"}
{"level":"info","message":"Pagination applied: skip=0, limit=10","timestamp":"2026-06-06 12:18:58"}
{"level":"info","message":"✅ Found 3 users","timestamp":"2026-06-06 12:18:58"}
{"level":"info","message":"✅ [getAllUsers] Service response received","responseCode":200,"timestamp":"2026-06-06 12:18:58"}
{"body":{},"level":"info","message":"📥 [getAllUsers] Incoming request","query":{"pageIndex":"0","pageSize":"10","searchText":"tes"},"timestamp":"2026-06-06 12:18:58"}
{"level":"info","message":"🔍 [getAllUsers] Parsed filters","pageIndex":0,"pageSize":10,"searchText":"tes","timestamp":"2026-06-06 12:18:58"}
{"level":"info","message":"getAllUsers called","pageIndex":0,"pageSize":10,"searchText":"tes","timestamp":"2026-06-06 12:18:58"}
{"level":"info","message":"Searching users with text=\"tes\"","timestamp":"2026-06-06 12:18:58"}
{"level":"info","message":"Pagination applied: skip=0, limit=10","timestamp":"2026-06-06 12:18:58"}
{"level":"info","message":"✅ Found 3 users","timestamp":"2026-06-06 12:18:58"}
{"level":"info","message":"✅ [getAllUsers] Service response received","responseCode":200,"timestamp":"2026-06-06 12:18:58"}
{"body":{},"level":"info","message":"📥 [getAllUsers] Incoming request","query":{"pageIndex":"0","pageSize":"10","searchText":"test"},"timestamp":"2026-06-06 12:18:58"}
{"level":"info","message":"🔍 [getAllUsers] Parsed filters","pageIndex":0,"pageSize":10,"searchText":"test","timestamp":"2026-06-06 12:18:58"}
{"level":"info","message":"getAllUsers called","pageIndex":0,"pageSize":10,"searchText":"test","timestamp":"2026-06-06 12:18:58"}
{"level":"info","message":"Searching users with text=\"test\"","timestamp":"2026-06-06 12:18:58"}
{"level":"info","message":"Pagination applied: skip=0, limit=10","timestamp":"2026-06-06 12:18:58"}
{"level":"info","message":"✅ Found 2 users","timestamp":"2026-06-06 12:18:58"}
{"level":"info","message":"✅ [getAllUsers] Service response received","responseCode":200,"timestamp":"2026-06-06 12:18:58"}
{"body":{},"level":"info","message":"📥 [getAllUsers] Incoming request","query":{"pageIndex":"0","pageSize":"10","searchText":"test","status":"1"},"timestamp":"2026-06-06 12:19:08"}
{"level":"info","message":"🔍 [getAllUsers] Parsed filters","pageIndex":0,"pageSize":10,"searchText":"test","status":"1","timestamp":"2026-06-06 12:19:08"}
{"level":"info","message":"getAllUsers called","pageIndex":0,"pageSize":10,"searchText":"test","status":"1","timestamp":"2026-06-06 12:19:08"}
{"level":"info","message":"Searching users with text=\"test\"","timestamp":"2026-06-06 12:19:08"}
{"level":"info","message":"Pagination applied: skip=0, limit=10","timestamp":"2026-06-06 12:19:08"}
{"level":"info","message":"✅ Found 1 users","timestamp":"2026-06-06 12:19:08"}
{"level":"info","message":"✅ [getAllUsers] Service response received","responseCode":200,"timestamp":"2026-06-06 12:19:08"}
{"body":{},"level":"info","message":"📥 [getAllUsers] Incoming request","query":{"pageIndex":"0","pageSize":"10","searchText":"test","status":"2"},"timestamp":"2026-06-06 12:19:10"}
{"level":"info","message":"🔍 [getAllUsers] Parsed filters","pageIndex":0,"pageSize":10,"searchText":"test","status":"2","timestamp":"2026-06-06 12:19:10"}
{"level":"info","message":"getAllUsers called","pageIndex":0,"pageSize":10,"searchText":"test","status":"2","timestamp":"2026-06-06 12:19:10"}
{"level":"info","message":"Searching users with text=\"test\"","timestamp":"2026-06-06 12:19:10"}
{"level":"info","message":"Pagination applied: skip=0, limit=10","timestamp":"2026-06-06 12:19:10"}
{"level":"info","message":"✅ Found 1 users","timestamp":"2026-06-06 12:19:10"}
{"level":"info","message":"✅ [getAllUsers] Service response received","responseCode":200,"timestamp":"2026-06-06 12:19:10"}
{"body":{},"level":"info","message":"📥 [getAllUsers] Incoming request","query":{"pageIndex":"0","pageSize":"10","searchText":"tes"},"timestamp":"2026-06-06 12:19:43"}
{"level":"info","message":"🔍 [getAllUsers] Parsed filters","pageIndex":0,"pageSize":10,"searchText":"tes","timestamp":"2026-06-06 12:19:43"}
{"level":"info","message":"getAllUsers called","pageIndex":0,"pageSize":10,"searchText":"tes","timestamp":"2026-06-06 12:19:43"}
{"level":"info","message":"Searching users with text=\"tes\"","timestamp":"2026-06-06 12:19:43"}
{"level":"info","message":"Pagination applied: skip=0, limit=10","timestamp":"2026-06-06 12:19:43"}
{"level":"info","message":"✅ Found 3 users","timestamp":"2026-06-06 12:19:43"}
{"level":"info","message":"✅ [getAllUsers] Service response received","responseCode":200,"timestamp":"2026-06-06 12:19:43"}
{"body":{},"level":"info","message":"📥 [getAllUsers] Incoming request","query":{"pageIndex":"0","pageSize":"10","searchText":"te"},"timestamp":"2026-06-06 12:19:44"}
{"level":"info","message":"🔍 [getAllUsers] Parsed filters","pageIndex":0,"pageSize":10,"searchText":"te","timestamp":"2026-06-06 12:19:44"}
{"level":"info","message":"getAllUsers called","pageIndex":0,"pageSize":10,"searchText":"te","timestamp":"2026-06-06 12:19:44"}
{"level":"info","message":"Searching users with text=\"te\"","timestamp":"2026-06-06 12:19:44"}
{"level":"info","message":"Pagination applied: skip=0, limit=10","timestamp":"2026-06-06 12:19:44"}
{"level":"info","message":"✅ Found 3 users","timestamp":"2026-06-06 12:19:44"}
{"level":"info","message":"✅ [getAllUsers] Service response received","responseCode":200,"timestamp":"2026-06-06 12:19:44"}
{"body":{},"level":"info","message":"📥 [getAllUsers] Incoming request","query":{"pageIndex":"0","pageSize":"10","searchText":"t"},"timestamp":"2026-06-06 12:19:44"}
{"level":"info","message":"🔍 [getAllUsers] Parsed filters","pageIndex":0,"pageSize":10,"searchText":"t","timestamp":"2026-06-06 12:19:44"}
{"level":"info","message":"getAllUsers called","pageIndex":0,"pageSize":10,"searchText":"t","timestamp":"2026-06-06 12:19:44"}
{"level":"info","message":"Searching users with text=\"t\"","timestamp":"2026-06-06 12:19:44"}
{"level":"info","message":"Pagination applied: skip=0, limit=10","timestamp":"2026-06-06 12:19:44"}
{"level":"info","message":"✅ Found 3 users","timestamp":"2026-06-06 12:19:44"}
{"level":"info","message":"✅ [getAllUsers] Service response received","responseCode":200,"timestamp":"2026-06-06 12:19:44"}
{"body":{},"level":"info","message":"📥 [getAllUsers] Incoming request","query":{"pageIndex":"0","pageSize":"10"},"timestamp":"2026-06-06 12:19:44"}
{"level":"info","message":"🔍 [getAllUsers] Parsed filters","pageIndex":0,"pageSize":10,"searchText":"","timestamp":"2026-06-06 12:19:44"}
{"level":"info","message":"getAllUsers called","pageIndex":0,"pageSize":10,"searchText":"","timestamp":"2026-06-06 12:19:44"}
{"level":"info","message":"Fetching all users without search filter","timestamp":"2026-06-06 12:19:44"}
{"level":"info","message":"Pagination applied: skip=0, limit=10","timestamp":"2026-06-06 12:19:44"}
{"level":"info","message":"✅ Found 4 users","timestamp":"2026-06-06 12:19:44"}
{"level":"info","message":"✅ [getAllUsers] Service response received","responseCode":200,"timestamp":"2026-06-06 12:19:44"}
{"body":{},"level":"info","message":"📥 [getAllUsers] Incoming request","query":{"pageIndex":"0","pageSize":"10"},"timestamp":"2026-06-06 12:20:15"}
{"level":"info","message":"🔍 [getAllUsers] Parsed filters","pageIndex":0,"pageSize":10,"searchText":"","timestamp":"2026-06-06 12:20:15"}
{"level":"info","message":"getAllUsers called","pageIndex":0,"pageSize":10,"searchText":"","timestamp":"2026-06-06 12:20:15"}
{"level":"info","message":"Fetching all users without search filter","timestamp":"2026-06-06 12:20:15"}
{"level":"info","message":"Pagination applied: skip=0, limit=10","timestamp":"2026-06-06 12:20:15"}
{"level":"info","message":"✅ Found 4 users","timestamp":"2026-06-06 12:20:16"}
{"level":"info","message":"✅ [getAllUsers] Service response received","responseCode":200,"timestamp":"2026-06-06 12:20:16"}
{"body":{},"level":"info","message":"📥 [getAllUsers] Incoming request","query":{"pageIndex":"0","pageSize":"10"},"timestamp":"2026-06-06 12:21:51"}
{"level":"info","message":"🔍 [getAllUsers] Parsed filters","pageIndex":0,"pageSize":10,"searchText":"","timestamp":"2026-06-06 12:21:51"}
{"level":"info","message":"getAllUsers called","pageIndex":0,"pageSize":10,"searchText":"","timestamp":"2026-06-06 12:21:51"}
{"level":"info","message":"Fetching all users without search filter","timestamp":"2026-06-06 12:21:51"}
{"level":"info","message":"Pagination applied: skip=0, limit=10","timestamp":"2026-06-06 12:21:51"}
{"level":"info","message":"✅ Found 4 users","timestamp":"2026-06-06 12:21:51"}
{"level":"info","message":"✅ [getAllUsers] Service response received","responseCode":200,"timestamp":"2026-06-06 12:21:51"}
{"body":{},"level":"info","message":"📥 [getAllUsers] Incoming request","query":{"pageIndex":"0","pageSize":"10"},"timestamp":"2026-06-06 12:23:12"}
{"level":"info","message":"🔍 [getAllUsers] Parsed filters","pageIndex":0,"pageSize":10,"searchText":"","timestamp":"2026-06-06 12:23:12"}
{"level":"info","message":"getAllUsers called","pageIndex":0,"pageSize":10,"searchText":"","timestamp":"2026-06-06 12:23:12"}
{"level":"info","message":"Fetching all users without search filter","timestamp":"2026-06-06 12:23:12"}
{"level":"info","message":"Pagination applied: skip=0, limit=10","timestamp":"2026-06-06 12:23:12"}
{"level":"info","message":"✅ Found 4 users","timestamp":"2026-06-06 12:23:12"}
{"level":"info","message":"✅ [getAllUsers] Service response received","responseCode":200,"timestamp":"2026-06-06 12:23:12"}
{"body":{},"level":"info","message":"📥 [getAllUsers] Incoming request","query":{"pageIndex":"0","pageSize":"10"},"timestamp":"2026-06-06 12:23:44"}
{"level":"info","message":"🔍 [getAllUsers] Parsed filters","pageIndex":0,"pageSize":10,"searchText":"","timestamp":"2026-06-06 12:23:44"}
{"level":"info","message":"getAllUsers called","pageIndex":0,"pageSize":10,"searchText":"","timestamp":"2026-06-06 12:23:44"}
{"level":"info","message":"Fetching all users without search filter","timestamp":"2026-06-06 12:23:44"}
{"level":"info","message":"Pagination applied: skip=0, limit=10","timestamp":"2026-06-06 12:23:44"}
{"level":"info","message":"✅ Found 4 users","timestamp":"2026-06-06 12:23:44"}
{"level":"info","message":"✅ [getAllUsers] Service response received","responseCode":200,"timestamp":"2026-06-06 12:23:44"}
{"body":{},"level":"info","message":"📥 [getAllUsers] Incoming request","query":{"pageIndex":"0","pageSize":"10"},"timestamp":"2026-06-06 12:24:35"}
{"level":"info","message":"🔍 [getAllUsers] Parsed filters","pageIndex":0,"pageSize":10,"searchText":"","timestamp":"2026-06-06 12:24:35"}
{"level":"info","message":"getAllUsers called","pageIndex":0,"pageSize":10,"searchText":"","timestamp":"2026-06-06 12:24:35"}
{"level":"info","message":"Fetching all users without search filter","timestamp":"2026-06-06 12:24:35"}
{"level":"info","message":"Pagination applied: skip=0, limit=10","timestamp":"2026-06-06 12:24:35"}
{"level":"info","message":"✅ Found 4 users","timestamp":"2026-06-06 12:24:35"}
{"level":"info","message":"✅ [getAllUsers] Service response received","responseCode":200,"timestamp":"2026-06-06 12:24:35"}
{"body":{},"level":"info","message":"📥 [getAllUsers] Incoming request","query":{"pageIndex":"0","pageSize":"10"},"timestamp":"2026-06-06 12:25:07"}
{"level":"info","message":"🔍 [getAllUsers] Parsed filters","pageIndex":0,"pageSize":10,"searchText":"","timestamp":"2026-06-06 12:25:07"}
{"level":"info","message":"getAllUsers called","pageIndex":0,"pageSize":10,"searchText":"","timestamp":"2026-06-06 12:25:07"}
{"level":"info","message":"Fetching all users without search filter","timestamp":"2026-06-06 12:25:07"}
{"level":"info","message":"Pagination applied: skip=0, limit=10","timestamp":"2026-06-06 12:25:07"}
{"level":"info","message":"✅ Found 4 users","timestamp":"2026-06-06 12:25:07"}
{"level":"info","message":"✅ [getAllUsers] Service response received","responseCode":200,"timestamp":"2026-06-06 12:25:07"}
{"body":{},"level":"info","message":"📥 [getAllUsers] Incoming request","query":{"pageIndex":"0","pageSize":"10"},"timestamp":"2026-06-06 12:28:20"}
{"level":"info","message":"🔍 [getAllUsers] Parsed filters","pageIndex":0,"pageSize":10,"searchText":"","timestamp":"2026-06-06 12:28:20"}
{"level":"info","message":"getAllUsers called","pageIndex":0,"pageSize":10,"searchText":"","timestamp":"2026-06-06 12:28:20"}
{"level":"info","message":"Fetching all users without search filter","timestamp":"2026-06-06 12:28:20"}
{"level":"info","message":"Pagination applied: skip=0, limit=10","timestamp":"2026-06-06 12:28:20"}
{"level":"info","message":"✅ Found 4 users","timestamp":"2026-06-06 12:28:20"}
{"level":"info","message":"✅ [getAllUsers] Service response received","responseCode":200,"timestamp":"2026-06-06 12:28:20"}
{"body":{},"level":"info","message":"📥 [getAllUsers] Incoming request","query":{"pageIndex":"0","pageSize":"10"},"timestamp":"2026-06-06 12:28:51"}
{"level":"info","message":"🔍 [getAllUsers] Parsed filters","pageIndex":0,"pageSize":10,"searchText":"","timestamp":"2026-06-06 12:28:51"}
{"level":"info","message":"getAllUsers called","pageIndex":0,"pageSize":10,"searchText":"","timestamp":"2026-06-06 12:28:51"}
{"level":"info","message":"Fetching all users without search filter","timestamp":"2026-06-06 12:28:51"}
{"level":"info","message":"Pagination applied: skip=0, limit=10","timestamp":"2026-06-06 12:28:51"}
{"level":"info","message":"✅ Found 4 users","timestamp":"2026-06-06 12:28:51"}
{"level":"info","message":"✅ [getAllUsers] Service response received","responseCode":200,"timestamp":"2026-06-06 12:28:51"}
{"body":{},"level":"info","message":"📥 [getAllUsers] Incoming request","query":{"pageIndex":"0","pageSize":"10"},"timestamp":"2026-06-06 12:29:25"}
{"level":"info","message":"🔍 [getAllUsers] Parsed filters","pageIndex":0,"pageSize":10,"searchText":"","timestamp":"2026-06-06 12:29:25"}
{"level":"info","message":"getAllUsers called","pageIndex":0,"pageSize":10,"searchText":"","timestamp":"2026-06-06 12:29:25"}
{"level":"info","message":"Fetching all users without search filter","timestamp":"2026-06-06 12:29:25"}
{"level":"info","message":"Pagination applied: skip=0, limit=10","timestamp":"2026-06-06 12:29:25"}
{"level":"info","message":"✅ Found 4 users","timestamp":"2026-06-06 12:29:25"}
{"level":"info","message":"✅ [getAllUsers] Service response received","responseCode":200,"timestamp":"2026-06-06 12:29:25"}
{"body":{},"level":"info","message":"📥 [getAllUsers] Incoming request","query":{"pageIndex":"0","pageSize":"10"},"timestamp":"2026-06-06 12:49:39"}
{"level":"info","message":"🔍 [getAllUsers] Parsed filters","pageIndex":0,"pageSize":10,"searchText":"","timestamp":"2026-06-06 12:49:39"}
{"level":"info","message":"getAllUsers called","pageIndex":0,"pageSize":10,"searchText":"","timestamp":"2026-06-06 12:49:39"}
{"level":"info","message":"Fetching all users without search filter","timestamp":"2026-06-06 12:49:39"}
{"level":"info","message":"Pagination applied: skip=0, limit=10","timestamp":"2026-06-06 12:49:39"}
{"level":"info","message":"✅ Found 4 users","timestamp":"2026-06-06 12:49:39"}
{"level":"info","message":"✅ [getAllUsers] Service response received","responseCode":200,"timestamp":"2026-06-06 12:49:39"}
{"body":{},"level":"info","message":"📥 [getAllUsers] Incoming request","query":{"pageIndex":"0","pageSize":"10"},"timestamp":"2026-06-06 12:49:39"}
{"level":"info","message":"🔍 [getAllUsers] Parsed filters","pageIndex":0,"pageSize":10,"searchText":"","timestamp":"2026-06-06 12:49:39"}
{"level":"info","message":"getAllUsers called","pageIndex":0,"pageSize":10,"searchText":"","timestamp":"2026-06-06 12:49:39"}
{"level":"info","message":"Fetching all users without search filter","timestamp":"2026-06-06 12:49:39"}
{"level":"info","message":"Pagination applied: skip=0, limit=10","timestamp":"2026-06-06 12:49:39"}
{"level":"info","message":"✅ Found 4 users","timestamp":"2026-06-06 12:49:39"}
{"level":"info","message":"✅ [getAllUsers] Service response received","responseCode":200,"timestamp":"2026-06-06 12:49:39"}
{"body":{},"level":"info","message":"📥 [getAllUsers] Incoming request","query":{"pageIndex":"0","pageSize":"10"},"timestamp":"2026-06-06 12:53:19"}
{"level":"info","message":"🔍 [getAllUsers] Parsed filters","pageIndex":0,"pageSize":10,"searchText":"","timestamp":"2026-06-06 12:53:19"}
{"level":"info","message":"getAllUsers called","pageIndex":0,"pageSize":10,"searchText":"","timestamp":"2026-06-06 12:53:19"}
{"level":"info","message":"Fetching all users without search filter","timestamp":"2026-06-06 12:53:19"}
{"level":"info","message":"Pagination applied: skip=0, limit=10","timestamp":"2026-06-06 12:53:19"}
{"level":"info","message":"✅ Found 4 users","timestamp":"2026-06-06 12:53:19"}
{"level":"info","message":"✅ [getAllUsers] Service response received","responseCode":200,"timestamp":"2026-06-06 12:53:19"}
{"body":{},"level":"info","message":"📥 [getAllUsers] Incoming request","query":{"pageIndex":"0","pageSize":"10"},"timestamp":"2026-06-06 13:15:41"}
{"level":"info","message":"🔍 [getAllUsers] Parsed filters","pageIndex":0,"pageSize":10,"searchText":"","timestamp":"2026-06-06 13:15:41"}
{"level":"info","message":"getAllUsers called","pageIndex":0,"pageSize":10,"searchText":"","timestamp":"2026-06-06 13:15:41"}
{"level":"info","message":"Fetching all users without search filter","timestamp":"2026-06-06 13:15:41"}
{"level":"info","message":"Pagination applied: skip=0, limit=10","timestamp":"2026-06-06 13:15:41"}
{"level":"info","message":"✅ Found 4 users","timestamp":"2026-06-06 13:15:41"}
{"level":"info","message":"✅ [getAllUsers] Service response received","responseCode":200,"timestamp":"2026-06-06 13:15:41"}
{"body":{},"level":"info","message":"📥 [getAllUsers] Incoming request","query":{"pageIndex":"0","pageSize":"10"},"timestamp":"2026-06-06 13:15:42"}
{"level":"info","message":"🔍 [getAllUsers] Parsed filters","pageIndex":0,"pageSize":10,"searchText":"","timestamp":"2026-06-06 13:15:42"}
{"level":"info","message":"getAllUsers called","pageIndex":0,"pageSize":10,"searchText":"","timestamp":"2026-06-06 13:15:42"}
{"level":"info","message":"Fetching all users without search filter","timestamp":"2026-06-06 13:15:42"}
{"level":"info","message":"Pagination applied: skip=0, limit=10","timestamp":"2026-06-06 13:15:42"}
{"level":"info","message":"✅ Found 4 users","timestamp":"2026-06-06 13:15:42"}
{"level":"info","message":"✅ [getAllUsers] Service response received","responseCode":200,"timestamp":"2026-06-06 13:15:42"}
{"body":{},"level":"info","message":"📥 [getAllUsers] Incoming request","query":{"pageIndex":"0","pageSize":"10"},"timestamp":"2026-06-06 13:17:15"}
{"level":"info","message":"🔍 [getAllUsers] Parsed filters","pageIndex":0,"pageSize":10,"searchText":"","timestamp":"2026-06-06 13:17:15"}
{"level":"info","message":"getAllUsers called","pageIndex":0,"pageSize":10,"searchText":"","timestamp":"2026-06-06 13:17:15"}
{"level":"info","message":"Fetching all users without search filter","timestamp":"2026-06-06 13:17:15"}
{"level":"info","message":"Pagination applied: skip=0, limit=10","timestamp":"2026-06-06 13:17:15"}
{"level":"info","message":"✅ Found 4 users","timestamp":"2026-06-06 13:17:15"}
{"level":"info","message":"✅ [getAllUsers] Service response received","responseCode":200,"timestamp":"2026-06-06 13:17:15"}
{"body":{},"level":"info","message":"📥 [getAllUsers] Incoming request","query":{"pageIndex":"0","pageSize":"10"},"timestamp":"2026-06-06 13:19:14"}
{"level":"info","message":"🔍 [getAllUsers] Parsed filters","pageIndex":0,"pageSize":10,"searchText":"","timestamp":"2026-06-06 13:19:14"}
{"level":"info","message":"getAllUsers called","pageIndex":0,"pageSize":10,"searchText":"","timestamp":"2026-06-06 13:19:14"}
{"level":"info","message":"Fetching all users without search filter","timestamp":"2026-06-06 13:19:14"}
{"level":"info","message":"Pagination applied: skip=0, limit=10","timestamp":"2026-06-06 13:19:14"}
{"level":"info","message":"✅ Found 4 users","timestamp":"2026-06-06 13:19:14"}
{"level":"info","message":"✅ [getAllUsers] Service response received","responseCode":200,"timestamp":"2026-06-06 13:19:14"}
{"body":{},"level":"info","message":"📥 [getAllUsers] Incoming request","query":{"pageIndex":"0","pageSize":"10"},"timestamp":"2026-06-06 13:19:54"}
{"level":"info","message":"🔍 [getAllUsers] Parsed filters","pageIndex":0,"pageSize":10,"searchText":"","timestamp":"2026-06-06 13:19:54"}
{"level":"info","message":"getAllUsers called","pageIndex":0,"pageSize":10,"searchText":"","timestamp":"2026-06-06 13:19:54"}
{"level":"info","message":"Fetching all users without search filter","timestamp":"2026-06-06 13:19:54"}
{"level":"info","message":"Pagination applied: skip=0, limit=10","timestamp":"2026-06-06 13:19:54"}
{"level":"info","message":"✅ Found 4 users","timestamp":"2026-06-06 13:19:54"}
{"level":"info","message":"✅ [getAllUsers] Service response received","responseCode":200,"timestamp":"2026-06-06 13:19:54"}
{"body":{},"level":"info","message":"📥 [getAllUsers] Incoming request","query":{"pageIndex":"0","pageSize":"10"},"timestamp":"2026-06-06 13:19:58"}
{"level":"info","message":"🔍 [getAllUsers] Parsed filters","pageIndex":0,"pageSize":10,"searchText":"","timestamp":"2026-06-06 13:19:58"}
{"level":"info","message":"getAllUsers called","pageIndex":0,"pageSize":10,"searchText":"","timestamp":"2026-06-06 13:19:58"}
{"level":"info","message":"Fetching all users without search filter","timestamp":"2026-06-06 13:19:58"}
{"level":"info","message":"Pagination applied: skip=0, limit=10","timestamp":"2026-06-06 13:19:58"}
{"level":"info","message":"✅ Found 4 users","timestamp":"2026-06-06 13:19:58"}
{"level":"info","message":"✅ [getAllUsers] Service response received","responseCode":200,"timestamp":"2026-06-06 13:19:58"}
{"body":{},"level":"info","message":"📥 [getAllUsers] Incoming request","query":{"pageIndex":"0","pageSize":"10"},"timestamp":"2026-06-06 13:20:18"}
{"level":"info","message":"🔍 [getAllUsers] Parsed filters","pageIndex":0,"pageSize":10,"searchText":"","timestamp":"2026-06-06 13:20:18"}
{"level":"info","message":"getAllUsers called","pageIndex":0,"pageSize":10,"searchText":"","timestamp":"2026-06-06 13:20:18"}
{"level":"info","message":"Fetching all users without search filter","timestamp":"2026-06-06 13:20:18"}
{"level":"info","message":"Pagination applied: skip=0, limit=10","timestamp":"2026-06-06 13:20:18"}
{"level":"info","message":"✅ Found 4 users","timestamp":"2026-06-06 13:20:18"}
{"level":"info","message":"✅ [getAllUsers] Service response received","responseCode":200,"timestamp":"2026-06-06 13:20:18"}
{"body":{},"level":"info","message":"📥 [getAllUsers] Incoming request","query":{"pageIndex":"0","pageSize":"10"},"timestamp":"2026-06-06 13:20:53"}
{"level":"info","message":"🔍 [getAllUsers] Parsed filters","pageIndex":0,"pageSize":10,"searchText":"","timestamp":"2026-06-06 13:20:53"}
{"level":"info","message":"getAllUsers called","pageIndex":0,"pageSize":10,"searchText":"","timestamp":"2026-06-06 13:20:53"}
{"level":"info","message":"Fetching all users without search filter","timestamp":"2026-06-06 13:20:53"}
{"level":"info","message":"Pagination applied: skip=0, limit=10","timestamp":"2026-06-06 13:20:53"}
{"level":"info","message":"✅ Found 4 users","timestamp":"2026-06-06 13:20:53"}
{"level":"info","message":"✅ [getAllUsers] Service response received","responseCode":200,"timestamp":"2026-06-06 13:20:53"}
{"body":{},"level":"info","message":"📥 [getAllUsers] Incoming request","query":{"pageIndex":"0","pageSize":"10"},"timestamp":"2026-06-06 13:22:03"}
{"level":"info","message":"🔍 [getAllUsers] Parsed filters","pageIndex":0,"pageSize":10,"searchText":"","timestamp":"2026-06-06 13:22:03"}
{"level":"info","message":"getAllUsers called","pageIndex":0,"pageSize":10,"searchText":"","timestamp":"2026-06-06 13:22:03"}
{"level":"info","message":"Fetching all users without search filter","timestamp":"2026-06-06 13:22:03"}
{"level":"info","message":"Pagination applied: skip=0, limit=10","timestamp":"2026-06-06 13:22:03"}
{"level":"info","message":"✅ Found 4 users","timestamp":"2026-06-06 13:22:03"}
{"level":"info","message":"✅ [getAllUsers] Service response received","responseCode":200,"timestamp":"2026-06-06 13:22:03"}
{"body":{},"level":"info","message":"📥 [getAllUsers] Incoming request","query":{"pageIndex":"0","pageSize":"10"},"timestamp":"2026-06-06 13:23:44"}
{"level":"info","message":"🔍 [getAllUsers] Parsed filters","pageIndex":0,"pageSize":10,"searchText":"","timestamp":"2026-06-06 13:23:44"}
{"level":"info","message":"getAllUsers called","pageIndex":0,"pageSize":10,"searchText":"","timestamp":"2026-06-06 13:23:44"}
{"level":"info","message":"Fetching all users without search filter","timestamp":"2026-06-06 13:23:44"}
{"level":"info","message":"Pagination applied: skip=0, limit=10","timestamp":"2026-06-06 13:23:44"}
{"level":"info","message":"✅ Found 4 users","timestamp":"2026-06-06 13:23:44"}
{"level":"info","message":"✅ [getAllUsers] Service response received","responseCode":200,"timestamp":"2026-06-06 13:23:44"}
{"body":{},"level":"info","message":"📥 [getAllUsers] Incoming request","query":{"pageIndex":"0","pageSize":"10"},"timestamp":"2026-06-06 13:24:38"}
{"level":"info","message":"🔍 [getAllUsers] Parsed filters","pageIndex":0,"pageSize":10,"searchText":"","timestamp":"2026-06-06 13:24:38"}
{"level":"info","message":"getAllUsers called","pageIndex":0,"pageSize":10,"searchText":"","timestamp":"2026-06-06 13:24:38"}
{"level":"info","message":"Fetching all users without search filter","timestamp":"2026-06-06 13:24:38"}
{"level":"info","message":"Pagination applied: skip=0, limit=10","timestamp":"2026-06-06 13:24:38"}
{"level":"info","message":"✅ Found 4 users","timestamp":"2026-06-06 13:24:38"}
{"level":"info","message":"✅ [getAllUsers] Service response received","responseCode":200,"timestamp":"2026-06-06 13:24:38"}
{"body":{},"level":"info","message":"📥 [getAllUsers] Incoming request","query":{"pageIndex":"0","pageSize":"10"},"timestamp":"2026-06-06 13:25:28"}
{"level":"info","message":"🔍 [getAllUsers] Parsed filters","pageIndex":0,"pageSize":10,"searchText":"","timestamp":"2026-06-06 13:25:28"}
{"level":"info","message":"getAllUsers called","pageIndex":0,"pageSize":10,"searchText":"","timestamp":"2026-06-06 13:25:28"}
{"level":"info","message":"Fetching all users without search filter","timestamp":"2026-06-06 13:25:28"}
{"level":"info","message":"Pagination applied: skip=0, limit=10","timestamp":"2026-06-06 13:25:28"}
{"level":"info","message":"✅ Found 4 users","timestamp":"2026-06-06 13:25:28"}
{"level":"info","message":"✅ [getAllUsers] Service response received","responseCode":200,"timestamp":"2026-06-06 13:25:28"}
{"body":{},"level":"info","message":"📥 [getAllUsers] Incoming request","query":{"pageIndex":"0","pageSize":"10"},"timestamp":"2026-06-06 13:27:19"}
{"level":"info","message":"🔍 [getAllUsers] Parsed filters","pageIndex":0,"pageSize":10,"searchText":"","timestamp":"2026-06-06 13:27:19"}
{"level":"info","message":"getAllUsers called","pageIndex":0,"pageSize":10,"searchText":"","timestamp":"2026-06-06 13:27:19"}
{"level":"info","message":"Fetching all users without search filter","timestamp":"2026-06-06 13:27:19"}
{"level":"info","message":"Pagination applied: skip=0, limit=10","timestamp":"2026-06-06 13:27:19"}
{"level":"info","message":"✅ Found 4 users","timestamp":"2026-06-06 13:27:19"}
{"level":"info","message":"✅ [getAllUsers] Service response received","responseCode":200,"timestamp":"2026-06-06 13:27:19"}
{"body":{},"level":"info","message":"📥 [getAllUsers] Incoming request","query":{"pageIndex":"0","pageSize":"10"},"timestamp":"2026-06-06 13:28:05"}
{"level":"info","message":"🔍 [getAllUsers] Parsed filters","pageIndex":0,"pageSize":10,"searchText":"","timestamp":"2026-06-06 13:28:05"}
{"level":"info","message":"getAllUsers called","pageIndex":0,"pageSize":10,"searchText":"","timestamp":"2026-06-06 13:28:05"}
{"level":"info","message":"Fetching all users without search filter","timestamp":"2026-06-06 13:28:05"}
{"level":"info","message":"Pagination applied: skip=0, limit=10","timestamp":"2026-06-06 13:28:05"}
{"level":"info","message":"✅ Found 4 users","timestamp":"2026-06-06 13:28:05"}
{"level":"info","message":"✅ [getAllUsers] Service response received","responseCode":200,"timestamp":"2026-06-06 13:28:05"}
{"body":{},"level":"info","message":"📥 [getAllUsers] Incoming request","query":{"pageIndex":"0","pageSize":"10"},"timestamp":"2026-06-06 13:28:50"}
{"level":"info","message":"🔍 [getAllUsers] Parsed filters","pageIndex":0,"pageSize":10,"searchText":"","timestamp":"2026-06-06 13:28:50"}
{"level":"info","message":"getAllUsers called","pageIndex":0,"pageSize":10,"searchText":"","timestamp":"2026-06-06 13:28:50"}
{"level":"info","message":"Fetching all users without search filter","timestamp":"2026-06-06 13:28:50"}
{"level":"info","message":"Pagination applied: skip=0, limit=10","timestamp":"2026-06-06 13:28:50"}
{"level":"info","message":"✅ Found 4 users","timestamp":"2026-06-06 13:28:50"}
{"level":"info","message":"✅ [getAllUsers] Service response received","responseCode":200,"timestamp":"2026-06-06 13:28:50"}
{"body":{},"level":"info","message":"📥 [getAllUsers] Incoming request","query":{"pageIndex":"0","pageSize":"10"},"timestamp":"2026-06-06 13:29:20"}
{"level":"info","message":"🔍 [getAllUsers] Parsed filters","pageIndex":0,"pageSize":10,"searchText":"","timestamp":"2026-06-06 13:29:20"}
{"level":"info","message":"getAllUsers called","pageIndex":0,"pageSize":10,"searchText":"","timestamp":"2026-06-06 13:29:20"}
{"level":"info","message":"Fetching all users without search filter","timestamp":"2026-06-06 13:29:20"}
{"level":"info","message":"Pagination applied: skip=0, limit=10","timestamp":"2026-06-06 13:29:20"}
{"level":"info","message":"✅ Found 4 users","timestamp":"2026-06-06 13:29:20"}
{"level":"info","message":"✅ [getAllUsers] Service response received","responseCode":200,"timestamp":"2026-06-06 13:29:20"}
{"body":{},"level":"info","message":"📥 [getAllUsers] Incoming request","query":{"pageIndex":"0","pageSize":"10"},"timestamp":"2026-06-06 13:30:16"}
{"level":"info","message":"🔍 [getAllUsers] Parsed filters","pageIndex":0,"pageSize":10,"searchText":"","timestamp":"2026-06-06 13:30:16"}
{"level":"info","message":"getAllUsers called","pageIndex":0,"pageSize":10,"searchText":"","timestamp":"2026-06-06 13:30:16"}
{"level":"info","message":"Fetching all users without search filter","timestamp":"2026-06-06 13:30:16"}
{"level":"info","message":"Pagination applied: skip=0, limit=10","timestamp":"2026-06-06 13:30:16"}
{"level":"info","message":"✅ Found 4 users","timestamp":"2026-06-06 13:30:16"}
{"level":"info","message":"✅ [getAllUsers] Service response received","responseCode":200,"timestamp":"2026-06-06 13:30:16"}
{"body":{},"level":"info","message":"📥 [getAllUsers] Incoming request","query":{"pageIndex":"0","pageSize":"10"},"timestamp":"2026-06-06 13:30:49"}
{"level":"info","message":"🔍 [getAllUsers] Parsed filters","pageIndex":0,"pageSize":10,"searchText":"","timestamp":"2026-06-06 13:30:49"}
{"level":"info","message":"getAllUsers called","pageIndex":0,"pageSize":10,"searchText":"","timestamp":"2026-06-06 13:30:49"}
{"level":"info","message":"Fetching all users without search filter","timestamp":"2026-06-06 13:30:49"}
{"level":"info","message":"Pagination applied: skip=0, limit=10","timestamp":"2026-06-06 13:30:49"}
{"level":"info","message":"✅ Found 4 users","timestamp":"2026-06-06 13:30:49"}
{"level":"info","message":"✅ [getAllUsers] Service response received","responseCode":200,"timestamp":"2026-06-06 13:30:49"}
{"body":{},"level":"info","message":"📥 [getAllUsers] Incoming request","query":{"pageIndex":"0","pageSize":"10"},"timestamp":"2026-06-06 13:31:23"}
{"level":"info","message":"🔍 [getAllUsers] Parsed filters","pageIndex":0,"pageSize":10,"searchText":"","timestamp":"2026-06-06 13:31:23"}
{"level":"info","message":"getAllUsers called","pageIndex":0,"pageSize":10,"searchText":"","timestamp":"2026-06-06 13:31:23"}
{"level":"info","message":"Fetching all users without search filter","timestamp":"2026-06-06 13:31:23"}
{"level":"info","message":"Pagination applied: skip=0, limit=10","timestamp":"2026-06-06 13:31:23"}
{"level":"info","message":"✅ Found 4 users","timestamp":"2026-06-06 13:31:23"}
{"level":"info","message":"✅ [getAllUsers] Service response received","responseCode":200,"timestamp":"2026-06-06 13:31:23"}
{"body":{},"level":"info","message":"📥 [getAllUsers] Incoming request","query":{"pageIndex":"0","pageSize":"10"},"timestamp":"2026-06-06 13:32:12"}
{"level":"info","message":"🔍 [getAllUsers] Parsed filters","pageIndex":0,"pageSize":10,"searchText":"","timestamp":"2026-06-06 13:32:12"}
{"level":"info","message":"getAllUsers called","pageIndex":0,"pageSize":10,"searchText":"","timestamp":"2026-06-06 13:32:12"}
{"level":"info","message":"Fetching all users without search filter","timestamp":"2026-06-06 13:32:12"}
{"level":"info","message":"Pagination applied: skip=0, limit=10","timestamp":"2026-06-06 13:32:12"}
{"level":"info","message":"✅ Found 4 users","timestamp":"2026-06-06 13:32:12"}
{"level":"info","message":"✅ [getAllUsers] Service response received","responseCode":200,"timestamp":"2026-06-06 13:32:12"}
{"body":{},"level":"info","message":"📥 [getAllUsers] Incoming request","query":{"pageIndex":"0","pageSize":"10"},"timestamp":"2026-06-06 13:32:55"}
{"level":"info","message":"🔍 [getAllUsers] Parsed filters","pageIndex":0,"pageSize":10,"searchText":"","timestamp":"2026-06-06 13:32:55"}
{"level":"info","message":"getAllUsers called","pageIndex":0,"pageSize":10,"searchText":"","timestamp":"2026-06-06 13:32:55"}
{"level":"info","message":"Fetching all users without search filter","timestamp":"2026-06-06 13:32:55"}
{"level":"info","message":"Pagination applied: skip=0, limit=10","timestamp":"2026-06-06 13:32:55"}
{"level":"info","message":"✅ Found 4 users","timestamp":"2026-06-06 13:32:55"}
{"level":"info","message":"✅ [getAllUsers] Service response received","responseCode":200,"timestamp":"2026-06-06 13:32:55"}
{"body":{},"level":"info","message":"📥 [getAllUsers] Incoming request","query":{"pageIndex":"0","pageSize":"10"},"timestamp":"2026-06-06 13:33:42"}
{"level":"info","message":"🔍 [getAllUsers] Parsed filters","pageIndex":0,"pageSize":10,"searchText":"","timestamp":"2026-06-06 13:33:42"}
{"level":"info","message":"getAllUsers called","pageIndex":0,"pageSize":10,"searchText":"","timestamp":"2026-06-06 13:33:42"}
{"level":"info","message":"Fetching all users without search filter","timestamp":"2026-06-06 13:33:42"}
{"level":"info","message":"Pagination applied: skip=0, limit=10","timestamp":"2026-06-06 13:33:42"}
{"level":"info","message":"✅ Found 4 users","timestamp":"2026-06-06 13:33:42"}
{"level":"info","message":"✅ [getAllUsers] Service response received","responseCode":200,"timestamp":"2026-06-06 13:33:42"}
{"level":"info","message":"addAdmin: userId=id","timestamp":"2026-06-06 13:34:36"}
{"level":"info","message":"✅ File saved locally: kshatriya-kalota-logo.png → http://localhost/uploads/user/251e6290-171a-4894-9fa9-4bb8c4f7104c.png","timestamp":"2026-06-06 13:34:36"}
{"level":"info","message":"📸 Uploaded profile image: http://localhost/uploads/user/251e6290-171a-4894-9fa9-4bb8c4f7104c.png","timestamp":"2026-06-06 13:34:36"}
{"level":"error","message":"addAdmin error: Cast to ObjectId failed for value \"id\" (type string) at path \"_id\" for model \"admin_user\"","stack":"CastError: Cast to ObjectId failed for value \"id\" (type string) at path \"_id\" for model \"admin_user\"\n    at SchemaObjectId.cast (D:\\Nitesh\\my-development\\NodeJs\\Project\\kalota-family-portal\\node_modules\\mongoose\\lib\\schema\\objectId.js:253:11)\n    at SchemaType.applySetters (D:\\Nitesh\\my-development\\NodeJs\\Project\\kalota-family-portal\\node_modules\\mongoose\\lib\\schemaType.js:1288:12)\n    at SchemaType.castForQuery (D:\\Nitesh\\my-development\\NodeJs\\Project\\kalota-family-portal\\node_modules\\mongoose\\lib\\schemaType.js:1718:17)\n    at cast (D:\\Nitesh\\my-development\\NodeJs\\Project\\kalota-family-portal\\node_modules\\mongoose\\lib\\cast.js:390:32)\n    at Query.cast (D:\\Nitesh\\my-development\\NodeJs\\Project\\kalota-family-portal\\node_modules\\mongoose\\lib\\query.js:5060:12)\n    at Query._castConditions (D:\\Nitesh\\my-development\\NodeJs\\Project\\kalota-family-portal\\node_modules\\mongoose\\lib\\query.js:2374:10)\n    at model.Query._findOneAndUpdate (D:\\Nitesh\\my-development\\NodeJs\\Project\\kalota-family-portal\\node_modules\\mongoose\\lib\\query.js:3477:8)\n    at model.Query.exec (D:\\Nitesh\\my-development\\NodeJs\\Project\\kalota-family-portal\\node_modules\\mongoose\\lib\\query.js:4627:80)\n    at process.processTicksAndRejections (node:internal/process/task_queues:105:5)\n    at async Object.updateUser (D:\\Nitesh\\my-development\\NodeJs\\Project\\kalota-family-portal\\src\\repositories\\AdminUserRepository.js:4:10)","timestamp":"2026-06-06 13:34:36"}
{"body":{},"level":"info","message":"📥 [getAllUsers] Incoming request","query":{"pageIndex":"0","pageSize":"10"},"timestamp":"2026-06-06 13:37:30"}
{"level":"info","message":"🔍 [getAllUsers] Parsed filters","pageIndex":0,"pageSize":10,"searchText":"","timestamp":"2026-06-06 13:37:30"}
{"level":"info","message":"getAllUsers called","pageIndex":0,"pageSize":10,"searchText":"","timestamp":"2026-06-06 13:37:30"}
{"level":"info","message":"Fetching all users without search filter","timestamp":"2026-06-06 13:37:30"}
{"level":"info","message":"Pagination applied: skip=0, limit=10","timestamp":"2026-06-06 13:37:30"}
{"level":"info","message":"✅ Found 4 users","timestamp":"2026-06-06 13:37:30"}
{"level":"info","message":"✅ [getAllUsers] Service response received","responseCode":200,"timestamp":"2026-06-06 13:37:30"}
{"body":{},"level":"info","message":"📥 [getAllUsers] Incoming request","query":{"pageIndex":"0","pageSize":"10"},"timestamp":"2026-06-06 13:38:04"}
{"level":"info","message":"🔍 [getAllUsers] Parsed filters","pageIndex":0,"pageSize":10,"searchText":"","timestamp":"2026-06-06 13:38:04"}
{"level":"info","message":"getAllUsers called","pageIndex":0,"pageSize":10,"searchText":"","timestamp":"2026-06-06 13:38:04"}
{"level":"info","message":"Fetching all users without search filter","timestamp":"2026-06-06 13:38:04"}
{"level":"info","message":"Pagination applied: skip=0, limit=10","timestamp":"2026-06-06 13:38:04"}
{"level":"info","message":"✅ Found 4 users","timestamp":"2026-06-06 13:38:04"}
{"level":"info","message":"✅ [getAllUsers] Service response received","responseCode":200,"timestamp":"2026-06-06 13:38:04"}
{"body":{},"level":"info","message":"📥 [getAllUsers] Incoming request","query":{"pageIndex":"0","pageSize":"10"},"timestamp":"2026-06-06 13:38:37"}
{"level":"info","message":"🔍 [getAllUsers] Parsed filters","pageIndex":0,"pageSize":10,"searchText":"","timestamp":"2026-06-06 13:38:37"}
{"level":"info","message":"getAllUsers called","pageIndex":0,"pageSize":10,"searchText":"","timestamp":"2026-06-06 13:38:37"}
{"level":"info","message":"Fetching all users without search filter","timestamp":"2026-06-06 13:38:37"}
{"level":"info","message":"Pagination applied: skip=0, limit=10","timestamp":"2026-06-06 13:38:37"}
{"level":"info","message":"✅ Found 4 users","timestamp":"2026-06-06 13:38:37"}
{"level":"info","message":"✅ [getAllUsers] Service response received","responseCode":200,"timestamp":"2026-06-06 13:38:37"}
{"body":{},"level":"info","message":"📥 [getAllUsers] Incoming request","query":{"pageIndex":"0","pageSize":"10"},"timestamp":"2026-06-06 13:39:12"}
{"level":"info","message":"🔍 [getAllUsers] Parsed filters","pageIndex":0,"pageSize":10,"searchText":"","timestamp":"2026-06-06 13:39:12"}
{"level":"info","message":"getAllUsers called","pageIndex":0,"pageSize":10,"searchText":"","timestamp":"2026-06-06 13:39:12"}
{"level":"info","message":"Fetching all users without search filter","timestamp":"2026-06-06 13:39:12"}
{"level":"info","message":"Pagination applied: skip=0, limit=10","timestamp":"2026-06-06 13:39:12"}
{"level":"info","message":"✅ Found 4 users","timestamp":"2026-06-06 13:39:12"}
{"level":"info","message":"✅ [getAllUsers] Service response received","responseCode":200,"timestamp":"2026-06-06 13:39:12"}
{"level":"info","message":"addAdmin: userId=NEW_USER","timestamp":"2026-06-06 13:40:33"}
{"level":"info","message":"Created new user with id=6a23d5f927aacde7b0f450e6","timestamp":"2026-06-06 13:40:34"}
{"body":{},"level":"info","message":"📥 [getAllUsers] Incoming request","query":{"pageIndex":"0","pageSize":"10"},"timestamp":"2026-06-06 13:40:34"}
{"level":"info","message":"🔍 [getAllUsers] Parsed filters","pageIndex":0,"pageSize":10,"searchText":"","timestamp":"2026-06-06 13:40:34"}
{"level":"info","message":"getAllUsers called","pageIndex":0,"pageSize":10,"searchText":"","timestamp":"2026-06-06 13:40:34"}
{"level":"info","message":"Fetching all users without search filter","timestamp":"2026-06-06 13:40:34"}
{"level":"info","message":"Pagination applied: skip=0, limit=10","timestamp":"2026-06-06 13:40:34"}
{"level":"info","message":"✅ Found 5 users","timestamp":"2026-06-06 13:40:34"}
{"level":"info","message":"✅ [getAllUsers] Service response received","responseCode":200,"timestamp":"2026-06-06 13:40:34"}
{"body":{},"level":"info","message":"📥 [getAllUsers] Incoming request","query":{"pageIndex":"0","pageSize":"10"},"timestamp":"2026-06-06 13:41:11"}
{"level":"info","message":"🔍 [getAllUsers] Parsed filters","pageIndex":0,"pageSize":10,"searchText":"","timestamp":"2026-06-06 13:41:11"}
{"level":"info","message":"getAllUsers called","pageIndex":0,"pageSize":10,"searchText":"","timestamp":"2026-06-06 13:41:11"}
{"level":"info","message":"Fetching all users without search filter","timestamp":"2026-06-06 13:41:11"}
{"level":"info","message":"Pagination applied: skip=0, limit=10","timestamp":"2026-06-06 13:41:11"}
{"level":"info","message":"✅ Found 5 users","timestamp":"2026-06-06 13:41:11"}
{"level":"info","message":"✅ [getAllUsers] Service response received","responseCode":200,"timestamp":"2026-06-06 13:41:11"}
{"body":{},"level":"info","message":"📥 [getAllUsers] Incoming request","query":{"pageIndex":"0","pageSize":"10"},"timestamp":"2026-06-06 13:41:51"}
{"level":"info","message":"🔍 [getAllUsers] Parsed filters","pageIndex":0,"pageSize":10,"searchText":"","timestamp":"2026-06-06 13:41:51"}
{"level":"info","message":"getAllUsers called","pageIndex":0,"pageSize":10,"searchText":"","timestamp":"2026-06-06 13:41:51"}
{"level":"info","message":"Fetching all users without search filter","timestamp":"2026-06-06 13:41:51"}
{"level":"info","message":"Pagination applied: skip=0, limit=10","timestamp":"2026-06-06 13:41:51"}
{"level":"info","message":"✅ Found 5 users","timestamp":"2026-06-06 13:41:51"}
{"level":"info","message":"✅ [getAllUsers] Service response received","responseCode":200,"timestamp":"2026-06-06 13:41:51"}
{"level":"info","message":"addAdmin: userId=NEW_USER","timestamp":"2026-06-06 13:42:36"}
{"level":"info","message":"✅ File saved locally: kshatriya-kalota-logo.png → http://localhost/uploads/user/f7012f56-1564-4e46-96b2-98f35b5f08de.png","timestamp":"2026-06-06 13:42:36"}
{"level":"info","message":"📸 Uploaded profile image: http://localhost/uploads/user/f7012f56-1564-4e46-96b2-98f35b5f08de.png","timestamp":"2026-06-06 13:42:36"}
{"level":"info","message":"Created new user with id=6a23d67427aacde7b0f450fb","timestamp":"2026-06-06 13:42:36"}
{"body":{},"level":"info","message":"📥 [getAllUsers] Incoming request","query":{"pageIndex":"0","pageSize":"10"},"timestamp":"2026-06-06 13:42:36"}
{"level":"info","message":"🔍 [getAllUsers] Parsed filters","pageIndex":0,"pageSize":10,"searchText":"","timestamp":"2026-06-06 13:42:36"}
{"level":"info","message":"getAllUsers called","pageIndex":0,"pageSize":10,"searchText":"","timestamp":"2026-06-06 13:42:36"}
{"level":"info","message":"Fetching all users without search filter","timestamp":"2026-06-06 13:42:36"}
{"level":"info","message":"Pagination applied: skip=0, limit=10","timestamp":"2026-06-06 13:42:36"}
{"level":"info","message":"✅ Found 5 users","timestamp":"2026-06-06 13:42:36"}
{"level":"info","message":"✅ [getAllUsers] Service response received","responseCode":200,"timestamp":"2026-06-06 13:42:36"}
{"body":{},"level":"info","message":"📥 [getAllUsers] Incoming request","query":{"pageIndex":"0","pageSize":"10"},"timestamp":"2026-06-06 13:43:12"}
{"level":"info","message":"🔍 [getAllUsers] Parsed filters","pageIndex":0,"pageSize":10,"searchText":"","timestamp":"2026-06-06 13:43:12"}
{"level":"info","message":"getAllUsers called","pageIndex":0,"pageSize":10,"searchText":"","timestamp":"2026-06-06 13:43:12"}
{"level":"info","message":"Fetching all users without search filter","timestamp":"2026-06-06 13:43:12"}
{"level":"info","message":"Pagination applied: skip=0, limit=10","timestamp":"2026-06-06 13:43:12"}
{"level":"info","message":"✅ Found 5 users","timestamp":"2026-06-06 13:43:12"}
{"level":"info","message":"✅ [getAllUsers] Service response received","responseCode":200,"timestamp":"2026-06-06 13:43:12"}
{"body":{},"level":"info","message":"📥 [getAllUsers] Incoming request","query":{"pageIndex":"0","pageSize":"10"},"timestamp":"2026-06-06 13:47:18"}
{"level":"info","message":"🔍 [getAllUsers] Parsed filters","pageIndex":0,"pageSize":10,"searchText":"","timestamp":"2026-06-06 13:47:18"}
{"level":"info","message":"getAllUsers called","pageIndex":0,"pageSize":10,"searchText":"","timestamp":"2026-06-06 13:47:18"}
{"level":"info","message":"Fetching all users without search filter","timestamp":"2026-06-06 13:47:18"}
{"level":"info","message":"Pagination applied: skip=0, limit=10","timestamp":"2026-06-06 13:47:18"}
{"level":"info","message":"✅ Found 5 users","timestamp":"2026-06-06 13:47:18"}
{"level":"info","message":"✅ [getAllUsers] Service response received","responseCode":200,"timestamp":"2026-06-06 13:47:18"}
{"level":"info","message":"getProfile: id=6a23d67427aacde7b0f450fb","timestamp":"2026-06-06 13:48:07"}
{"body":{},"level":"info","message":"📥 [getAllUsers] Incoming request","query":{"pageIndex":"0","pageSize":"10"},"timestamp":"2026-06-06 13:49:15"}
{"level":"info","message":"🔍 [getAllUsers] Parsed filters","pageIndex":0,"pageSize":10,"searchText":"","timestamp":"2026-06-06 13:49:15"}
{"level":"info","message":"getAllUsers called","pageIndex":0,"pageSize":10,"searchText":"","timestamp":"2026-06-06 13:49:15"}
{"level":"info","message":"Fetching all users without search filter","timestamp":"2026-06-06 13:49:15"}
{"level":"info","message":"Pagination applied: skip=0, limit=10","timestamp":"2026-06-06 13:49:15"}
{"level":"info","message":"getProfile: id=6a23d67427aacde7b0f450fb","timestamp":"2026-06-06 13:49:15"}
{"level":"info","message":"✅ Found 5 users","timestamp":"2026-06-06 13:49:15"}
{"level":"info","message":"✅ [getAllUsers] Service response received","responseCode":200,"timestamp":"2026-06-06 13:49:15"}
{"body":{},"level":"info","message":"📥 [getAllUsers] Incoming request","query":{"pageIndex":"0","pageSize":"10"},"timestamp":"2026-06-06 13:51:09"}
{"level":"info","message":"🔍 [getAllUsers] Parsed filters","pageIndex":0,"pageSize":10,"searchText":"","timestamp":"2026-06-06 13:51:09"}
{"level":"info","message":"getAllUsers called","pageIndex":0,"pageSize":10,"searchText":"","timestamp":"2026-06-06 13:51:09"}
{"level":"info","message":"Fetching all users without search filter","timestamp":"2026-06-06 13:51:09"}
{"level":"info","message":"Pagination applied: skip=0, limit=10","timestamp":"2026-06-06 13:51:09"}
{"level":"info","message":"✅ Found 5 users","timestamp":"2026-06-06 13:51:09"}
{"level":"info","message":"✅ [getAllUsers] Service response received","responseCode":200,"timestamp":"2026-06-06 13:51:09"}
{"body":{},"level":"info","message":"📥 [getAllUsers] Incoming request","query":{"pageIndex":"0","pageSize":"10"},"timestamp":"2026-06-06 13:51:52"}
{"level":"info","message":"🔍 [getAllUsers] Parsed filters","pageIndex":0,"pageSize":10,"searchText":"","timestamp":"2026-06-06 13:51:52"}
{"level":"info","message":"getAllUsers called","pageIndex":0,"pageSize":10,"searchText":"","timestamp":"2026-06-06 13:51:52"}
{"level":"info","message":"Fetching all users without search filter","timestamp":"2026-06-06 13:51:52"}
{"level":"info","message":"Pagination applied: skip=0, limit=10","timestamp":"2026-06-06 13:51:52"}
{"level":"info","message":"✅ Found 5 users","timestamp":"2026-06-06 13:51:52"}
{"level":"info","message":"✅ [getAllUsers] Service response received","responseCode":200,"timestamp":"2026-06-06 13:51:52"}
{"level":"info","message":"addAdmin: userId=6a23d67427aacde7b0f450fb","timestamp":"2026-06-06 13:52:26"}
{"level":"info","message":"✅ File saved locally: 7.jpg → http://localhost/uploads/user/db8cc882-f841-4744-9efe-ae3ca3651a39.jpg","timestamp":"2026-06-06 13:52:26"}
{"level":"info","message":"📸 Uploaded profile image: http://localhost/uploads/user/db8cc882-f841-4744-9efe-ae3ca3651a39.jpg","timestamp":"2026-06-06 13:52:26"}
{"body":{},"level":"info","message":"📥 [getAllUsers] Incoming request","query":{"pageIndex":"0","pageSize":"10"},"timestamp":"2026-06-06 13:52:26"}
{"level":"info","message":"🔍 [getAllUsers] Parsed filters","pageIndex":0,"pageSize":10,"searchText":"","timestamp":"2026-06-06 13:52:26"}
{"level":"info","message":"getAllUsers called","pageIndex":0,"pageSize":10,"searchText":"","timestamp":"2026-06-06 13:52:26"}
{"level":"info","message":"Fetching all users without search filter","timestamp":"2026-06-06 13:52:26"}
{"level":"info","message":"Pagination applied: skip=0, limit=10","timestamp":"2026-06-06 13:52:26"}
{"level":"info","message":"✅ Found 5 users","timestamp":"2026-06-06 13:52:26"}
{"level":"info","message":"✅ [getAllUsers] Service response received","responseCode":200,"timestamp":"2026-06-06 13:52:26"}
{"level":"info","message":"addAdmin: userId=6a23d67427aacde7b0f450fb","timestamp":"2026-06-06 13:53:16"}
{"level":"info","message":"✅ File saved locally: 7.jpg → http://localhost/uploads/user/d829fc5b-db75-4b7a-b33b-aee73828f6f0.jpg","timestamp":"2026-06-06 13:53:16"}
{"level":"info","message":"📸 Uploaded profile image: http://localhost/uploads/user/d829fc5b-db75-4b7a-b33b-aee73828f6f0.jpg","timestamp":"2026-06-06 13:53:16"}
{"body":{},"level":"info","message":"📥 [getAllUsers] Incoming request","query":{"pageIndex":"0","pageSize":"10"},"timestamp":"2026-06-06 13:53:16"}
{"level":"info","message":"🔍 [getAllUsers] Parsed filters","pageIndex":0,"pageSize":10,"searchText":"","timestamp":"2026-06-06 13:53:16"}
{"level":"info","message":"getAllUsers called","pageIndex":0,"pageSize":10,"searchText":"","timestamp":"2026-06-06 13:53:16"}
{"level":"info","message":"Fetching all users without search filter","timestamp":"2026-06-06 13:53:16"}
{"level":"info","message":"Pagination applied: skip=0, limit=10","timestamp":"2026-06-06 13:53:16"}
{"level":"info","message":"✅ Found 5 users","timestamp":"2026-06-06 13:53:16"}
{"level":"info","message":"✅ [getAllUsers] Service response received","responseCode":200,"timestamp":"2026-06-06 13:53:16"}
{"body":{},"level":"info","message":"📥 [getAllUsers] Incoming request","query":{"pageIndex":"0","pageSize":"10"},"timestamp":"2026-06-06 13:53:49"}
{"level":"info","message":"🔍 [getAllUsers] Parsed filters","pageIndex":0,"pageSize":10,"searchText":"","timestamp":"2026-06-06 13:53:49"}
{"level":"info","message":"getAllUsers called","pageIndex":0,"pageSize":10,"searchText":"","timestamp":"2026-06-06 13:53:49"}
{"level":"info","message":"Fetching all users without search filter","timestamp":"2026-06-06 13:53:49"}
{"level":"info","message":"Pagination applied: skip=0, limit=10","timestamp":"2026-06-06 13:53:49"}
{"level":"info","message":"✅ Found 5 users","timestamp":"2026-06-06 13:53:49"}
{"level":"info","message":"✅ [getAllUsers] Service response received","responseCode":200,"timestamp":"2026-06-06 13:53:49"}
{"level":"info","message":"addAdmin: userId=6a23d67427aacde7b0f450fb","timestamp":"2026-06-06 13:53:56"}
{"level":"info","message":"✅ File saved locally: 7.jpg → http://localhost/uploads/user/0ee2007f-0f0b-45ef-9412-84f1c27cacd2.jpg","timestamp":"2026-06-06 13:53:56"}
{"level":"info","message":"📸 Uploaded profile image: http://localhost/uploads/user/0ee2007f-0f0b-45ef-9412-84f1c27cacd2.jpg","timestamp":"2026-06-06 13:53:56"}
{"body":{},"level":"info","message":"📥 [getAllUsers] Incoming request","query":{"pageIndex":"0","pageSize":"10"},"timestamp":"2026-06-06 13:53:56"}
{"level":"info","message":"🔍 [getAllUsers] Parsed filters","pageIndex":0,"pageSize":10,"searchText":"","timestamp":"2026-06-06 13:53:56"}
{"level":"info","message":"getAllUsers called","pageIndex":0,"pageSize":10,"searchText":"","timestamp":"2026-06-06 13:53:56"}
{"level":"info","message":"Fetching all users without search filter","timestamp":"2026-06-06 13:53:56"}
{"level":"info","message":"Pagination applied: skip=0, limit=10","timestamp":"2026-06-06 13:53:56"}
{"level":"info","message":"✅ Found 5 users","timestamp":"2026-06-06 13:53:56"}
{"level":"info","message":"✅ [getAllUsers] Service response received","responseCode":200,"timestamp":"2026-06-06 13:53:56"}
{"body":{},"level":"info","message":"📥 [getAllUsers] Incoming request","query":{"pageIndex":"0","pageSize":"10"},"timestamp":"2026-06-06 13:54:27"}
{"level":"info","message":"🔍 [getAllUsers] Parsed filters","pageIndex":0,"pageSize":10,"searchText":"","timestamp":"2026-06-06 13:54:27"}
{"level":"info","message":"getAllUsers called","pageIndex":0,"pageSize":10,"searchText":"","timestamp":"2026-06-06 13:54:27"}
{"level":"info","message":"Fetching all users without search filter","timestamp":"2026-06-06 13:54:27"}
{"level":"info","message":"Pagination applied: skip=0, limit=10","timestamp":"2026-06-06 13:54:27"}
{"level":"info","message":"✅ Found 5 users","timestamp":"2026-06-06 13:54:27"}
{"level":"info","message":"✅ [getAllUsers] Service response received","responseCode":200,"timestamp":"2026-06-06 13:54:27"}
{"body":{},"level":"info","message":"📥 [getAllUsers] Incoming request","query":{"pageIndex":"0","pageSize":"10"},"timestamp":"2026-06-06 13:55:30"}
{"level":"info","message":"🔍 [getAllUsers] Parsed filters","pageIndex":0,"pageSize":10,"searchText":"","timestamp":"2026-06-06 13:55:30"}
{"level":"info","message":"getAllUsers called","pageIndex":0,"pageSize":10,"searchText":"","timestamp":"2026-06-06 13:55:30"}
{"level":"info","message":"Fetching all users without search filter","timestamp":"2026-06-06 13:55:30"}
{"level":"info","message":"Pagination applied: skip=0, limit=10","timestamp":"2026-06-06 13:55:30"}
{"level":"info","message":"✅ Found 5 users","timestamp":"2026-06-06 13:55:30"}
{"level":"info","message":"✅ [getAllUsers] Service response received","responseCode":200,"timestamp":"2026-06-06 13:55:30"}
{"level":"info","message":"addAdmin: userId=6a23d67427aacde7b0f450fb","timestamp":"2026-06-06 13:55:42"}
{"level":"info","message":"✅ File saved locally: 7.jpg → http://localhost:7000/uploads/user/c5517195-9ce9-453a-b6b8-207937cf7f3f.jpg","timestamp":"2026-06-06 13:55:42"}
{"level":"info","message":"📸 Uploaded profile image: http://localhost:7000/uploads/user/c5517195-9ce9-453a-b6b8-207937cf7f3f.jpg","timestamp":"2026-06-06 13:55:42"}
{"body":{},"level":"info","message":"📥 [getAllUsers] Incoming request","query":{"pageIndex":"0","pageSize":"10"},"timestamp":"2026-06-06 13:55:42"}
{"level":"info","message":"🔍 [getAllUsers] Parsed filters","pageIndex":0,"pageSize":10,"searchText":"","timestamp":"2026-06-06 13:55:42"}
{"level":"info","message":"getAllUsers called","pageIndex":0,"pageSize":10,"searchText":"","timestamp":"2026-06-06 13:55:42"}
{"level":"info","message":"Fetching all users without search filter","timestamp":"2026-06-06 13:55:42"}
{"level":"info","message":"Pagination applied: skip=0, limit=10","timestamp":"2026-06-06 13:55:42"}
{"level":"info","message":"✅ Found 5 users","timestamp":"2026-06-06 13:55:42"}
{"level":"info","message":"✅ [getAllUsers] Service response received","responseCode":200,"timestamp":"2026-06-06 13:55:42"}
{"body":{},"level":"info","message":"📥 [getAllUsers] Incoming request","query":{"pageIndex":"0","pageSize":"10"},"timestamp":"2026-06-06 13:56:44"}
{"level":"info","message":"🔍 [getAllUsers] Parsed filters","pageIndex":0,"pageSize":10,"searchText":"","timestamp":"2026-06-06 13:56:44"}
{"level":"info","message":"getAllUsers called","pageIndex":0,"pageSize":10,"searchText":"","timestamp":"2026-06-06 13:56:44"}
{"level":"info","message":"Fetching all users without search filter","timestamp":"2026-06-06 13:56:44"}
{"level":"info","message":"Pagination applied: skip=0, limit=10","timestamp":"2026-06-06 13:56:44"}
{"level":"info","message":"✅ Found 5 users","timestamp":"2026-06-06 13:56:44"}
{"level":"info","message":"✅ [getAllUsers] Service response received","responseCode":200,"timestamp":"2026-06-06 13:56:44"}
{"body":{},"level":"info","message":"📥 [getAllUsers] Incoming request","query":{"pageIndex":"0","pageSize":"10"},"timestamp":"2026-06-06 13:58:25"}
{"level":"info","message":"🔍 [getAllUsers] Parsed filters","pageIndex":0,"pageSize":10,"searchText":"","timestamp":"2026-06-06 13:58:25"}
{"level":"info","message":"getAllUsers called","pageIndex":0,"pageSize":10,"searchText":"","timestamp":"2026-06-06 13:58:25"}
{"level":"info","message":"Fetching all users without search filter","timestamp":"2026-06-06 13:58:25"}
{"level":"info","message":"Pagination applied: skip=0, limit=10","timestamp":"2026-06-06 13:58:25"}
{"level":"info","message":"✅ Found 5 users","timestamp":"2026-06-06 13:58:25"}
{"level":"info","message":"✅ [getAllUsers] Service response received","responseCode":200,"timestamp":"2026-06-06 13:58:25"}
{"body":{},"level":"info","message":"📥 [getAllUsers] Incoming request","query":{"pageIndex":"0","pageSize":"10"},"timestamp":"2026-06-06 13:59:05"}
{"level":"info","message":"🔍 [getAllUsers] Parsed filters","pageIndex":0,"pageSize":10,"searchText":"","timestamp":"2026-06-06 13:59:05"}
{"level":"info","message":"getAllUsers called","pageIndex":0,"pageSize":10,"searchText":"","timestamp":"2026-06-06 13:59:05"}
{"level":"info","message":"Fetching all users without search filter","timestamp":"2026-06-06 13:59:05"}
{"level":"info","message":"Pagination applied: skip=0, limit=10","timestamp":"2026-06-06 13:59:05"}
{"level":"info","message":"✅ Found 5 users","timestamp":"2026-06-06 13:59:05"}
{"level":"info","message":"✅ [getAllUsers] Service response received","responseCode":200,"timestamp":"2026-06-06 13:59:05"}
{"body":{},"level":"info","message":"📥 [getAllUsers] Incoming request","query":{"pageIndex":"0","pageSize":"10"},"timestamp":"2026-06-06 13:59:25"}
{"level":"info","message":"🔍 [getAllUsers] Parsed filters","pageIndex":0,"pageSize":10,"searchText":"","timestamp":"2026-06-06 13:59:25"}
{"level":"info","message":"getAllUsers called","pageIndex":0,"pageSize":10,"searchText":"","timestamp":"2026-06-06 13:59:25"}
{"level":"info","message":"Fetching all users without search filter","timestamp":"2026-06-06 13:59:25"}
{"level":"info","message":"Pagination applied: skip=0, limit=10","timestamp":"2026-06-06 13:59:25"}
{"level":"info","message":"✅ Found 5 users","timestamp":"2026-06-06 13:59:25"}
{"level":"info","message":"✅ [getAllUsers] Service response received","responseCode":200,"timestamp":"2026-06-06 13:59:25"}
{"body":{},"level":"info","message":"📥 [getAllUsers] Incoming request","query":{"pageIndex":"0","pageSize":"10"},"timestamp":"2026-06-06 14:00:32"}
{"level":"info","message":"🔍 [getAllUsers] Parsed filters","pageIndex":0,"pageSize":10,"searchText":"","timestamp":"2026-06-06 14:00:32"}
{"level":"info","message":"getAllUsers called","pageIndex":0,"pageSize":10,"searchText":"","timestamp":"2026-06-06 14:00:32"}
{"level":"info","message":"Fetching all users without search filter","timestamp":"2026-06-06 14:00:32"}
{"level":"info","message":"Pagination applied: skip=0, limit=10","timestamp":"2026-06-06 14:00:32"}
{"level":"info","message":"✅ Found 5 users","timestamp":"2026-06-06 14:00:32"}
{"level":"info","message":"✅ [getAllUsers] Service response received","responseCode":200,"timestamp":"2026-06-06 14:00:32"}
{"body":{},"level":"info","message":"📥 [getAllUsers] Incoming request","query":{"pageIndex":"0","pageSize":"10"},"timestamp":"2026-06-06 14:01:08"}
{"level":"info","message":"🔍 [getAllUsers] Parsed filters","pageIndex":0,"pageSize":10,"searchText":"","timestamp":"2026-06-06 14:01:08"}
{"level":"info","message":"getAllUsers called","pageIndex":0,"pageSize":10,"searchText":"","timestamp":"2026-06-06 14:01:08"}
{"level":"info","message":"Fetching all users without search filter","timestamp":"2026-06-06 14:01:08"}
{"level":"info","message":"Pagination applied: skip=0, limit=10","timestamp":"2026-06-06 14:01:08"}
{"level":"info","message":"✅ Found 5 users","timestamp":"2026-06-06 14:01:08"}
{"level":"info","message":"✅ [getAllUsers] Service response received","responseCode":200,"timestamp":"2026-06-06 14:01:08"}
{"body":{},"level":"info","message":"📥 [getAllUsers] Incoming request","query":{"pageIndex":"0","pageSize":"10"},"timestamp":"2026-06-06 14:01:52"}
{"level":"info","message":"🔍 [getAllUsers] Parsed filters","pageIndex":0,"pageSize":10,"searchText":"","timestamp":"2026-06-06 14:01:52"}
{"level":"info","message":"getAllUsers called","pageIndex":0,"pageSize":10,"searchText":"","timestamp":"2026-06-06 14:01:52"}
{"level":"info","message":"Fetching all users without search filter","timestamp":"2026-06-06 14:01:52"}
{"level":"info","message":"Pagination applied: skip=0, limit=10","timestamp":"2026-06-06 14:01:52"}
{"level":"info","message":"✅ Found 5 users","timestamp":"2026-06-06 14:01:52"}
{"level":"info","message":"✅ [getAllUsers] Service response received","responseCode":200,"timestamp":"2026-06-06 14:01:52"}
{"body":{},"level":"info","message":"📥 [getAllUsers] Incoming request","query":{"pageIndex":"0","pageSize":"10"},"timestamp":"2026-06-06 14:03:22"}
{"level":"info","message":"🔍 [getAllUsers] Parsed filters","pageIndex":0,"pageSize":10,"searchText":"","timestamp":"2026-06-06 14:03:22"}
{"level":"info","message":"getAllUsers called","pageIndex":0,"pageSize":10,"searchText":"","timestamp":"2026-06-06 14:03:22"}
{"level":"info","message":"Fetching all users without search filter","timestamp":"2026-06-06 14:03:22"}
{"level":"info","message":"Pagination applied: skip=0, limit=10","timestamp":"2026-06-06 14:03:22"}
{"level":"info","message":"✅ Found 5 users","timestamp":"2026-06-06 14:03:22"}
{"level":"info","message":"✅ [getAllUsers] Service response received","responseCode":200,"timestamp":"2026-06-06 14:03:22"}
{"body":{},"level":"info","message":"📥 [getAllUsers] Incoming request","query":{"pageIndex":"0","pageSize":"10"},"timestamp":"2026-06-06 14:03:54"}
{"level":"info","message":"🔍 [getAllUsers] Parsed filters","pageIndex":0,"pageSize":10,"searchText":"","timestamp":"2026-06-06 14:03:54"}
{"level":"info","message":"getAllUsers called","pageIndex":0,"pageSize":10,"searchText":"","timestamp":"2026-06-06 14:03:54"}
{"level":"info","message":"Fetching all users without search filter","timestamp":"2026-06-06 14:03:54"}
{"level":"info","message":"Pagination applied: skip=0, limit=10","timestamp":"2026-06-06 14:03:54"}
{"level":"info","message":"✅ Found 5 users","timestamp":"2026-06-06 14:03:54"}
{"level":"info","message":"✅ [getAllUsers] Service response received","responseCode":200,"timestamp":"2026-06-06 14:03:54"}
{"body":{},"level":"info","message":"📥 [getAllUsers] Incoming request","query":{"pageIndex":"0","pageSize":"10"},"timestamp":"2026-06-06 14:03:58"}
{"level":"info","message":"🔍 [getAllUsers] Parsed filters","pageIndex":0,"pageSize":10,"searchText":"","timestamp":"2026-06-06 14:03:58"}
{"level":"info","message":"getAllUsers called","pageIndex":0,"pageSize":10,"searchText":"","timestamp":"2026-06-06 14:03:58"}
{"level":"info","message":"Fetching all users without search filter","timestamp":"2026-06-06 14:03:58"}
{"level":"info","message":"Pagination applied: skip=0, limit=10","timestamp":"2026-06-06 14:03:58"}
{"level":"info","message":"✅ Found 5 users","timestamp":"2026-06-06 14:03:58"}
{"level":"info","message":"✅ [getAllUsers] Service response received","responseCode":200,"timestamp":"2026-06-06 14:03:58"}
{"body":{},"level":"info","message":"📥 [getAllUsers] Incoming request","query":{"pageIndex":"0","pageSize":"10"},"timestamp":"2026-06-06 14:04:47"}
{"level":"info","message":"🔍 [getAllUsers] Parsed filters","pageIndex":0,"pageSize":10,"searchText":"","timestamp":"2026-06-06 14:04:47"}
{"level":"info","message":"getAllUsers called","pageIndex":0,"pageSize":10,"searchText":"","timestamp":"2026-06-06 14:04:47"}
{"level":"info","message":"Fetching all users without search filter","timestamp":"2026-06-06 14:04:47"}
{"level":"info","message":"Pagination applied: skip=0, limit=10","timestamp":"2026-06-06 14:04:47"}
{"level":"info","message":"✅ Found 5 users","timestamp":"2026-06-06 14:04:47"}
{"level":"info","message":"✅ [getAllUsers] Service response received","responseCode":200,"timestamp":"2026-06-06 14:04:47"}
{"body":{},"level":"info","message":"📥 [getAllUsers] Incoming request","query":{"pageIndex":"0","pageSize":"10"},"timestamp":"2026-06-06 14:05:20"}
{"level":"info","message":"🔍 [getAllUsers] Parsed filters","pageIndex":0,"pageSize":10,"searchText":"","timestamp":"2026-06-06 14:05:20"}
{"level":"info","message":"getAllUsers called","pageIndex":0,"pageSize":10,"searchText":"","timestamp":"2026-06-06 14:05:20"}
{"level":"info","message":"Fetching all users without search filter","timestamp":"2026-06-06 14:05:20"}
{"level":"info","message":"Pagination applied: skip=0, limit=10","timestamp":"2026-06-06 14:05:20"}
{"level":"info","message":"✅ Found 5 users","timestamp":"2026-06-06 14:05:20"}
{"level":"info","message":"✅ [getAllUsers] Service response received","responseCode":200,"timestamp":"2026-06-06 14:05:20"}
{"body":{},"level":"info","message":"📥 [getAllUsers] Incoming request","query":{"pageIndex":"0","pageSize":"10"},"timestamp":"2026-06-06 14:05:55"}
{"level":"info","message":"🔍 [getAllUsers] Parsed filters","pageIndex":0,"pageSize":10,"searchText":"","timestamp":"2026-06-06 14:05:55"}
{"level":"info","message":"getAllUsers called","pageIndex":0,"pageSize":10,"searchText":"","timestamp":"2026-06-06 14:05:55"}
{"level":"info","message":"Fetching all users without search filter","timestamp":"2026-06-06 14:05:55"}
{"level":"info","message":"Pagination applied: skip=0, limit=10","timestamp":"2026-06-06 14:05:55"}
{"level":"info","message":"✅ Found 5 users","timestamp":"2026-06-06 14:05:55"}
{"level":"info","message":"✅ [getAllUsers] Service response received","responseCode":200,"timestamp":"2026-06-06 14:05:55"}
{"body":{},"level":"info","message":"📥 [getAllUsers] Incoming request","query":{"pageIndex":"0","pageSize":"10"},"timestamp":"2026-06-06 14:06:01"}
{"level":"info","message":"🔍 [getAllUsers] Parsed filters","pageIndex":0,"pageSize":10,"searchText":"","timestamp":"2026-06-06 14:06:01"}
{"level":"info","message":"getAllUsers called","pageIndex":0,"pageSize":10,"searchText":"","timestamp":"2026-06-06 14:06:01"}
{"level":"info","message":"Fetching all users without search filter","timestamp":"2026-06-06 14:06:01"}
{"level":"info","message":"Pagination applied: skip=0, limit=10","timestamp":"2026-06-06 14:06:01"}
{"level":"info","message":"✅ Found 5 users","timestamp":"2026-06-06 14:06:01"}
{"level":"info","message":"✅ [getAllUsers] Service response received","responseCode":200,"timestamp":"2026-06-06 14:06:01"}
{"body":{},"level":"info","message":"📥 [getAllUsers] Incoming request","query":{"pageIndex":"0","pageSize":"10"},"timestamp":"2026-06-06 14:06:48"}
{"level":"info","message":"🔍 [getAllUsers] Parsed filters","pageIndex":0,"pageSize":10,"searchText":"","timestamp":"2026-06-06 14:06:48"}
{"level":"info","message":"getAllUsers called","pageIndex":0,"pageSize":10,"searchText":"","timestamp":"2026-06-06 14:06:48"}
{"level":"info","message":"Fetching all users without search filter","timestamp":"2026-06-06 14:06:48"}
{"level":"info","message":"Pagination applied: skip=0, limit=10","timestamp":"2026-06-06 14:06:48"}
{"level":"info","message":"✅ Found 5 users","timestamp":"2026-06-06 14:06:48"}
{"level":"info","message":"✅ [getAllUsers] Service response received","responseCode":200,"timestamp":"2026-06-06 14:06:48"}
{"body":{},"level":"info","message":"📥 [getAllUsers] Incoming request","query":{"pageIndex":"0","pageSize":"10"},"timestamp":"2026-06-06 14:07:52"}
{"level":"info","message":"🔍 [getAllUsers] Parsed filters","pageIndex":0,"pageSize":10,"searchText":"","timestamp":"2026-06-06 14:07:52"}
{"level":"info","message":"getAllUsers called","pageIndex":0,"pageSize":10,"searchText":"","timestamp":"2026-06-06 14:07:52"}
{"level":"info","message":"Fetching all users without search filter","timestamp":"2026-06-06 14:07:52"}
{"level":"info","message":"Pagination applied: skip=0, limit=10","timestamp":"2026-06-06 14:07:52"}
{"level":"info","message":"✅ Found 5 users","timestamp":"2026-06-06 14:07:52"}
{"level":"info","message":"✅ [getAllUsers] Service response received","responseCode":200,"timestamp":"2026-06-06 14:07:52"}
{"body":{},"level":"info","message":"📥 [getAllUsers] Incoming request","query":{"pageIndex":"0","pageSize":"10"},"timestamp":"2026-06-06 14:08:32"}
{"level":"info","message":"🔍 [getAllUsers] Parsed filters","pageIndex":0,"pageSize":10,"searchText":"","timestamp":"2026-06-06 14:08:32"}
{"level":"info","message":"getAllUsers called","pageIndex":0,"pageSize":10,"searchText":"","timestamp":"2026-06-06 14:08:32"}
{"level":"info","message":"Fetching all users without search filter","timestamp":"2026-06-06 14:08:32"}
{"level":"info","message":"Pagination applied: skip=0, limit=10","timestamp":"2026-06-06 14:08:32"}
{"level":"info","message":"✅ Found 5 users","timestamp":"2026-06-06 14:08:32"}
{"level":"info","message":"✅ [getAllUsers] Service response received","responseCode":200,"timestamp":"2026-06-06 14:08:32"}
{"level":"info","message":"🎯 getAllModule request received","pageIndex":0,"pageSize":100,"timestamp":"2026-06-06 14:08:41"}
{"level":"info","message":"getAllModule called","pageIndex":0,"pageSize":100,"timestamp":"2026-06-06 14:08:41"}
{"level":"info","message":"Fetching modules with pagination pageIndex=0, pageSize=100","timestamp":"2026-06-06 14:08:41"}
{"level":"info","message":"Fetching all modules without search","timestamp":"2026-06-06 14:08:41"}
{"level":"info","message":"✅ Found 6 modules","timestamp":"2026-06-06 14:08:41"}
{"count":0,"level":"info","message":"✅ getAllModule response","timestamp":"2026-06-06 14:08:41"}
{"body":{},"level":"info","message":"📥 [getAllUsers] Incoming request","query":{"pageIndex":"0","pageSize":"10"},"timestamp":"2026-06-06 14:09:04"}
{"level":"info","message":"🔍 [getAllUsers] Parsed filters","pageIndex":0,"pageSize":10,"searchText":"","timestamp":"2026-06-06 14:09:04"}
{"level":"info","message":"getAllUsers called","pageIndex":0,"pageSize":10,"searchText":"","timestamp":"2026-06-06 14:09:04"}
{"level":"info","message":"Fetching all users without search filter","timestamp":"2026-06-06 14:09:04"}
{"level":"info","message":"Pagination applied: skip=0, limit=10","timestamp":"2026-06-06 14:09:04"}
{"level":"info","message":"✅ Found 5 users","timestamp":"2026-06-06 14:09:04"}
{"level":"info","message":"✅ [getAllUsers] Service response received","responseCode":200,"timestamp":"2026-06-06 14:09:04"}
{"body":{},"level":"info","message":"📥 [getAllUsers] Incoming request","query":{"pageIndex":"0","pageSize":"10"},"timestamp":"2026-06-06 14:09:36"}
{"level":"info","message":"🔍 [getAllUsers] Parsed filters","pageIndex":0,"pageSize":10,"searchText":"","timestamp":"2026-06-06 14:09:36"}
{"level":"info","message":"getAllUsers called","pageIndex":0,"pageSize":10,"searchText":"","timestamp":"2026-06-06 14:09:36"}
{"level":"info","message":"Fetching all users without search filter","timestamp":"2026-06-06 14:09:36"}
{"level":"info","message":"Pagination applied: skip=0, limit=10","timestamp":"2026-06-06 14:09:36"}
{"level":"info","message":"✅ Found 5 users","timestamp":"2026-06-06 14:09:36"}
{"level":"info","message":"✅ [getAllUsers] Service response received","responseCode":200,"timestamp":"2026-06-06 14:09:36"}
{"body":{},"level":"info","message":"📥 [getAllUsers] Incoming request","query":{"pageIndex":"0","pageSize":"10"},"timestamp":"2026-06-06 14:11:21"}
{"level":"info","message":"🔍 [getAllUsers] Parsed filters","pageIndex":0,"pageSize":10,"searchText":"","timestamp":"2026-06-06 14:11:21"}
{"level":"info","message":"getAllUsers called","pageIndex":0,"pageSize":10,"searchText":"","timestamp":"2026-06-06 14:11:21"}
{"level":"info","message":"Fetching all users without search filter","timestamp":"2026-06-06 14:11:21"}
{"level":"info","message":"Pagination applied: skip=0, limit=10","timestamp":"2026-06-06 14:11:21"}
{"level":"info","message":"✅ Found 5 users","timestamp":"2026-06-06 14:11:21"}
{"level":"info","message":"✅ [getAllUsers] Service response received","responseCode":200,"timestamp":"2026-06-06 14:11:21"}
{"body":{},"level":"info","message":"📥 [getAllUsers] Incoming request","query":{"pageIndex":"0","pageSize":"10"},"timestamp":"2026-06-06 14:12:19"}
{"level":"info","message":"🔍 [getAllUsers] Parsed filters","pageIndex":0,"pageSize":10,"searchText":"","timestamp":"2026-06-06 14:12:19"}
{"level":"info","message":"getAllUsers called","pageIndex":0,"pageSize":10,"searchText":"","timestamp":"2026-06-06 14:12:19"}
{"level":"info","message":"Fetching all users without search filter","timestamp":"2026-06-06 14:12:19"}
{"level":"info","message":"Pagination applied: skip=0, limit=10","timestamp":"2026-06-06 14:12:19"}
{"level":"info","message":"✅ Found 5 users","timestamp":"2026-06-06 14:12:19"}
{"level":"info","message":"✅ [getAllUsers] Service response received","responseCode":200,"timestamp":"2026-06-06 14:12:19"}
{"body":{},"level":"info","message":"📥 [getAllUsers] Incoming request","query":{"pageIndex":"0","pageSize":"10"},"timestamp":"2026-06-06 14:13:30"}
{"level":"info","message":"🔍 [getAllUsers] Parsed filters","pageIndex":0,"pageSize":10,"searchText":"","timestamp":"2026-06-06 14:13:30"}
{"level":"info","message":"getAllUsers called","pageIndex":0,"pageSize":10,"searchText":"","timestamp":"2026-06-06 14:13:30"}
{"level":"info","message":"Fetching all users without search filter","timestamp":"2026-06-06 14:13:30"}
{"level":"info","message":"Pagination applied: skip=0, limit=10","timestamp":"2026-06-06 14:13:30"}
{"level":"info","message":"✅ Found 5 users","timestamp":"2026-06-06 14:13:30"}
{"level":"info","message":"✅ [getAllUsers] Service response received","responseCode":200,"timestamp":"2026-06-06 14:13:30"}
{"body":{},"level":"info","message":"📥 [getAllUsers] Incoming request","query":{"pageIndex":"0","pageSize":"10"},"timestamp":"2026-06-06 14:13:35"}
{"level":"info","message":"🔍 [getAllUsers] Parsed filters","pageIndex":0,"pageSize":10,"searchText":"","timestamp":"2026-06-06 14:13:35"}
{"level":"info","message":"getAllUsers called","pageIndex":0,"pageSize":10,"searchText":"","timestamp":"2026-06-06 14:13:35"}
{"level":"info","message":"Fetching all users without search filter","timestamp":"2026-06-06 14:13:35"}
{"level":"info","message":"Pagination applied: skip=0, limit=10","timestamp":"2026-06-06 14:13:35"}
{"level":"info","message":"✅ Found 5 users","timestamp":"2026-06-06 14:13:35"}
{"level":"info","message":"✅ [getAllUsers] Service response received","responseCode":200,"timestamp":"2026-06-06 14:13:35"}
{"body":{},"level":"info","message":"📥 [getAllUsers] Incoming request","query":{"pageIndex":"0","pageSize":"10"},"timestamp":"2026-06-06 14:15:04"}
{"level":"info","message":"🔍 [getAllUsers] Parsed filters","pageIndex":0,"pageSize":10,"searchText":"","timestamp":"2026-06-06 14:15:04"}
{"level":"info","message":"getAllUsers called","pageIndex":0,"pageSize":10,"searchText":"","timestamp":"2026-06-06 14:15:04"}
{"level":"info","message":"Fetching all users without search filter","timestamp":"2026-06-06 14:15:04"}
{"level":"info","message":"Pagination applied: skip=0, limit=10","timestamp":"2026-06-06 14:15:04"}
{"level":"info","message":"✅ Found 5 users","timestamp":"2026-06-06 14:15:04"}
{"level":"info","message":"✅ [getAllUsers] Service response received","responseCode":200,"timestamp":"2026-06-06 14:15:04"}
{"body":{},"level":"info","message":"📥 [getAllUsers] Incoming request","query":{"pageIndex":"0","pageSize":"10"},"timestamp":"2026-06-06 14:15:34"}
{"level":"info","message":"🔍 [getAllUsers] Parsed filters","pageIndex":0,"pageSize":10,"searchText":"","timestamp":"2026-06-06 14:15:34"}
{"level":"info","message":"getAllUsers called","pageIndex":0,"pageSize":10,"searchText":"","timestamp":"2026-06-06 14:15:34"}
{"level":"info","message":"Fetching all users without search filter","timestamp":"2026-06-06 14:15:34"}
{"level":"info","message":"Pagination applied: skip=0, limit=10","timestamp":"2026-06-06 14:15:34"}
{"level":"info","message":"✅ Found 5 users","timestamp":"2026-06-06 14:15:34"}
{"level":"info","message":"✅ [getAllUsers] Service response received","responseCode":200,"timestamp":"2026-06-06 14:15:34"}
{"body":{},"level":"info","message":"📥 [getAllUsers] Incoming request","query":{"pageIndex":"0","pageSize":"10"},"timestamp":"2026-06-06 14:15:39"}
{"level":"info","message":"🔍 [getAllUsers] Parsed filters","pageIndex":0,"pageSize":10,"searchText":"","timestamp":"2026-06-06 14:15:39"}
{"level":"info","message":"getAllUsers called","pageIndex":0,"pageSize":10,"searchText":"","timestamp":"2026-06-06 14:15:39"}
{"level":"info","message":"Fetching all users without search filter","timestamp":"2026-06-06 14:15:39"}
{"level":"info","message":"Pagination applied: skip=0, limit=10","timestamp":"2026-06-06 14:15:39"}
{"level":"info","message":"✅ Found 5 users","timestamp":"2026-06-06 14:15:39"}
{"level":"info","message":"✅ [getAllUsers] Service response received","responseCode":200,"timestamp":"2026-06-06 14:15:39"}
{"body":{},"level":"info","message":"📥 [getAllUsers] Incoming request","query":{"pageIndex":"0","pageSize":"10"},"timestamp":"2026-06-06 15:39:42"}
{"level":"info","message":"🔍 [getAllUsers] Parsed filters","pageIndex":0,"pageSize":10,"searchText":"","timestamp":"2026-06-06 15:39:42"}
{"level":"info","message":"getAllUsers called","pageIndex":0,"pageSize":10,"searchText":"","timestamp":"2026-06-06 15:39:42"}
{"level":"info","message":"Fetching all users without search filter","timestamp":"2026-06-06 15:39:42"}
{"level":"info","message":"Pagination applied: skip=0, limit=10","timestamp":"2026-06-06 15:39:42"}
{"level":"info","message":"✅ Found 5 users","timestamp":"2026-06-06 15:39:42"}
{"level":"info","message":"✅ [getAllUsers] Service response received","responseCode":200,"timestamp":"2026-06-06 15:39:42"}
{"body":{},"level":"info","message":"📥 [getAllUsers] Incoming request","query":{"pageIndex":"0","pageSize":"10"},"timestamp":"2026-06-06 15:39:44"}
{"level":"info","message":"🔍 [getAllUsers] Parsed filters","pageIndex":0,"pageSize":10,"searchText":"","timestamp":"2026-06-06 15:39:44"}
{"level":"info","message":"getAllUsers called","pageIndex":0,"pageSize":10,"searchText":"","timestamp":"2026-06-06 15:39:44"}
{"level":"info","message":"Fetching all users without search filter","timestamp":"2026-06-06 15:39:44"}
{"level":"info","message":"Pagination applied: skip=0, limit=10","timestamp":"2026-06-06 15:39:44"}
{"level":"info","message":"✅ Found 5 users","timestamp":"2026-06-06 15:39:44"}
{"level":"info","message":"✅ [getAllUsers] Service response received","responseCode":200,"timestamp":"2026-06-06 15:39:44"}
{"body":{},"level":"info","message":"📥 [getAllUsers] Incoming request","query":{"pageIndex":"0","pageSize":"10"},"timestamp":"2026-06-06 15:40:54"}
{"level":"info","message":"🔍 [getAllUsers] Parsed filters","pageIndex":0,"pageSize":10,"searchText":"","timestamp":"2026-06-06 15:40:54"}
{"level":"info","message":"getAllUsers called","pageIndex":0,"pageSize":10,"searchText":"","timestamp":"2026-06-06 15:40:54"}
{"level":"info","message":"Fetching all users without search filter","timestamp":"2026-06-06 15:40:54"}
{"level":"info","message":"Pagination applied: skip=0, limit=10","timestamp":"2026-06-06 15:40:54"}
{"level":"info","message":"✅ Found 5 users","timestamp":"2026-06-06 15:40:54"}
{"level":"info","message":"✅ [getAllUsers] Service response received","responseCode":200,"timestamp":"2026-06-06 15:40:54"}
{"body":{},"level":"info","message":"📥 [getAllUsers] Incoming request","query":{"pageIndex":"0","pageSize":"10"},"timestamp":"2026-06-06 15:41:57"}
{"level":"info","message":"🔍 [getAllUsers] Parsed filters","pageIndex":0,"pageSize":10,"searchText":"","timestamp":"2026-06-06 15:41:57"}
{"level":"info","message":"getAllUsers called","pageIndex":0,"pageSize":10,"searchText":"","timestamp":"2026-06-06 15:41:57"}
{"level":"info","message":"Fetching all users without search filter","timestamp":"2026-06-06 15:41:57"}
{"level":"info","message":"Pagination applied: skip=0, limit=10","timestamp":"2026-06-06 15:41:57"}
{"level":"info","message":"✅ Found 5 users","timestamp":"2026-06-06 15:41:57"}
{"level":"info","message":"✅ [getAllUsers] Service response received","responseCode":200,"timestamp":"2026-06-06 15:41:57"}
{"body":{},"level":"info","message":"📥 [getAllUsers] Incoming request","query":{"pageIndex":"0","pageSize":"10"},"timestamp":"2026-06-06 15:42:47"}
{"level":"info","message":"🔍 [getAllUsers] Parsed filters","pageIndex":0,"pageSize":10,"searchText":"","timestamp":"2026-06-06 15:42:47"}
{"level":"info","message":"getAllUsers called","pageIndex":0,"pageSize":10,"searchText":"","timestamp":"2026-06-06 15:42:47"}
{"level":"info","message":"Fetching all users without search filter","timestamp":"2026-06-06 15:42:47"}
{"level":"info","message":"Pagination applied: skip=0, limit=10","timestamp":"2026-06-06 15:42:47"}
{"level":"info","message":"✅ Found 5 users","timestamp":"2026-06-06 15:42:47"}
{"level":"info","message":"✅ [getAllUsers] Service response received","responseCode":200,"timestamp":"2026-06-06 15:42:47"}
{"body":{},"level":"info","message":"📥 [getAllUsers] Incoming request","query":{"pageIndex":"0","pageSize":"10"},"timestamp":"2026-06-06 15:42:51"}
{"level":"info","message":"🔍 [getAllUsers] Parsed filters","pageIndex":0,"pageSize":10,"searchText":"","timestamp":"2026-06-06 15:42:51"}
{"level":"info","message":"getAllUsers called","pageIndex":0,"pageSize":10,"searchText":"","timestamp":"2026-06-06 15:42:51"}
{"level":"info","message":"Fetching all users without search filter","timestamp":"2026-06-06 15:42:51"}
{"level":"info","message":"Pagination applied: skip=0, limit=10","timestamp":"2026-06-06 15:42:51"}
{"level":"info","message":"✅ Found 5 users","timestamp":"2026-06-06 15:42:51"}
{"level":"info","message":"✅ [getAllUsers] Service response received","responseCode":200,"timestamp":"2026-06-06 15:42:51"}
{"body":{},"level":"info","message":"📥 [getAllUsers] Incoming request","query":{"pageIndex":"0","pageSize":"10"},"timestamp":"2026-06-06 15:43:25"}
{"level":"info","message":"🔍 [getAllUsers] Parsed filters","pageIndex":0,"pageSize":10,"searchText":"","timestamp":"2026-06-06 15:43:25"}
{"level":"info","message":"getAllUsers called","pageIndex":0,"pageSize":10,"searchText":"","timestamp":"2026-06-06 15:43:25"}
{"level":"info","message":"Fetching all users without search filter","timestamp":"2026-06-06 15:43:25"}
{"level":"info","message":"Pagination applied: skip=0, limit=10","timestamp":"2026-06-06 15:43:25"}
{"level":"info","message":"✅ Found 5 users","timestamp":"2026-06-06 15:43:25"}
{"level":"info","message":"✅ [getAllUsers] Service response received","responseCode":200,"timestamp":"2026-06-06 15:43:25"}
{"body":{},"level":"info","message":"📥 [getAllUsers] Incoming request","query":{"pageIndex":"0","pageSize":"10"},"timestamp":"2026-06-06 15:43:59"}
{"level":"info","message":"🔍 [getAllUsers] Parsed filters","pageIndex":0,"pageSize":10,"searchText":"","timestamp":"2026-06-06 15:43:59"}
{"level":"info","message":"getAllUsers called","pageIndex":0,"pageSize":10,"searchText":"","timestamp":"2026-06-06 15:43:59"}
{"level":"info","message":"Fetching all users without search filter","timestamp":"2026-06-06 15:43:59"}
{"level":"info","message":"Pagination applied: skip=0, limit=10","timestamp":"2026-06-06 15:43:59"}
{"level":"info","message":"✅ Found 5 users","timestamp":"2026-06-06 15:43:59"}
{"level":"info","message":"✅ [getAllUsers] Service response received","responseCode":200,"timestamp":"2026-06-06 15:43:59"}
{"body":{},"level":"info","message":"📥 [getAllUsers] Incoming request","query":{"pageIndex":"0","pageSize":"10"},"timestamp":"2026-06-06 15:44:35"}
{"level":"info","message":"🔍 [getAllUsers] Parsed filters","pageIndex":0,"pageSize":10,"searchText":"","timestamp":"2026-06-06 15:44:35"}
{"level":"info","message":"getAllUsers called","pageIndex":0,"pageSize":10,"searchText":"","timestamp":"2026-06-06 15:44:35"}
{"level":"info","message":"Fetching all users without search filter","timestamp":"2026-06-06 15:44:35"}
{"level":"info","message":"Pagination applied: skip=0, limit=10","timestamp":"2026-06-06 15:44:35"}
{"level":"info","message":"✅ Found 5 users","timestamp":"2026-06-06 15:44:35"}
{"level":"info","message":"✅ [getAllUsers] Service response received","responseCode":200,"timestamp":"2026-06-06 15:44:35"}
{"body":{},"level":"info","message":"📥 [getAllUsers] Incoming request","query":{"pageIndex":"0","pageSize":"10"},"timestamp":"2026-06-06 15:45:06"}
{"level":"info","message":"🔍 [getAllUsers] Parsed filters","pageIndex":0,"pageSize":10,"searchText":"","timestamp":"2026-06-06 15:45:06"}
{"level":"info","message":"getAllUsers called","pageIndex":0,"pageSize":10,"searchText":"","timestamp":"2026-06-06 15:45:06"}
{"level":"info","message":"Fetching all users without search filter","timestamp":"2026-06-06 15:45:06"}
{"level":"info","message":"Pagination applied: skip=0, limit=10","timestamp":"2026-06-06 15:45:06"}
{"level":"info","message":"✅ Found 5 users","timestamp":"2026-06-06 15:45:06"}
{"level":"info","message":"✅ [getAllUsers] Service response received","responseCode":200,"timestamp":"2026-06-06 15:45:06"}
{"body":{},"level":"info","message":"📥 [getAllUsers] Incoming request","query":{"pageIndex":"0","pageSize":"10"},"timestamp":"2026-06-06 15:45:48"}
{"level":"info","message":"🔍 [getAllUsers] Parsed filters","pageIndex":0,"pageSize":10,"searchText":"","timestamp":"2026-06-06 15:45:48"}
{"level":"info","message":"getAllUsers called","pageIndex":0,"pageSize":10,"searchText":"","timestamp":"2026-06-06 15:45:48"}
{"level":"info","message":"Fetching all users without search filter","timestamp":"2026-06-06 15:45:48"}
{"level":"info","message":"Pagination applied: skip=0, limit=10","timestamp":"2026-06-06 15:45:48"}
{"level":"info","message":"✅ Found 5 users","timestamp":"2026-06-06 15:45:48"}
{"level":"info","message":"✅ [getAllUsers] Service response received","responseCode":200,"timestamp":"2026-06-06 15:45:48"}
{"body":{},"level":"info","message":"📥 [getAllUsers] Incoming request","query":{"pageIndex":"0","pageSize":"10"},"timestamp":"2026-06-06 15:48:13"}
{"level":"info","message":"🔍 [getAllUsers] Parsed filters","pageIndex":0,"pageSize":10,"searchText":"","timestamp":"2026-06-06 15:48:13"}
{"level":"info","message":"getAllUsers called","pageIndex":0,"pageSize":10,"searchText":"","timestamp":"2026-06-06 15:48:13"}
{"level":"info","message":"Fetching all users without search filter","timestamp":"2026-06-06 15:48:13"}
{"level":"info","message":"Pagination applied: skip=0, limit=10","timestamp":"2026-06-06 15:48:13"}
{"level":"info","message":"✅ Found 5 users","timestamp":"2026-06-06 15:48:13"}
{"level":"info","message":"✅ [getAllUsers] Service response received","responseCode":200,"timestamp":"2026-06-06 15:48:13"}
{"body":{},"level":"info","message":"📥 [getAllUsers] Incoming request","query":{"pageIndex":"0","pageSize":"10"},"timestamp":"2026-06-06 15:49:15"}
{"level":"info","message":"🔍 [getAllUsers] Parsed filters","pageIndex":0,"pageSize":10,"searchText":"","timestamp":"2026-06-06 15:49:15"}
{"level":"info","message":"getAllUsers called","pageIndex":0,"pageSize":10,"searchText":"","timestamp":"2026-06-06 15:49:15"}
{"level":"info","message":"Fetching all users without search filter","timestamp":"2026-06-06 15:49:15"}
{"level":"info","message":"Pagination applied: skip=0, limit=10","timestamp":"2026-06-06 15:49:15"}
{"level":"info","message":"✅ Found 5 users","timestamp":"2026-06-06 15:49:15"}
{"level":"info","message":"✅ [getAllUsers] Service response received","responseCode":200,"timestamp":"2026-06-06 15:49:15"}
{"body":{},"level":"info","message":"📥 [getAllUsers] Incoming request","query":{"pageIndex":"0","pageSize":"10"},"timestamp":"2026-06-06 15:49:52"}
{"level":"info","message":"🔍 [getAllUsers] Parsed filters","pageIndex":0,"pageSize":10,"searchText":"","timestamp":"2026-06-06 15:49:52"}
{"level":"info","message":"getAllUsers called","pageIndex":0,"pageSize":10,"searchText":"","timestamp":"2026-06-06 15:49:52"}
{"level":"info","message":"Fetching all users without search filter","timestamp":"2026-06-06 15:49:52"}
{"level":"info","message":"Pagination applied: skip=0, limit=10","timestamp":"2026-06-06 15:49:52"}
{"level":"info","message":"✅ Found 5 users","timestamp":"2026-06-06 15:49:52"}
{"level":"info","message":"✅ [getAllUsers] Service response received","responseCode":200,"timestamp":"2026-06-06 15:49:52"}
{"body":{},"level":"info","message":"📥 [getAllUsers] Incoming request","query":{"pageIndex":"0","pageSize":"10"},"timestamp":"2026-06-06 15:49:56"}
{"level":"info","message":"🔍 [getAllUsers] Parsed filters","pageIndex":0,"pageSize":10,"searchText":"","timestamp":"2026-06-06 15:49:56"}
{"level":"info","message":"getAllUsers called","pageIndex":0,"pageSize":10,"searchText":"","timestamp":"2026-06-06 15:49:56"}
{"level":"info","message":"Fetching all users without search filter","timestamp":"2026-06-06 15:49:56"}
{"level":"info","message":"Pagination applied: skip=0, limit=10","timestamp":"2026-06-06 15:49:56"}
{"level":"info","message":"✅ Found 5 users","timestamp":"2026-06-06 15:49:56"}
{"level":"info","message":"✅ [getAllUsers] Service response received","responseCode":200,"timestamp":"2026-06-06 15:49:56"}
{"body":{},"level":"info","message":"📥 [getAllUsers] Incoming request","query":{"pageIndex":"0","pageSize":"10"},"timestamp":"2026-06-06 15:50:35"}
{"level":"info","message":"🔍 [getAllUsers] Parsed filters","pageIndex":0,"pageSize":10,"searchText":"","timestamp":"2026-06-06 15:50:35"}
{"level":"info","message":"getAllUsers called","pageIndex":0,"pageSize":10,"searchText":"","timestamp":"2026-06-06 15:50:35"}
{"level":"info","message":"Fetching all users without search filter","timestamp":"2026-06-06 15:50:35"}
{"level":"info","message":"Pagination applied: skip=0, limit=10","timestamp":"2026-06-06 15:50:35"}
{"level":"info","message":"✅ Found 5 users","timestamp":"2026-06-06 15:50:35"}
{"level":"info","message":"✅ [getAllUsers] Service response received","responseCode":200,"timestamp":"2026-06-06 15:50:35"}
{"level":"info","message":"🎯 getAllModule request received","pageIndex":0,"pageSize":100,"timestamp":"2026-06-06 15:50:39"}
{"level":"info","message":"getAllModule called","pageIndex":0,"pageSize":100,"timestamp":"2026-06-06 15:50:39"}
{"level":"info","message":"Fetching modules with pagination pageIndex=0, pageSize=100","timestamp":"2026-06-06 15:50:39"}
{"level":"info","message":"Fetching all modules without search","timestamp":"2026-06-06 15:50:39"}
{"level":"info","message":"✅ Found 6 modules","timestamp":"2026-06-06 15:50:39"}
{"count":0,"level":"info","message":"✅ getAllModule response","timestamp":"2026-06-06 15:50:39"}
{"level":"info","message":"🎯 getAllModule request received","pageIndex":0,"pageSize":100,"timestamp":"2026-06-06 15:51:25"}
{"level":"info","message":"getAllModule called","pageIndex":0,"pageSize":100,"timestamp":"2026-06-06 15:51:25"}
{"level":"info","message":"Fetching modules with pagination pageIndex=0, pageSize=100","timestamp":"2026-06-06 15:51:25"}
{"level":"info","message":"Fetching all modules without search","timestamp":"2026-06-06 15:51:25"}
{"level":"info","message":"✅ Found 6 modules","timestamp":"2026-06-06 15:51:25"}
{"count":0,"level":"info","message":"✅ getAllModule response","timestamp":"2026-06-06 15:51:25"}
{"level":"info","message":"🎯 getAllModule request received","pageIndex":0,"pageSize":100,"timestamp":"2026-06-06 15:53:01"}
{"level":"info","message":"getAllModule called","pageIndex":0,"pageSize":100,"timestamp":"2026-06-06 15:53:01"}
{"level":"info","message":"Fetching modules with pagination pageIndex=0, pageSize=100","timestamp":"2026-06-06 15:53:01"}
{"level":"info","message":"Fetching all modules without search","timestamp":"2026-06-06 15:53:01"}
{"level":"info","message":"✅ Found 6 modules","timestamp":"2026-06-06 15:53:01"}
{"count":0,"level":"info","message":"✅ getAllModule response","timestamp":"2026-06-06 15:53:01"}
{"level":"info","message":"🎯 getAllModule request received","pageIndex":0,"pageSize":100,"timestamp":"2026-06-06 15:53:42"}
{"level":"info","message":"getAllModule called","pageIndex":0,"pageSize":100,"timestamp":"2026-06-06 15:53:42"}
{"level":"info","message":"Fetching modules with pagination pageIndex=0, pageSize=100","timestamp":"2026-06-06 15:53:42"}
{"level":"info","message":"Fetching all modules without search","timestamp":"2026-06-06 15:53:42"}
{"level":"info","message":"✅ Found 6 modules","timestamp":"2026-06-06 15:53:42"}
{"count":0,"level":"info","message":"✅ getAllModule response","timestamp":"2026-06-06 15:53:42"}
{"level":"info","message":"🎯 getAllModule request received","pageIndex":0,"pageSize":100,"timestamp":"2026-06-06 15:54:13"}
{"level":"info","message":"getAllModule called","pageIndex":0,"pageSize":100,"timestamp":"2026-06-06 15:54:13"}
{"level":"info","message":"Fetching modules with pagination pageIndex=0, pageSize=100","timestamp":"2026-06-06 15:54:13"}
{"level":"info","message":"Fetching all modules without search","timestamp":"2026-06-06 15:54:13"}
{"level":"info","message":"✅ Found 6 modules","timestamp":"2026-06-06 15:54:13"}
{"count":0,"level":"info","message":"✅ getAllModule response","timestamp":"2026-06-06 15:54:13"}
{"level":"info","message":"🎯 getAllModule request received","pageIndex":0,"pageSize":100,"timestamp":"2026-06-06 15:56:17"}
{"level":"info","message":"getAllModule called","pageIndex":0,"pageSize":100,"timestamp":"2026-06-06 15:56:17"}
{"level":"info","message":"Fetching modules with pagination pageIndex=0, pageSize=100","timestamp":"2026-06-06 15:56:17"}
{"level":"info","message":"Fetching all modules without search","timestamp":"2026-06-06 15:56:17"}
{"level":"info","message":"✅ Found 6 modules","timestamp":"2026-06-06 15:56:17"}
{"count":0,"level":"info","message":"✅ getAllModule response","timestamp":"2026-06-06 15:56:17"}
{"level":"info","message":"🎯 getAllModule request received","pageIndex":0,"pageSize":100,"timestamp":"2026-06-06 15:57:15"}
{"level":"info","message":"getAllModule called","pageIndex":0,"pageSize":100,"timestamp":"2026-06-06 15:57:15"}
{"level":"info","message":"Fetching modules with pagination pageIndex=0, pageSize=100","timestamp":"2026-06-06 15:57:15"}
{"level":"info","message":"Fetching all modules without search","timestamp":"2026-06-06 15:57:15"}
{"level":"info","message":"✅ Found 6 modules","timestamp":"2026-06-06 15:57:15"}
{"count":0,"level":"info","message":"✅ getAllModule response","timestamp":"2026-06-06 15:57:15"}
{"body":{},"level":"info","message":"📥 [getAllUsers] Incoming request","query":{"pageIndex":"0","pageSize":"10"},"timestamp":"2026-06-06 15:57:38"}
{"level":"info","message":"🔍 [getAllUsers] Parsed filters","pageIndex":0,"pageSize":10,"searchText":"","timestamp":"2026-06-06 15:57:38"}
{"level":"info","message":"getAllUsers called","pageIndex":0,"pageSize":10,"searchText":"","timestamp":"2026-06-06 15:57:38"}
{"level":"info","message":"Fetching all users without search filter","timestamp":"2026-06-06 15:57:38"}
{"level":"info","message":"Pagination applied: skip=0, limit=10","timestamp":"2026-06-06 15:57:38"}
{"level":"info","message":"✅ Found 5 users","timestamp":"2026-06-06 15:57:38"}
{"level":"info","message":"✅ [getAllUsers] Service response received","responseCode":200,"timestamp":"2026-06-06 15:57:38"}
{"body":{},"level":"info","message":"📥 [getAllUsers] Incoming request","query":{"pageIndex":"0","pageSize":"10"},"timestamp":"2026-06-06 15:58:32"}
{"level":"info","message":"🔍 [getAllUsers] Parsed filters","pageIndex":0,"pageSize":10,"searchText":"","timestamp":"2026-06-06 15:58:32"}
{"level":"info","message":"getAllUsers called","pageIndex":0,"pageSize":10,"searchText":"","timestamp":"2026-06-06 15:58:32"}
{"level":"info","message":"Fetching all users without search filter","timestamp":"2026-06-06 15:58:32"}
{"level":"info","message":"Pagination applied: skip=0, limit=10","timestamp":"2026-06-06 15:58:32"}
{"level":"info","message":"✅ Found 5 users","timestamp":"2026-06-06 15:58:32"}
{"level":"info","message":"✅ [getAllUsers] Service response received","responseCode":200,"timestamp":"2026-06-06 15:58:32"}
{"body":{},"level":"info","message":"📥 [getAllUsers] Incoming request","query":{"pageIndex":"0","pageSize":"10"},"timestamp":"2026-06-06 15:59:12"}
{"level":"info","message":"🔍 [getAllUsers] Parsed filters","pageIndex":0,"pageSize":10,"searchText":"","timestamp":"2026-06-06 15:59:12"}
{"level":"info","message":"getAllUsers called","pageIndex":0,"pageSize":10,"searchText":"","timestamp":"2026-06-06 15:59:12"}
{"level":"info","message":"Fetching all users without search filter","timestamp":"2026-06-06 15:59:12"}
{"level":"info","message":"Pagination applied: skip=0, limit=10","timestamp":"2026-06-06 15:59:12"}
{"level":"info","message":"✅ Found 5 users","timestamp":"2026-06-06 15:59:13"}
{"level":"info","message":"✅ [getAllUsers] Service response received","responseCode":200,"timestamp":"2026-06-06 15:59:13"}
{"body":{},"level":"info","message":"📥 [getAllUsers] Incoming request","query":{"pageIndex":"0","pageSize":"10"},"timestamp":"2026-06-06 15:59:46"}
{"level":"info","message":"🔍 [getAllUsers] Parsed filters","pageIndex":0,"pageSize":10,"searchText":"","timestamp":"2026-06-06 15:59:46"}
{"level":"info","message":"getAllUsers called","pageIndex":0,"pageSize":10,"searchText":"","timestamp":"2026-06-06 15:59:46"}
{"level":"info","message":"Fetching all users without search filter","timestamp":"2026-06-06 15:59:46"}
{"level":"info","message":"Pagination applied: skip=0, limit=10","timestamp":"2026-06-06 15:59:46"}
{"level":"info","message":"✅ Found 5 users","timestamp":"2026-06-06 15:59:46"}
{"level":"info","message":"✅ [getAllUsers] Service response received","responseCode":200,"timestamp":"2026-06-06 15:59:46"}
{"level":"info","message":"🎯 getAllModule request received","pageIndex":0,"pageSize":100,"timestamp":"2026-06-06 15:59:59"}
{"level":"info","message":"getAllModule called","pageIndex":0,"pageSize":100,"timestamp":"2026-06-06 15:59:59"}
{"level":"info","message":"Fetching modules with pagination pageIndex=0, pageSize=100","timestamp":"2026-06-06 15:59:59"}
{"level":"info","message":"Fetching all modules without search","timestamp":"2026-06-06 15:59:59"}
{"level":"info","message":"✅ Found 6 modules","timestamp":"2026-06-06 15:59:59"}
{"count":0,"level":"info","message":"✅ getAllModule response","timestamp":"2026-06-06 15:59:59"}
{"body":{},"level":"info","message":"📥 [getAllUsers] Incoming request","query":{"pageIndex":"0","pageSize":"10"},"timestamp":"2026-06-06 16:01:38"}
{"level":"info","message":"🔍 [getAllUsers] Parsed filters","pageIndex":0,"pageSize":10,"searchText":"","timestamp":"2026-06-06 16:01:38"}
{"level":"info","message":"getAllUsers called","pageIndex":0,"pageSize":10,"searchText":"","timestamp":"2026-06-06 16:01:38"}
{"level":"info","message":"Fetching all users without search filter","timestamp":"2026-06-06 16:01:38"}
{"level":"info","message":"Pagination applied: skip=0, limit=10","timestamp":"2026-06-06 16:01:38"}
{"level":"info","message":"✅ Found 5 users","timestamp":"2026-06-06 16:01:38"}
{"level":"info","message":"✅ [getAllUsers] Service response received","responseCode":200,"timestamp":"2026-06-06 16:01:38"}
{"level":"info","message":"getProfile: id=6a23d67427aacde7b0f450fb","timestamp":"2026-06-06 16:01:45"}
{"body":{},"level":"info","message":"📥 [getAllUsers] Incoming request","query":{"pageIndex":"0","pageSize":"10"},"timestamp":"2026-06-06 16:02:10"}
{"level":"info","message":"🔍 [getAllUsers] Parsed filters","pageIndex":0,"pageSize":10,"searchText":"","timestamp":"2026-06-06 16:02:10"}
{"level":"info","message":"getAllUsers called","pageIndex":0,"pageSize":10,"searchText":"","timestamp":"2026-06-06 16:02:10"}
{"level":"info","message":"Fetching all users without search filter","timestamp":"2026-06-06 16:02:10"}
{"level":"info","message":"Pagination applied: skip=0, limit=10","timestamp":"2026-06-06 16:02:10"}
{"level":"info","message":"✅ Found 5 users","timestamp":"2026-06-06 16:02:10"}
{"level":"info","message":"✅ [getAllUsers] Service response received","responseCode":200,"timestamp":"2026-06-06 16:02:10"}
{"level":"info","message":"getProfile: id=6a23d67427aacde7b0f450fb","timestamp":"2026-06-06 16:02:45"}
{"body":{},"level":"info","message":"📥 [getAllUsers] Incoming request","query":{"pageIndex":"0","pageSize":"10"},"timestamp":"2026-06-06 16:02:45"}
{"level":"info","message":"🔍 [getAllUsers] Parsed filters","pageIndex":0,"pageSize":10,"searchText":"","timestamp":"2026-06-06 16:02:45"}
{"level":"info","message":"getAllUsers called","pageIndex":0,"pageSize":10,"searchText":"","timestamp":"2026-06-06 16:02:45"}
{"level":"info","message":"Fetching all users without search filter","timestamp":"2026-06-06 16:02:45"}
{"level":"info","message":"Pagination applied: skip=0, limit=10","timestamp":"2026-06-06 16:02:45"}
{"level":"info","message":"✅ Found 5 users","timestamp":"2026-06-06 16:02:45"}
{"level":"info","message":"✅ [getAllUsers] Service response received","responseCode":200,"timestamp":"2026-06-06 16:02:45"}
{"body":{},"level":"info","message":"📥 [getAllUsers] Incoming request","query":{"pageIndex":"0","pageSize":"10"},"timestamp":"2026-06-06 16:04:08"}
{"level":"info","message":"🔍 [getAllUsers] Parsed filters","pageIndex":0,"pageSize":10,"searchText":"","timestamp":"2026-06-06 16:04:08"}
{"level":"info","message":"getAllUsers called","pageIndex":0,"pageSize":10,"searchText":"","timestamp":"2026-06-06 16:04:08"}
{"level":"info","message":"Fetching all users without search filter","timestamp":"2026-06-06 16:04:08"}
{"level":"info","message":"Pagination applied: skip=0, limit=10","timestamp":"2026-06-06 16:04:08"}
{"level":"info","message":"getProfile: id=6a23d67427aacde7b0f450fb","timestamp":"2026-06-06 16:04:08"}
{"level":"info","message":"✅ Found 5 users","timestamp":"2026-06-06 16:04:08"}
{"level":"info","message":"✅ [getAllUsers] Service response received","responseCode":200,"timestamp":"2026-06-06 16:04:08"}
{"body":{},"level":"info","message":"📥 [getAllUsers] Incoming request","query":{"pageIndex":"0","pageSize":"10"},"timestamp":"2026-06-06 16:05:55"}
{"level":"info","message":"🔍 [getAllUsers] Parsed filters","pageIndex":0,"pageSize":10,"searchText":"","timestamp":"2026-06-06 16:05:55"}
{"level":"info","message":"getAllUsers called","pageIndex":0,"pageSize":10,"searchText":"","timestamp":"2026-06-06 16:05:55"}
{"level":"info","message":"Fetching all users without search filter","timestamp":"2026-06-06 16:05:55"}
{"level":"info","message":"Pagination applied: skip=0, limit=10","timestamp":"2026-06-06 16:05:55"}
{"level":"info","message":"getProfile: id=6a23d67427aacde7b0f450fb","timestamp":"2026-06-06 16:05:55"}
{"level":"info","message":"✅ Found 5 users","timestamp":"2026-06-06 16:05:55"}
{"level":"info","message":"✅ [getAllUsers] Service response received","responseCode":200,"timestamp":"2026-06-06 16:05:55"}
{"level":"info","message":"getProfile: id=6a23d67427aacde7b0f450fb","timestamp":"2026-06-06 16:06:27"}
{"body":{},"level":"info","message":"📥 [getAllUsers] Incoming request","query":{"pageIndex":"0","pageSize":"10"},"timestamp":"2026-06-06 16:06:27"}
{"level":"info","message":"🔍 [getAllUsers] Parsed filters","pageIndex":0,"pageSize":10,"searchText":"","timestamp":"2026-06-06 16:06:27"}
{"level":"info","message":"getAllUsers called","pageIndex":0,"pageSize":10,"searchText":"","timestamp":"2026-06-06 16:06:27"}
{"level":"info","message":"Fetching all users without search filter","timestamp":"2026-06-06 16:06:27"}
{"level":"info","message":"Pagination applied: skip=0, limit=10","timestamp":"2026-06-06 16:06:27"}
{"level":"info","message":"✅ Found 5 users","timestamp":"2026-06-06 16:06:27"}
{"level":"info","message":"✅ [getAllUsers] Service response received","responseCode":200,"timestamp":"2026-06-06 16:06:27"}
{"level":"info","message":"getProfile: id=6a23d67427aacde7b0f450fb","timestamp":"2026-06-06 16:07:03"}
{"body":{},"level":"info","message":"📥 [getAllUsers] Incoming request","query":{"pageIndex":"0","pageSize":"10"},"timestamp":"2026-06-06 16:07:03"}
{"level":"info","message":"🔍 [getAllUsers] Parsed filters","pageIndex":0,"pageSize":10,"searchText":"","timestamp":"2026-06-06 16:07:03"}
{"level":"info","message":"getAllUsers called","pageIndex":0,"pageSize":10,"searchText":"","timestamp":"2026-06-06 16:07:03"}
{"level":"info","message":"Fetching all users without search filter","timestamp":"2026-06-06 16:07:03"}
{"level":"info","message":"Pagination applied: skip=0, limit=10","timestamp":"2026-06-06 16:07:03"}
{"level":"info","message":"✅ Found 5 users","timestamp":"2026-06-06 16:07:03"}
{"level":"info","message":"✅ [getAllUsers] Service response received","responseCode":200,"timestamp":"2026-06-06 16:07:03"}
{"level":"info","message":"getProfile: id=6a23d67427aacde7b0f450fb","timestamp":"2026-06-06 16:09:06"}
{"body":{},"level":"info","message":"📥 [getAllUsers] Incoming request","query":{"pageIndex":"0","pageSize":"10"},"timestamp":"2026-06-06 16:09:06"}
{"level":"info","message":"🔍 [getAllUsers] Parsed filters","pageIndex":0,"pageSize":10,"searchText":"","timestamp":"2026-06-06 16:09:06"}
{"level":"info","message":"getAllUsers called","pageIndex":0,"pageSize":10,"searchText":"","timestamp":"2026-06-06 16:09:06"}
{"level":"info","message":"Fetching all users without search filter","timestamp":"2026-06-06 16:09:06"}
{"level":"info","message":"Pagination applied: skip=0, limit=10","timestamp":"2026-06-06 16:09:06"}
{"level":"info","message":"✅ Found 5 users","timestamp":"2026-06-06 16:09:06"}
{"level":"info","message":"✅ [getAllUsers] Service response received","responseCode":200,"timestamp":"2026-06-06 16:09:06"}
{"body":{},"level":"info","message":"📥 [getAllUsers] Incoming request","query":{"pageIndex":"0","pageSize":"10"},"timestamp":"2026-06-06 16:10:09"}
{"level":"info","message":"🔍 [getAllUsers] Parsed filters","pageIndex":0,"pageSize":10,"searchText":"","timestamp":"2026-06-06 16:10:09"}
{"level":"info","message":"getAllUsers called","pageIndex":0,"pageSize":10,"searchText":"","timestamp":"2026-06-06 16:10:09"}
{"level":"info","message":"Fetching all users without search filter","timestamp":"2026-06-06 16:10:09"}
{"level":"info","message":"Pagination applied: skip=0, limit=10","timestamp":"2026-06-06 16:10:09"}
{"level":"info","message":"getProfile: id=6a23d67427aacde7b0f450fb","timestamp":"2026-06-06 16:10:09"}
{"level":"info","message":"✅ Found 5 users","timestamp":"2026-06-06 16:10:09"}
{"level":"info","message":"✅ [getAllUsers] Service response received","responseCode":200,"timestamp":"2026-06-06 16:10:09"}
{"body":{},"level":"info","message":"📥 [getAllUsers] Incoming request","query":{"pageIndex":"0","pageSize":"10"},"timestamp":"2026-06-06 16:11:55"}
{"level":"info","message":"🔍 [getAllUsers] Parsed filters","pageIndex":0,"pageSize":10,"searchText":"","timestamp":"2026-06-06 16:11:55"}
{"level":"info","message":"getAllUsers called","pageIndex":0,"pageSize":10,"searchText":"","timestamp":"2026-06-06 16:11:55"}
{"level":"info","message":"Fetching all users without search filter","timestamp":"2026-06-06 16:11:55"}
{"level":"info","message":"Pagination applied: skip=0, limit=10","timestamp":"2026-06-06 16:11:55"}
{"level":"info","message":"✅ Found 5 users","timestamp":"2026-06-06 16:11:55"}
{"level":"info","message":"✅ [getAllUsers] Service response received","responseCode":200,"timestamp":"2026-06-06 16:11:55"}
{"body":{},"level":"info","message":"📥 [getAllUsers] Incoming request","query":{"pageIndex":"0","pageSize":"10"},"timestamp":"2026-06-06 16:12:37"}
{"level":"info","message":"🔍 [getAllUsers] Parsed filters","pageIndex":0,"pageSize":10,"searchText":"","timestamp":"2026-06-06 16:12:37"}
{"level":"info","message":"getAllUsers called","pageIndex":0,"pageSize":10,"searchText":"","timestamp":"2026-06-06 16:12:37"}
{"level":"info","message":"Fetching all users without search filter","timestamp":"2026-06-06 16:12:37"}
{"level":"info","message":"Pagination applied: skip=0, limit=10","timestamp":"2026-06-06 16:12:37"}
{"level":"info","message":"✅ Found 5 users","timestamp":"2026-06-06 16:12:37"}
{"level":"info","message":"✅ [getAllUsers] Service response received","responseCode":200,"timestamp":"2026-06-06 16:12:37"}
{"body":{},"level":"info","message":"📥 [getAllUsers] Incoming request","query":{"pageIndex":"0","pageSize":"10"},"timestamp":"2026-06-06 16:14:42"}
{"level":"info","message":"🔍 [getAllUsers] Parsed filters","pageIndex":0,"pageSize":10,"searchText":"","timestamp":"2026-06-06 16:14:42"}
{"level":"info","message":"getAllUsers called","pageIndex":0,"pageSize":10,"searchText":"","timestamp":"2026-06-06 16:14:42"}
{"level":"info","message":"Fetching all users without search filter","timestamp":"2026-06-06 16:14:42"}
{"level":"info","message":"Pagination applied: skip=0, limit=10","timestamp":"2026-06-06 16:14:42"}
{"level":"info","message":"✅ Found 5 users","timestamp":"2026-06-06 16:14:42"}
{"level":"info","message":"✅ [getAllUsers] Service response received","responseCode":200,"timestamp":"2026-06-06 16:14:42"}
{"body":{},"level":"info","message":"📥 [getAllUsers] Incoming request","query":{"pageIndex":"0","pageSize":"10"},"timestamp":"2026-06-06 16:15:43"}
{"level":"info","message":"🔍 [getAllUsers] Parsed filters","pageIndex":0,"pageSize":10,"searchText":"","timestamp":"2026-06-06 16:15:43"}
{"level":"info","message":"getAllUsers called","pageIndex":0,"pageSize":10,"searchText":"","timestamp":"2026-06-06 16:15:43"}
{"level":"info","message":"Fetching all users without search filter","timestamp":"2026-06-06 16:15:43"}
{"level":"info","message":"Pagination applied: skip=0, limit=10","timestamp":"2026-06-06 16:15:43"}
{"level":"info","message":"✅ Found 5 users","timestamp":"2026-06-06 16:15:43"}
{"level":"info","message":"✅ [getAllUsers] Service response received","responseCode":200,"timestamp":"2026-06-06 16:15:43"}
{"level":"info","message":"getProfile: id=6a23d67427aacde7b0f450fb","timestamp":"2026-06-06 16:15:48"}
{"body":{},"level":"info","message":"📥 [getAllUsers] Incoming request","query":{"pageIndex":"0","pageSize":"10"},"timestamp":"2026-06-06 16:16:47"}
{"level":"info","message":"🔍 [getAllUsers] Parsed filters","pageIndex":0,"pageSize":10,"searchText":"","timestamp":"2026-06-06 16:16:47"}
{"level":"info","message":"getAllUsers called","pageIndex":0,"pageSize":10,"searchText":"","timestamp":"2026-06-06 16:16:47"}
{"level":"info","message":"Fetching all users without search filter","timestamp":"2026-06-06 16:16:47"}
{"level":"info","message":"Pagination applied: skip=0, limit=10","timestamp":"2026-06-06 16:16:47"}
{"level":"info","message":"✅ Found 5 users","timestamp":"2026-06-06 16:16:47"}
{"level":"info","message":"✅ [getAllUsers] Service response received","responseCode":200,"timestamp":"2026-06-06 16:16:47"}
{"level":"info","message":"getProfile: id=6a23d67427aacde7b0f450fb","timestamp":"2026-06-06 16:16:50"}
{"body":{},"level":"info","message":"📥 [getAllUsers] Incoming request","query":{"pageIndex":"0","pageSize":"10"},"timestamp":"2026-06-06 16:17:21"}
{"level":"info","message":"🔍 [getAllUsers] Parsed filters","pageIndex":0,"pageSize":10,"searchText":"","timestamp":"2026-06-06 16:17:21"}
{"level":"info","message":"getAllUsers called","pageIndex":0,"pageSize":10,"searchText":"","timestamp":"2026-06-06 16:17:21"}
{"level":"info","message":"Fetching all users without search filter","timestamp":"2026-06-06 16:17:21"}
{"level":"info","message":"Pagination applied: skip=0, limit=10","timestamp":"2026-06-06 16:17:21"}
{"level":"info","message":"getProfile: id=6a23d67427aacde7b0f450fb","timestamp":"2026-06-06 16:17:21"}
{"level":"info","message":"✅ Found 5 users","timestamp":"2026-06-06 16:17:21"}
{"level":"info","message":"✅ [getAllUsers] Service response received","responseCode":200,"timestamp":"2026-06-06 16:17:21"}
{"body":{},"level":"info","message":"📥 [getAllUsers] Incoming request","query":{"pageIndex":"0","pageSize":"10"},"timestamp":"2026-06-06 16:17:53"}
{"level":"info","message":"🔍 [getAllUsers] Parsed filters","pageIndex":0,"pageSize":10,"searchText":"","timestamp":"2026-06-06 16:17:53"}
{"level":"info","message":"getAllUsers called","pageIndex":0,"pageSize":10,"searchText":"","timestamp":"2026-06-06 16:17:53"}
{"level":"info","message":"Fetching all users without search filter","timestamp":"2026-06-06 16:17:53"}
{"level":"info","message":"Pagination applied: skip=0, limit=10","timestamp":"2026-06-06 16:17:53"}
{"level":"info","message":"getProfile: id=6a23d67427aacde7b0f450fb","timestamp":"2026-06-06 16:17:53"}
{"level":"info","message":"✅ Found 5 users","timestamp":"2026-06-06 16:17:53"}
{"level":"info","message":"✅ [getAllUsers] Service response received","responseCode":200,"timestamp":"2026-06-06 16:17:53"}
{"body":{},"level":"info","message":"📥 [getAllUsers] Incoming request","query":{"pageIndex":"0","pageSize":"10"},"timestamp":"2026-06-06 16:18:24"}
{"level":"info","message":"🔍 [getAllUsers] Parsed filters","pageIndex":0,"pageSize":10,"searchText":"","timestamp":"2026-06-06 16:18:24"}
{"level":"info","message":"getAllUsers called","pageIndex":0,"pageSize":10,"searchText":"","timestamp":"2026-06-06 16:18:24"}
{"level":"info","message":"Fetching all users without search filter","timestamp":"2026-06-06 16:18:24"}
{"level":"info","message":"Pagination applied: skip=0, limit=10","timestamp":"2026-06-06 16:18:24"}
{"level":"info","message":"getProfile: id=6a23d67427aacde7b0f450fb","timestamp":"2026-06-06 16:18:24"}
{"level":"info","message":"✅ Found 5 users","timestamp":"2026-06-06 16:18:24"}
{"level":"info","message":"✅ [getAllUsers] Service response received","responseCode":200,"timestamp":"2026-06-06 16:18:24"}
{"body":{},"level":"info","message":"📥 [getAllUsers] Incoming request","query":{"pageIndex":"0","pageSize":"10"},"timestamp":"2026-06-06 16:20:13"}
{"level":"info","message":"🔍 [getAllUsers] Parsed filters","pageIndex":0,"pageSize":10,"searchText":"","timestamp":"2026-06-06 16:20:13"}
{"level":"info","message":"getAllUsers called","pageIndex":0,"pageSize":10,"searchText":"","timestamp":"2026-06-06 16:20:13"}
{"level":"info","message":"Fetching all users without search filter","timestamp":"2026-06-06 16:20:13"}
{"level":"info","message":"Pagination applied: skip=0, limit=10","timestamp":"2026-06-06 16:20:13"}
{"level":"info","message":"getProfile: id=6a23d67427aacde7b0f450fb","timestamp":"2026-06-06 16:20:13"}
{"level":"info","message":"✅ Found 5 users","timestamp":"2026-06-06 16:20:13"}
{"level":"info","message":"✅ [getAllUsers] Service response received","responseCode":200,"timestamp":"2026-06-06 16:20:13"}
{"body":{},"level":"info","message":"📥 [getAllUsers] Incoming request","query":{"pageIndex":"0","pageSize":"10"},"timestamp":"2026-06-06 16:23:35"}
{"level":"info","message":"🔍 [getAllUsers] Parsed filters","pageIndex":0,"pageSize":10,"searchText":"","timestamp":"2026-06-06 16:23:35"}
{"level":"info","message":"getAllUsers called","pageIndex":0,"pageSize":10,"searchText":"","timestamp":"2026-06-06 16:23:35"}
{"level":"info","message":"Fetching all users without search filter","timestamp":"2026-06-06 16:23:35"}
{"level":"info","message":"Pagination applied: skip=0, limit=10","timestamp":"2026-06-06 16:23:35"}
{"level":"info","message":"✅ Found 5 users","timestamp":"2026-06-06 16:23:35"}
{"level":"info","message":"✅ [getAllUsers] Service response received","responseCode":200,"timestamp":"2026-06-06 16:23:35"}
{"body":{},"level":"info","message":"📥 [getAllUsers] Incoming request","query":{"pageIndex":"0","pageSize":"10"},"timestamp":"2026-06-06 16:24:16"}
{"level":"info","message":"🔍 [getAllUsers] Parsed filters","pageIndex":0,"pageSize":10,"searchText":"","timestamp":"2026-06-06 16:24:16"}
{"level":"info","message":"getAllUsers called","pageIndex":0,"pageSize":10,"searchText":"","timestamp":"2026-06-06 16:24:16"}
{"level":"info","message":"Fetching all users without search filter","timestamp":"2026-06-06 16:24:16"}
{"level":"info","message":"Pagination applied: skip=0, limit=10","timestamp":"2026-06-06 16:24:16"}
{"level":"info","message":"✅ Found 5 users","timestamp":"2026-06-06 16:24:16"}
{"level":"info","message":"✅ [getAllUsers] Service response received","responseCode":200,"timestamp":"2026-06-06 16:24:16"}
{"body":{},"level":"info","message":"📥 [getAllUsers] Incoming request","query":{"pageIndex":"0","pageSize":"10"},"timestamp":"2026-06-06 16:24:49"}
{"level":"info","message":"🔍 [getAllUsers] Parsed filters","pageIndex":0,"pageSize":10,"searchText":"","timestamp":"2026-06-06 16:24:49"}
{"level":"info","message":"getAllUsers called","pageIndex":0,"pageSize":10,"searchText":"","timestamp":"2026-06-06 16:24:49"}
{"level":"info","message":"Fetching all users without search filter","timestamp":"2026-06-06 16:24:49"}
{"level":"info","message":"Pagination applied: skip=0, limit=10","timestamp":"2026-06-06 16:24:49"}
{"level":"info","message":"✅ Found 5 users","timestamp":"2026-06-06 16:24:49"}
{"level":"info","message":"✅ [getAllUsers] Service response received","responseCode":200,"timestamp":"2026-06-06 16:24:49"}
{"body":{},"level":"info","message":"📥 [getAllUsers] Incoming request","query":{"pageIndex":"0","pageSize":"10"},"timestamp":"2026-06-06 16:25:21"}
{"level":"info","message":"🔍 [getAllUsers] Parsed filters","pageIndex":0,"pageSize":10,"searchText":"","timestamp":"2026-06-06 16:25:21"}
{"level":"info","message":"getAllUsers called","pageIndex":0,"pageSize":10,"searchText":"","timestamp":"2026-06-06 16:25:21"}
{"level":"info","message":"Fetching all users without search filter","timestamp":"2026-06-06 16:25:21"}
{"level":"info","message":"Pagination applied: skip=0, limit=10","timestamp":"2026-06-06 16:25:21"}
{"level":"info","message":"✅ Found 5 users","timestamp":"2026-06-06 16:25:21"}
{"level":"info","message":"✅ [getAllUsers] Service response received","responseCode":200,"timestamp":"2026-06-06 16:25:21"}
{"body":{},"level":"info","message":"📥 [getAllUsers] Incoming request","query":{"pageIndex":"0","pageSize":"10"},"timestamp":"2026-06-06 16:26:06"}
{"level":"info","message":"🔍 [getAllUsers] Parsed filters","pageIndex":0,"pageSize":10,"searchText":"","timestamp":"2026-06-06 16:26:06"}
{"level":"info","message":"getAllUsers called","pageIndex":0,"pageSize":10,"searchText":"","timestamp":"2026-06-06 16:26:06"}
{"level":"info","message":"Fetching all users without search filter","timestamp":"2026-06-06 16:26:06"}
{"level":"info","message":"Pagination applied: skip=0, limit=10","timestamp":"2026-06-06 16:26:06"}
{"level":"info","message":"✅ Found 5 users","timestamp":"2026-06-06 16:26:06"}
{"level":"info","message":"✅ [getAllUsers] Service response received","responseCode":200,"timestamp":"2026-06-06 16:26:06"}
{"level":"info","message":"getProfile: id=6a23d67427aacde7b0f450fb","timestamp":"2026-06-06 16:26:27"}
{"body":{},"level":"info","message":"📥 [getAllUsers] Incoming request","query":{"pageIndex":"0","pageSize":"10"},"timestamp":"2026-06-06 16:26:54"}
{"level":"info","message":"🔍 [getAllUsers] Parsed filters","pageIndex":0,"pageSize":10,"searchText":"","timestamp":"2026-06-06 16:26:54"}
{"level":"info","message":"getAllUsers called","pageIndex":0,"pageSize":10,"searchText":"","timestamp":"2026-06-06 16:26:54"}
{"level":"info","message":"Fetching all users without search filter","timestamp":"2026-06-06 16:26:54"}
{"level":"info","message":"Pagination applied: skip=0, limit=10","timestamp":"2026-06-06 16:26:54"}
{"level":"info","message":"✅ Found 5 users","timestamp":"2026-06-06 16:26:54"}
{"level":"info","message":"✅ [getAllUsers] Service response received","responseCode":200,"timestamp":"2026-06-06 16:26:54"}
{"body":{},"level":"info","message":"📥 [getAllUsers] Incoming request","query":{"pageIndex":"0","pageSize":"10"},"timestamp":"2026-06-06 16:27:50"}
{"level":"info","message":"🔍 [getAllUsers] Parsed filters","pageIndex":0,"pageSize":10,"searchText":"","timestamp":"2026-06-06 16:27:50"}
{"level":"info","message":"getAllUsers called","pageIndex":0,"pageSize":10,"searchText":"","timestamp":"2026-06-06 16:27:50"}
{"level":"info","message":"Fetching all users without search filter","timestamp":"2026-06-06 16:27:50"}
{"level":"info","message":"Pagination applied: skip=0, limit=10","timestamp":"2026-06-06 16:27:50"}
{"level":"info","message":"✅ Found 5 users","timestamp":"2026-06-06 16:27:50"}
{"level":"info","message":"✅ [getAllUsers] Service response received","responseCode":200,"timestamp":"2026-06-06 16:27:50"}
{"body":{},"level":"info","message":"📥 [getAllUsers] Incoming request","query":{"pageIndex":"0","pageSize":"10"},"timestamp":"2026-06-06 16:27:55"}
{"level":"info","message":"🔍 [getAllUsers] Parsed filters","pageIndex":0,"pageSize":10,"searchText":"","timestamp":"2026-06-06 16:27:55"}
{"level":"info","message":"getAllUsers called","pageIndex":0,"pageSize":10,"searchText":"","timestamp":"2026-06-06 16:27:55"}
{"level":"info","message":"Fetching all users without search filter","timestamp":"2026-06-06 16:27:55"}
{"level":"info","message":"Pagination applied: skip=0, limit=10","timestamp":"2026-06-06 16:27:55"}
{"level":"info","message":"✅ Found 5 users","timestamp":"2026-06-06 16:27:55"}
{"level":"info","message":"✅ [getAllUsers] Service response received","responseCode":200,"timestamp":"2026-06-06 16:27:55"}
{"level":"info","message":"getProfile: id=6a23d67427aacde7b0f450fb","timestamp":"2026-06-06 16:28:00"}
{"body":{},"level":"info","message":"📥 [getAllUsers] Incoming request","query":{"pageIndex":"0","pageSize":"10"},"timestamp":"2026-06-06 16:28:36"}
{"level":"info","message":"🔍 [getAllUsers] Parsed filters","pageIndex":0,"pageSize":10,"searchText":"","timestamp":"2026-06-06 16:28:36"}
{"level":"info","message":"getAllUsers called","pageIndex":0,"pageSize":10,"searchText":"","timestamp":"2026-06-06 16:28:36"}
{"level":"info","message":"Fetching all users without search filter","timestamp":"2026-06-06 16:28:36"}
{"level":"info","message":"Pagination applied: skip=0, limit=10","timestamp":"2026-06-06 16:28:36"}
{"level":"info","message":"✅ Found 5 users","timestamp":"2026-06-06 16:28:36"}
{"level":"info","message":"✅ [getAllUsers] Service response received","responseCode":200,"timestamp":"2026-06-06 16:28:36"}
{"body":{},"level":"info","message":"📥 [getAllUsers] Incoming request","query":{"pageIndex":"0","pageSize":"10","searchText":"d"},"timestamp":"2026-06-06 16:28:38"}
{"level":"info","message":"🔍 [getAllUsers] Parsed filters","pageIndex":0,"pageSize":10,"searchText":"d","timestamp":"2026-06-06 16:28:38"}
{"level":"info","message":"getAllUsers called","pageIndex":0,"pageSize":10,"searchText":"d","timestamp":"2026-06-06 16:28:38"}
{"level":"info","message":"Searching users with text=\"d\"","timestamp":"2026-06-06 16:28:38"}
{"level":"info","message":"Pagination applied: skip=0, limit=10","timestamp":"2026-06-06 16:28:38"}
{"level":"info","message":"✅ Found 1 users","timestamp":"2026-06-06 16:28:38"}
{"level":"info","message":"✅ [getAllUsers] Service response received","responseCode":200,"timestamp":"2026-06-06 16:28:38"}
{"body":{},"level":"info","message":"📥 [getAllUsers] Incoming request","query":{"pageIndex":"0","pageSize":"10","searchText":"ds"},"timestamp":"2026-06-06 16:28:38"}
{"level":"info","message":"🔍 [getAllUsers] Parsed filters","pageIndex":0,"pageSize":10,"searchText":"ds","timestamp":"2026-06-06 16:28:38"}
{"level":"info","message":"getAllUsers called","pageIndex":0,"pageSize":10,"searchText":"ds","timestamp":"2026-06-06 16:28:38"}
{"level":"info","message":"Searching users with text=\"ds\"","timestamp":"2026-06-06 16:28:38"}
{"level":"info","message":"Pagination applied: skip=0, limit=10","timestamp":"2026-06-06 16:28:38"}
{"level":"warn","message":"⚠️ No users found","timestamp":"2026-06-06 16:28:38"}
{"level":"info","message":"✅ [getAllUsers] Service response received","responseCode":404,"timestamp":"2026-06-06 16:28:38"}
{"body":{},"level":"info","message":"📥 [getAllUsers] Incoming request","query":{"pageIndex":"0","pageSize":"10","searchText":"dsk"},"timestamp":"2026-06-06 16:28:38"}
{"level":"info","message":"🔍 [getAllUsers] Parsed filters","pageIndex":0,"pageSize":10,"searchText":"dsk","timestamp":"2026-06-06 16:28:38"}
{"level":"info","message":"getAllUsers called","pageIndex":0,"pageSize":10,"searchText":"dsk","timestamp":"2026-06-06 16:28:38"}
{"level":"info","message":"Searching users with text=\"dsk\"","timestamp":"2026-06-06 16:28:38"}
{"level":"info","message":"Pagination applied: skip=0, limit=10","timestamp":"2026-06-06 16:28:38"}
{"level":"warn","message":"⚠️ No users found","timestamp":"2026-06-06 16:28:38"}
{"level":"info","message":"✅ [getAllUsers] Service response received","responseCode":404,"timestamp":"2026-06-06 16:28:38"}
{"body":{},"level":"info","message":"📥 [getAllUsers] Incoming request","query":{"pageIndex":"0","pageSize":"10","searchText":"dskf"},"timestamp":"2026-06-06 16:28:38"}
{"level":"info","message":"🔍 [getAllUsers] Parsed filters","pageIndex":0,"pageSize":10,"searchText":"dskf","timestamp":"2026-06-06 16:28:38"}
{"level":"info","message":"getAllUsers called","pageIndex":0,"pageSize":10,"searchText":"dskf","timestamp":"2026-06-06 16:28:38"}
{"level":"info","message":"Searching users with text=\"dskf\"","timestamp":"2026-06-06 16:28:38"}
{"level":"info","message":"Pagination applied: skip=0, limit=10","timestamp":"2026-06-06 16:28:38"}
{"level":"warn","message":"⚠️ No users found","timestamp":"2026-06-06 16:28:38"}
{"level":"info","message":"✅ [getAllUsers] Service response received","responseCode":404,"timestamp":"2026-06-06 16:28:38"}
{"body":{},"level":"info","message":"📥 [getAllUsers] Incoming request","query":{"pageIndex":"0","pageSize":"10","searchText":"dskfj"},"timestamp":"2026-06-06 16:28:38"}
{"level":"info","message":"🔍 [getAllUsers] Parsed filters","pageIndex":0,"pageSize":10,"searchText":"dskfj","timestamp":"2026-06-06 16:28:38"}
{"level":"info","message":"getAllUsers called","pageIndex":0,"pageSize":10,"searchText":"dskfj","timestamp":"2026-06-06 16:28:38"}
{"level":"info","message":"Searching users with text=\"dskfj\"","timestamp":"2026-06-06 16:28:38"}
{"level":"info","message":"Pagination applied: skip=0, limit=10","timestamp":"2026-06-06 16:28:38"}
{"level":"warn","message":"⚠️ No users found","timestamp":"2026-06-06 16:28:39"}
{"level":"info","message":"✅ [getAllUsers] Service response received","responseCode":404,"timestamp":"2026-06-06 16:28:39"}
{"body":{},"level":"info","message":"📥 [getAllUsers] Incoming request","query":{"pageIndex":"0","pageSize":"10","searchText":"dskfjl"},"timestamp":"2026-06-06 16:28:39"}
{"level":"info","message":"🔍 [getAllUsers] Parsed filters","pageIndex":0,"pageSize":10,"searchText":"dskfjl","timestamp":"2026-06-06 16:28:39"}
{"level":"info","message":"getAllUsers called","pageIndex":0,"pageSize":10,"searchText":"dskfjl","timestamp":"2026-06-06 16:28:39"}
{"level":"info","message":"Searching users with text=\"dskfjl\"","timestamp":"2026-06-06 16:28:39"}
{"level":"info","message":"Pagination applied: skip=0, limit=10","timestamp":"2026-06-06 16:28:39"}
{"level":"warn","message":"⚠️ No users found","timestamp":"2026-06-06 16:28:39"}
{"level":"info","message":"✅ [getAllUsers] Service response received","responseCode":404,"timestamp":"2026-06-06 16:28:39"}
{"body":{},"level":"info","message":"📥 [getAllUsers] Incoming request","query":{"pageIndex":"0","pageSize":"10","searchText":"dskfjlk"},"timestamp":"2026-06-06 16:28:39"}
{"level":"info","message":"🔍 [getAllUsers] Parsed filters","pageIndex":0,"pageSize":10,"searchText":"dskfjlk","timestamp":"2026-06-06 16:28:39"}
{"level":"info","message":"getAllUsers called","pageIndex":0,"pageSize":10,"searchText":"dskfjlk","timestamp":"2026-06-06 16:28:39"}
{"level":"info","message":"Searching users with text=\"dskfjlk\"","timestamp":"2026-06-06 16:28:39"}
{"level":"info","message":"Pagination applied: skip=0, limit=10","timestamp":"2026-06-06 16:28:39"}
{"level":"warn","message":"⚠️ No users found","timestamp":"2026-06-06 16:28:39"}
{"level":"info","message":"✅ [getAllUsers] Service response received","responseCode":404,"timestamp":"2026-06-06 16:28:39"}
{"body":{},"level":"info","message":"📥 [getAllUsers] Incoming request","query":{"pageIndex":"0","pageSize":"10","searchText":"dskfjlka"},"timestamp":"2026-06-06 16:28:39"}
{"level":"info","message":"🔍 [getAllUsers] Parsed filters","pageIndex":0,"pageSize":10,"searchText":"dskfjlka","timestamp":"2026-06-06 16:28:39"}
{"level":"info","message":"getAllUsers called","pageIndex":0,"pageSize":10,"searchText":"dskfjlka","timestamp":"2026-06-06 16:28:39"}
{"level":"info","message":"Searching users with text=\"dskfjlka\"","timestamp":"2026-06-06 16:28:39"}
{"level":"info","message":"Pagination applied: skip=0, limit=10","timestamp":"2026-06-06 16:28:39"}
{"level":"warn","message":"⚠️ No users found","timestamp":"2026-06-06 16:28:39"}
{"level":"info","message":"✅ [getAllUsers] Service response received","responseCode":404,"timestamp":"2026-06-06 16:28:39"}
{"body":{},"level":"info","message":"📥 [getAllUsers] Incoming request","query":{"pageIndex":"0","pageSize":"10"},"timestamp":"2026-06-06 16:29:18"}
{"level":"info","message":"🔍 [getAllUsers] Parsed filters","pageIndex":0,"pageSize":10,"searchText":"","timestamp":"2026-06-06 16:29:18"}
{"level":"info","message":"getAllUsers called","pageIndex":0,"pageSize":10,"searchText":"","timestamp":"2026-06-06 16:29:18"}
{"level":"info","message":"Fetching all users without search filter","timestamp":"2026-06-06 16:29:18"}
{"level":"info","message":"Pagination applied: skip=0, limit=10","timestamp":"2026-06-06 16:29:18"}
{"level":"info","message":"✅ Found 5 users","timestamp":"2026-06-06 16:29:18"}
{"level":"info","message":"✅ [getAllUsers] Service response received","responseCode":200,"timestamp":"2026-06-06 16:29:18"}
{"body":{},"level":"info","message":"📥 [getAllUsers] Incoming request","query":{"pageIndex":"0","pageSize":"10"},"timestamp":"2026-06-06 16:31:27"}
{"level":"info","message":"🔍 [getAllUsers] Parsed filters","pageIndex":0,"pageSize":10,"searchText":"","timestamp":"2026-06-06 16:31:27"}
{"level":"info","message":"getAllUsers called","pageIndex":0,"pageSize":10,"searchText":"","timestamp":"2026-06-06 16:31:27"}
{"level":"info","message":"Fetching all users without search filter","timestamp":"2026-06-06 16:31:27"}
{"level":"info","message":"Pagination applied: skip=0, limit=10","timestamp":"2026-06-06 16:31:27"}
{"level":"info","message":"✅ Found 5 users","timestamp":"2026-06-06 16:31:27"}
{"level":"info","message":"✅ [getAllUsers] Service response received","responseCode":200,"timestamp":"2026-06-06 16:31:27"}
{"body":{},"level":"info","message":"📥 [getAllUsers] Incoming request","query":{"pageIndex":"0","pageSize":"10","searchText":"N"},"timestamp":"2026-06-06 16:31:48"}
{"level":"info","message":"🔍 [getAllUsers] Parsed filters","pageIndex":0,"pageSize":10,"searchText":"N","timestamp":"2026-06-06 16:31:48"}
{"level":"info","message":"getAllUsers called","pageIndex":0,"pageSize":10,"searchText":"N","timestamp":"2026-06-06 16:31:48"}
{"level":"info","message":"Searching users with text=\"N\"","timestamp":"2026-06-06 16:31:48"}
{"level":"info","message":"Pagination applied: skip=0, limit=10","timestamp":"2026-06-06 16:31:48"}
{"level":"info","message":"✅ Found 3 users","timestamp":"2026-06-06 16:31:48"}
{"level":"info","message":"✅ [getAllUsers] Service response received","responseCode":200,"timestamp":"2026-06-06 16:31:48"}
{"body":{},"level":"info","message":"📥 [getAllUsers] Incoming request","query":{"pageIndex":"0","pageSize":"10","searchText":"Ni"},"timestamp":"2026-06-06 16:31:48"}
{"level":"info","message":"🔍 [getAllUsers] Parsed filters","pageIndex":0,"pageSize":10,"searchText":"Ni","timestamp":"2026-06-06 16:31:48"}
{"level":"info","message":"getAllUsers called","pageIndex":0,"pageSize":10,"searchText":"Ni","timestamp":"2026-06-06 16:31:48"}
{"level":"info","message":"Searching users with text=\"Ni\"","timestamp":"2026-06-06 16:31:48"}
{"level":"info","message":"Pagination applied: skip=0, limit=10","timestamp":"2026-06-06 16:31:48"}
{"level":"info","message":"✅ Found 2 users","timestamp":"2026-06-06 16:31:48"}
{"level":"info","message":"✅ [getAllUsers] Service response received","responseCode":200,"timestamp":"2026-06-06 16:31:48"}
{"body":{},"level":"info","message":"📥 [getAllUsers] Incoming request","query":{"pageIndex":"0","pageSize":"10"},"timestamp":"2026-06-06 16:32:20"}
{"level":"info","message":"🔍 [getAllUsers] Parsed filters","pageIndex":0,"pageSize":10,"searchText":"","timestamp":"2026-06-06 16:32:20"}
{"level":"info","message":"getAllUsers called","pageIndex":0,"pageSize":10,"searchText":"","timestamp":"2026-06-06 16:32:20"}
{"level":"info","message":"Fetching all users without search filter","timestamp":"2026-06-06 16:32:20"}
{"level":"info","message":"Pagination applied: skip=0, limit=10","timestamp":"2026-06-06 16:32:20"}
{"level":"info","message":"✅ Found 5 users","timestamp":"2026-06-06 16:32:20"}
{"level":"info","message":"✅ [getAllUsers] Service response received","responseCode":200,"timestamp":"2026-06-06 16:32:20"}
{"level":"info","message":"getProfile: id=6a23d67427aacde7b0f450fb","timestamp":"2026-06-06 16:32:51"}
{"body":{},"level":"info","message":"📥 [getAllUsers] Incoming request","query":{"pageIndex":"0","pageSize":"10"},"timestamp":"2026-06-06 16:33:09"}
{"level":"info","message":"🔍 [getAllUsers] Parsed filters","pageIndex":0,"pageSize":10,"searchText":"","timestamp":"2026-06-06 16:33:09"}
{"level":"info","message":"getAllUsers called","pageIndex":0,"pageSize":10,"searchText":"","timestamp":"2026-06-06 16:33:09"}
{"level":"info","message":"Fetching all users without search filter","timestamp":"2026-06-06 16:33:09"}
{"level":"info","message":"Pagination applied: skip=0, limit=10","timestamp":"2026-06-06 16:33:09"}
{"level":"info","message":"✅ Found 5 users","timestamp":"2026-06-06 16:33:09"}
{"level":"info","message":"✅ [getAllUsers] Service response received","responseCode":200,"timestamp":"2026-06-06 16:33:09"}
{"level":"info","message":"getProfile: id=6a23d67427aacde7b0f450fb","timestamp":"2026-06-06 16:33:29"}
{"body":{},"level":"info","message":"📥 [getAllUsers] Incoming request","query":{"pageIndex":"0","pageSize":"10"},"timestamp":"2026-06-06 16:33:48"}
{"level":"info","message":"🔍 [getAllUsers] Parsed filters","pageIndex":0,"pageSize":10,"searchText":"","timestamp":"2026-06-06 16:33:48"}
{"level":"info","message":"getAllUsers called","pageIndex":0,"pageSize":10,"searchText":"","timestamp":"2026-06-06 16:33:48"}
{"level":"info","message":"Fetching all users without search filter","timestamp":"2026-06-06 16:33:48"}
{"level":"info","message":"Pagination applied: skip=0, limit=10","timestamp":"2026-06-06 16:33:48"}
{"level":"info","message":"✅ Found 5 users","timestamp":"2026-06-06 16:33:48"}
{"level":"info","message":"✅ [getAllUsers] Service response received","responseCode":200,"timestamp":"2026-06-06 16:33:48"}
{"body":{},"level":"info","message":"📥 [getAllUsers] Incoming request","query":{"pageIndex":"0","pageSize":"10"},"timestamp":"2026-06-06 16:35:55"}
{"level":"info","message":"🔍 [getAllUsers] Parsed filters","pageIndex":0,"pageSize":10,"searchText":"","timestamp":"2026-06-06 16:35:55"}
{"level":"info","message":"getAllUsers called","pageIndex":0,"pageSize":10,"searchText":"","timestamp":"2026-06-06 16:35:55"}
{"level":"info","message":"Fetching all users without search filter","timestamp":"2026-06-06 16:35:55"}
{"level":"info","message":"Pagination applied: skip=0, limit=10","timestamp":"2026-06-06 16:35:55"}
{"level":"info","message":"getProfile: id=6a23d67427aacde7b0f450fb","timestamp":"2026-06-06 16:35:55"}
{"level":"info","message":"✅ Found 5 users","timestamp":"2026-06-06 16:35:55"}
{"level":"info","message":"✅ [getAllUsers] Service response received","responseCode":200,"timestamp":"2026-06-06 16:35:55"}
{"level":"info","message":"getProfile: id=6a23d67427aacde7b0f450fb","timestamp":"2026-06-06 16:36:26"}
{"body":{},"level":"info","message":"📥 [getAllUsers] Incoming request","query":{"pageIndex":"0","pageSize":"10"},"timestamp":"2026-06-06 16:39:24"}
{"level":"info","message":"🔍 [getAllUsers] Parsed filters","pageIndex":0,"pageSize":10,"searchText":"","timestamp":"2026-06-06 16:39:24"}
{"level":"info","message":"getAllUsers called","pageIndex":0,"pageSize":10,"searchText":"","timestamp":"2026-06-06 16:39:24"}
{"level":"info","message":"Fetching all users without search filter","timestamp":"2026-06-06 16:39:24"}
{"level":"info","message":"Pagination applied: skip=0, limit=10","timestamp":"2026-06-06 16:39:24"}
{"level":"info","message":"✅ Found 5 users","timestamp":"2026-06-06 16:39:24"}
{"level":"info","message":"✅ [getAllUsers] Service response received","responseCode":200,"timestamp":"2026-06-06 16:39:24"}
{"body":{},"level":"info","message":"📥 [getAllUsers] Incoming request","query":{"pageIndex":"0","pageSize":"10"},"timestamp":"2026-06-06 16:41:05"}
{"level":"info","message":"🔍 [getAllUsers] Parsed filters","pageIndex":0,"pageSize":10,"searchText":"","timestamp":"2026-06-06 16:41:05"}
{"level":"info","message":"getAllUsers called","pageIndex":0,"pageSize":10,"searchText":"","timestamp":"2026-06-06 16:41:05"}
{"level":"info","message":"Fetching all users without search filter","timestamp":"2026-06-06 16:41:05"}
{"level":"info","message":"Pagination applied: skip=0, limit=10","timestamp":"2026-06-06 16:41:05"}
{"level":"info","message":"✅ Found 5 users","timestamp":"2026-06-06 16:41:05"}
{"level":"info","message":"✅ [getAllUsers] Service response received","responseCode":200,"timestamp":"2026-06-06 16:41:05"}
{"body":{},"level":"info","message":"📥 [getAllUsers] Incoming request","query":{"pageIndex":"0","pageSize":"10"},"timestamp":"2026-06-06 16:42:12"}
{"level":"info","message":"🔍 [getAllUsers] Parsed filters","pageIndex":0,"pageSize":10,"searchText":"","timestamp":"2026-06-06 16:42:12"}
{"level":"info","message":"getAllUsers called","pageIndex":0,"pageSize":10,"searchText":"","timestamp":"2026-06-06 16:42:12"}
{"level":"info","message":"Fetching all users without search filter","timestamp":"2026-06-06 16:42:12"}
{"level":"info","message":"Pagination applied: skip=0, limit=10","timestamp":"2026-06-06 16:42:12"}
{"level":"info","message":"✅ Found 5 users","timestamp":"2026-06-06 16:42:12"}
{"level":"info","message":"✅ [getAllUsers] Service response received","responseCode":200,"timestamp":"2026-06-06 16:42:12"}
{"body":{},"level":"info","message":"📥 [getAllUsers] Incoming request","query":{"pageIndex":"0","pageSize":"10"},"timestamp":"2026-06-06 16:43:20"}
{"level":"info","message":"🔍 [getAllUsers] Parsed filters","pageIndex":0,"pageSize":10,"searchText":"","timestamp":"2026-06-06 16:43:20"}
{"level":"info","message":"getAllUsers called","pageIndex":0,"pageSize":10,"searchText":"","timestamp":"2026-06-06 16:43:20"}
{"level":"info","message":"Fetching all users without search filter","timestamp":"2026-06-06 16:43:20"}
{"level":"info","message":"Pagination applied: skip=0, limit=10","timestamp":"2026-06-06 16:43:20"}
{"level":"info","message":"✅ Found 5 users","timestamp":"2026-06-06 16:43:20"}
{"level":"info","message":"✅ [getAllUsers] Service response received","responseCode":200,"timestamp":"2026-06-06 16:43:20"}
{"body":{},"level":"info","message":"📥 [getAllUsers] Incoming request","query":{"pageIndex":"0","pageSize":"10"},"timestamp":"2026-06-06 16:44:34"}
{"level":"info","message":"🔍 [getAllUsers] Parsed filters","pageIndex":0,"pageSize":10,"searchText":"","timestamp":"2026-06-06 16:44:34"}
{"level":"info","message":"getAllUsers called","pageIndex":0,"pageSize":10,"searchText":"","timestamp":"2026-06-06 16:44:34"}
{"level":"info","message":"Fetching all users without search filter","timestamp":"2026-06-06 16:44:34"}
{"level":"info","message":"Pagination applied: skip=0, limit=10","timestamp":"2026-06-06 16:44:34"}
{"level":"info","message":"✅ Found 5 users","timestamp":"2026-06-06 16:44:34"}
{"level":"info","message":"✅ [getAllUsers] Service response received","responseCode":200,"timestamp":"2026-06-06 16:44:34"}
{"level":"info","message":"getProfile: id=6a23d67427aacde7b0f450fb","timestamp":"2026-06-06 16:44:36"}
{"body":{},"level":"info","message":"📥 [getAllUsers] Incoming request","query":{"pageIndex":"0","pageSize":"10"},"timestamp":"2026-06-06 16:46:49"}
{"level":"info","message":"🔍 [getAllUsers] Parsed filters","pageIndex":0,"pageSize":10,"searchText":"","timestamp":"2026-06-06 16:46:49"}
{"level":"info","message":"getAllUsers called","pageIndex":0,"pageSize":10,"searchText":"","timestamp":"2026-06-06 16:46:49"}
{"level":"info","message":"Fetching all users without search filter","timestamp":"2026-06-06 16:46:49"}
{"level":"info","message":"Pagination applied: skip=0, limit=10","timestamp":"2026-06-06 16:46:49"}
{"level":"info","message":"✅ Found 5 users","timestamp":"2026-06-06 16:46:49"}
{"level":"info","message":"✅ [getAllUsers] Service response received","responseCode":200,"timestamp":"2026-06-06 16:46:49"}
{"body":{},"level":"info","message":"📥 [getAllUsers] Incoming request","query":{"pageIndex":"0","pageSize":"10"},"timestamp":"2026-06-06 16:47:26"}
{"level":"info","message":"🔍 [getAllUsers] Parsed filters","pageIndex":0,"pageSize":10,"searchText":"","timestamp":"2026-06-06 16:47:26"}
{"level":"info","message":"getAllUsers called","pageIndex":0,"pageSize":10,"searchText":"","timestamp":"2026-06-06 16:47:26"}
{"level":"info","message":"Fetching all users without search filter","timestamp":"2026-06-06 16:47:26"}
{"level":"info","message":"Pagination applied: skip=0, limit=10","timestamp":"2026-06-06 16:47:26"}
{"level":"info","message":"✅ Found 5 users","timestamp":"2026-06-06 16:47:26"}
{"level":"info","message":"✅ [getAllUsers] Service response received","responseCode":200,"timestamp":"2026-06-06 16:47:26"}
{"level":"info","message":"getProfile: id=6a23d67427aacde7b0f450fb","timestamp":"2026-06-06 16:47:35"}
{"body":{},"level":"info","message":"📥 [getAllUsers] Incoming request","query":{"pageIndex":"0","pageSize":"10"},"timestamp":"2026-06-06 16:47:45"}
{"level":"info","message":"🔍 [getAllUsers] Parsed filters","pageIndex":0,"pageSize":10,"searchText":"","timestamp":"2026-06-06 16:47:45"}
{"level":"info","message":"getAllUsers called","pageIndex":0,"pageSize":10,"searchText":"","timestamp":"2026-06-06 16:47:45"}
{"level":"info","message":"Fetching all users without search filter","timestamp":"2026-06-06 16:47:45"}
{"level":"info","message":"Pagination applied: skip=0, limit=10","timestamp":"2026-06-06 16:47:45"}
{"level":"info","message":"✅ Found 5 users","timestamp":"2026-06-06 16:47:45"}
{"level":"info","message":"✅ [getAllUsers] Service response received","responseCode":200,"timestamp":"2026-06-06 16:47:45"}
{"level":"info","message":"getProfile: id=6a23d67427aacde7b0f450fb","timestamp":"2026-06-06 16:47:48"}
{"body":{},"level":"info","message":"📥 [getAllUsers] Incoming request","query":{"pageIndex":"0","pageSize":"10"},"timestamp":"2026-06-06 16:48:40"}
{"level":"info","message":"🔍 [getAllUsers] Parsed filters","pageIndex":0,"pageSize":10,"searchText":"","timestamp":"2026-06-06 16:48:40"}
{"level":"info","message":"getAllUsers called","pageIndex":0,"pageSize":10,"searchText":"","timestamp":"2026-06-06 16:48:40"}
{"level":"info","message":"Fetching all users without search filter","timestamp":"2026-06-06 16:48:40"}
{"level":"info","message":"Pagination applied: skip=0, limit=10","timestamp":"2026-06-06 16:48:40"}
{"level":"info","message":"✅ Found 5 users","timestamp":"2026-06-06 16:48:40"}
{"level":"info","message":"✅ [getAllUsers] Service response received","responseCode":200,"timestamp":"2026-06-06 16:48:40"}
{"body":{},"level":"info","message":"📥 [getAllUsers] Incoming request","query":{"pageIndex":"0","pageSize":"10"},"timestamp":"2026-06-06 16:49:44"}
{"level":"info","message":"🔍 [getAllUsers] Parsed filters","pageIndex":0,"pageSize":10,"searchText":"","timestamp":"2026-06-06 16:49:44"}
{"level":"info","message":"getAllUsers called","pageIndex":0,"pageSize":10,"searchText":"","timestamp":"2026-06-06 16:49:44"}
{"level":"info","message":"Fetching all users without search filter","timestamp":"2026-06-06 16:49:44"}
{"level":"info","message":"Pagination applied: skip=0, limit=10","timestamp":"2026-06-06 16:49:44"}
{"level":"info","message":"✅ Found 5 users","timestamp":"2026-06-06 16:49:44"}
{"level":"info","message":"✅ [getAllUsers] Service response received","responseCode":200,"timestamp":"2026-06-06 16:49:44"}
{"level":"info","message":"getProfile: id=6a23d67427aacde7b0f450fb","timestamp":"2026-06-06 16:49:46"}
{"body":{},"level":"info","message":"📥 [getAllUsers] Incoming request","query":{"pageIndex":"0","pageSize":"10"},"timestamp":"2026-06-06 16:50:24"}
{"level":"info","message":"🔍 [getAllUsers] Parsed filters","pageIndex":0,"pageSize":10,"searchText":"","timestamp":"2026-06-06 16:50:24"}
{"level":"info","message":"getAllUsers called","pageIndex":0,"pageSize":10,"searchText":"","timestamp":"2026-06-06 16:50:24"}
{"level":"info","message":"Fetching all users without search filter","timestamp":"2026-06-06 16:50:24"}
{"level":"info","message":"Pagination applied: skip=0, limit=10","timestamp":"2026-06-06 16:50:24"}
{"level":"info","message":"✅ Found 5 users","timestamp":"2026-06-06 16:50:24"}
{"level":"info","message":"✅ [getAllUsers] Service response received","responseCode":200,"timestamp":"2026-06-06 16:50:24"}
{"body":{},"level":"info","message":"📥 [getAllUsers] Incoming request","query":{"pageIndex":"0","pageSize":"10"},"timestamp":"2026-06-06 16:53:07"}
{"level":"info","message":"🔍 [getAllUsers] Parsed filters","pageIndex":0,"pageSize":10,"searchText":"","timestamp":"2026-06-06 16:53:07"}
{"level":"info","message":"getAllUsers called","pageIndex":0,"pageSize":10,"searchText":"","timestamp":"2026-06-06 16:53:07"}
{"level":"info","message":"Fetching all users without search filter","timestamp":"2026-06-06 16:53:07"}
{"level":"info","message":"Pagination applied: skip=0, limit=10","timestamp":"2026-06-06 16:53:07"}
{"level":"info","message":"✅ Found 5 users","timestamp":"2026-06-06 16:53:07"}
{"level":"info","message":"✅ [getAllUsers] Service response received","responseCode":200,"timestamp":"2026-06-06 16:53:07"}
{"level":"info","message":"🎯 getAllModule request received","pageIndex":0,"pageSize":100,"timestamp":"2026-06-06 16:53:24"}
{"level":"info","message":"getAllModule called","pageIndex":0,"pageSize":100,"timestamp":"2026-06-06 16:53:24"}
{"level":"info","message":"Fetching modules with pagination pageIndex=0, pageSize=100","timestamp":"2026-06-06 16:53:24"}
{"level":"info","message":"Fetching all modules without search","timestamp":"2026-06-06 16:53:24"}
{"level":"info","message":"✅ Found 6 modules","timestamp":"2026-06-06 16:53:24"}
{"count":0,"level":"info","message":"✅ getAllModule response","timestamp":"2026-06-06 16:53:24"}
{"level":"info","message":"🎯 getAllModule request received","pageIndex":0,"pageSize":100,"timestamp":"2026-06-06 16:56:45"}
{"level":"info","message":"getAllModule called","pageIndex":0,"pageSize":100,"timestamp":"2026-06-06 16:56:45"}
{"level":"info","message":"Fetching modules with pagination pageIndex=0, pageSize=100","timestamp":"2026-06-06 16:56:45"}
{"level":"info","message":"Fetching all modules without search","timestamp":"2026-06-06 16:56:45"}
{"level":"info","message":"✅ Found 6 modules","timestamp":"2026-06-06 16:56:45"}
{"count":0,"level":"info","message":"✅ getAllModule response","timestamp":"2026-06-06 16:56:45"}
{"body":{},"level":"info","message":"📥 [getAllUsers] Incoming request","query":{"pageIndex":"0","pageSize":"10"},"timestamp":"2026-06-06 16:57:18"}
{"level":"info","message":"🔍 [getAllUsers] Parsed filters","pageIndex":0,"pageSize":10,"searchText":"","timestamp":"2026-06-06 16:57:18"}
{"level":"info","message":"getAllUsers called","pageIndex":0,"pageSize":10,"searchText":"","timestamp":"2026-06-06 16:57:18"}
{"level":"info","message":"Fetching all users without search filter","timestamp":"2026-06-06 16:57:18"}
{"level":"info","message":"Pagination applied: skip=0, limit=10","timestamp":"2026-06-06 16:57:18"}
{"level":"info","message":"✅ Found 5 users","timestamp":"2026-06-06 16:57:18"}
{"level":"info","message":"✅ [getAllUsers] Service response received","responseCode":200,"timestamp":"2026-06-06 16:57:18"}
{"level":"info","message":"🎯 getAllModule request received","pageIndex":0,"pageSize":100,"timestamp":"2026-06-06 17:01:58"}
{"level":"info","message":"getAllModule called","pageIndex":0,"pageSize":100,"timestamp":"2026-06-06 17:01:58"}
{"level":"info","message":"Fetching modules with pagination pageIndex=0, pageSize=100","timestamp":"2026-06-06 17:01:58"}
{"level":"info","message":"Fetching all modules without search","timestamp":"2026-06-06 17:01:58"}
{"level":"info","message":"✅ Found 6 modules","timestamp":"2026-06-06 17:01:58"}
{"count":0,"level":"info","message":"✅ getAllModule response","timestamp":"2026-06-06 17:01:58"}
{"level":"info","message":"🎯 getAllModule request received","pageIndex":0,"pageSize":100,"timestamp":"2026-06-06 17:05:43"}
{"level":"info","message":"getAllModule called","pageIndex":0,"pageSize":100,"timestamp":"2026-06-06 17:05:43"}
{"level":"info","message":"Fetching modules with pagination pageIndex=0, pageSize=100","timestamp":"2026-06-06 17:05:43"}
{"level":"info","message":"Fetching all modules without search","timestamp":"2026-06-06 17:05:43"}
{"level":"info","message":"✅ Found 6 modules","timestamp":"2026-06-06 17:05:43"}
{"count":0,"level":"info","message":"✅ getAllModule response","timestamp":"2026-06-06 17:05:43"}
{"level":"info","message":"🎯 getAllModule request received","pageIndex":0,"pageSize":100,"timestamp":"2026-06-06 17:05:56"}
{"level":"info","message":"getAllModule called","pageIndex":0,"pageSize":100,"timestamp":"2026-06-06 17:05:56"}
{"level":"info","message":"Fetching modules with pagination pageIndex=0, pageSize=100","timestamp":"2026-06-06 17:05:56"}
{"level":"info","message":"Fetching all modules without search","timestamp":"2026-06-06 17:05:56"}
{"level":"info","message":"✅ Found 6 modules","timestamp":"2026-06-06 17:05:56"}
{"count":0,"level":"info","message":"✅ getAllModule response","timestamp":"2026-06-06 17:05:56"}
{"level":"info","message":"🎯 getAllModule request received","pageIndex":0,"pageSize":100,"timestamp":"2026-06-06 17:06:49"}
{"level":"info","message":"getAllModule called","pageIndex":0,"pageSize":100,"timestamp":"2026-06-06 17:06:49"}
{"level":"info","message":"Fetching modules with pagination pageIndex=0, pageSize=100","timestamp":"2026-06-06 17:06:49"}
{"level":"info","message":"Fetching all modules without search","timestamp":"2026-06-06 17:06:49"}
{"level":"info","message":"✅ Found 6 modules","timestamp":"2026-06-06 17:06:49"}
{"count":0,"level":"info","message":"✅ getAllModule response","timestamp":"2026-06-06 17:06:49"}
{"level":"info","message":"🎯 getAllModule request received","pageIndex":0,"pageSize":100,"timestamp":"2026-06-06 17:11:28"}
{"level":"info","message":"getAllModule called","pageIndex":0,"pageSize":100,"timestamp":"2026-06-06 17:11:28"}
{"level":"info","message":"Fetching modules with pagination pageIndex=0, pageSize=100","timestamp":"2026-06-06 17:11:28"}
{"level":"info","message":"Fetching all modules without search","timestamp":"2026-06-06 17:11:28"}
{"level":"info","message":"✅ Found 6 modules","timestamp":"2026-06-06 17:11:28"}
{"count":0,"level":"info","message":"✅ getAllModule response","timestamp":"2026-06-06 17:11:28"}
{"level":"info","message":"🎯 getAllModule request received","pageIndex":0,"pageSize":100,"timestamp":"2026-06-06 17:12:04"}
{"level":"info","message":"getAllModule called","pageIndex":0,"pageSize":100,"timestamp":"2026-06-06 17:12:04"}
{"level":"info","message":"Fetching modules with pagination pageIndex=0, pageSize=100","timestamp":"2026-06-06 17:12:04"}
{"level":"info","message":"Fetching all modules without search","timestamp":"2026-06-06 17:12:04"}
{"level":"info","message":"✅ Found 6 modules","timestamp":"2026-06-06 17:12:04"}
{"count":0,"level":"info","message":"✅ getAllModule response","timestamp":"2026-06-06 17:12:04"}
{"body":{},"level":"info","message":"📥 [getAllUsers] Incoming request","query":{"pageIndex":"0","pageSize":"10"},"timestamp":"2026-06-06 17:13:12"}
{"level":"info","message":"🔍 [getAllUsers] Parsed filters","pageIndex":0,"pageSize":10,"searchText":"","timestamp":"2026-06-06 17:13:12"}
{"level":"info","message":"getAllUsers called","pageIndex":0,"pageSize":10,"searchText":"","timestamp":"2026-06-06 17:13:12"}
{"level":"info","message":"Fetching all users without search filter","timestamp":"2026-06-06 17:13:12"}
{"level":"info","message":"Pagination applied: skip=0, limit=10","timestamp":"2026-06-06 17:13:12"}
{"level":"info","message":"✅ Found 5 users","timestamp":"2026-06-06 17:13:12"}
{"level":"info","message":"✅ [getAllUsers] Service response received","responseCode":200,"timestamp":"2026-06-06 17:13:12"}
{"level":"info","message":"🎯 getAllModule request received","pageIndex":0,"pageSize":100,"timestamp":"2026-06-06 17:13:28"}
{"level":"info","message":"getAllModule called","pageIndex":0,"pageSize":100,"timestamp":"2026-06-06 17:13:28"}
{"level":"info","message":"Fetching modules with pagination pageIndex=0, pageSize=100","timestamp":"2026-06-06 17:13:28"}
{"level":"info","message":"Fetching all modules without search","timestamp":"2026-06-06 17:13:28"}
{"level":"info","message":"✅ Found 6 modules","timestamp":"2026-06-06 17:13:28"}
{"count":0,"level":"info","message":"✅ getAllModule response","timestamp":"2026-06-06 17:13:28"}
{"level":"info","message":"🎯 getAllModule request received","pageIndex":0,"pageSize":100,"timestamp":"2026-06-06 17:14:34"}
{"level":"info","message":"getAllModule called","pageIndex":0,"pageSize":100,"timestamp":"2026-06-06 17:14:34"}
{"level":"info","message":"Fetching modules with pagination pageIndex=0, pageSize=100","timestamp":"2026-06-06 17:14:34"}
{"level":"info","message":"Fetching all modules without search","timestamp":"2026-06-06 17:14:34"}
{"level":"info","message":"✅ Found 6 modules","timestamp":"2026-06-06 17:14:34"}
{"count":0,"level":"info","message":"✅ getAllModule response","timestamp":"2026-06-06 17:14:34"}
{"level":"info","message":"🎯 getAllModule request received","pageIndex":0,"pageSize":100,"timestamp":"2026-06-06 17:17:20"}
{"level":"info","message":"getAllModule called","pageIndex":0,"pageSize":100,"timestamp":"2026-06-06 17:17:20"}
{"level":"info","message":"Fetching modules with pagination pageIndex=0, pageSize=100","timestamp":"2026-06-06 17:17:20"}
{"level":"info","message":"Fetching all modules without search","timestamp":"2026-06-06 17:17:20"}
{"level":"info","message":"✅ Found 6 modules","timestamp":"2026-06-06 17:17:20"}
{"count":0,"level":"info","message":"✅ getAllModule response","timestamp":"2026-06-06 17:17:20"}
{"level":"info","message":"🎯 getAllModule request received","pageIndex":0,"pageSize":100,"timestamp":"2026-06-06 17:18:04"}
{"level":"info","message":"getAllModule called","pageIndex":0,"pageSize":100,"timestamp":"2026-06-06 17:18:04"}
{"level":"info","message":"Fetching modules with pagination pageIndex=0, pageSize=100","timestamp":"2026-06-06 17:18:04"}
{"level":"info","message":"Fetching all modules without search","timestamp":"2026-06-06 17:18:04"}
{"level":"info","message":"✅ Found 6 modules","timestamp":"2026-06-06 17:18:04"}
{"count":0,"level":"info","message":"✅ getAllModule response","timestamp":"2026-06-06 17:18:04"}
{"level":"info","message":"🎯 getAllModule request received","pageIndex":0,"pageSize":100,"timestamp":"2026-06-06 17:18:35"}
{"level":"info","message":"getAllModule called","pageIndex":0,"pageSize":100,"timestamp":"2026-06-06 17:18:35"}
{"level":"info","message":"Fetching modules with pagination pageIndex=0, pageSize=100","timestamp":"2026-06-06 17:18:35"}
{"level":"info","message":"Fetching all modules without search","timestamp":"2026-06-06 17:18:35"}
{"level":"info","message":"✅ Found 6 modules","timestamp":"2026-06-06 17:18:35"}
{"count":0,"level":"info","message":"✅ getAllModule response","timestamp":"2026-06-06 17:18:35"}
{"level":"info","message":"🎯 getAllModule request received","pageIndex":0,"pageSize":100,"timestamp":"2026-06-06 17:19:36"}
{"level":"info","message":"getAllModule called","pageIndex":0,"pageSize":100,"timestamp":"2026-06-06 17:19:36"}
{"level":"info","message":"Fetching modules with pagination pageIndex=0, pageSize=100","timestamp":"2026-06-06 17:19:36"}
{"level":"info","message":"Fetching all modules without search","timestamp":"2026-06-06 17:19:36"}
{"level":"info","message":"✅ Found 6 modules","timestamp":"2026-06-06 17:19:36"}
{"count":0,"level":"info","message":"✅ getAllModule response","timestamp":"2026-06-06 17:19:36"}
{"level":"info","message":"🎯 getAllModule request received","pageIndex":0,"pageSize":100,"timestamp":"2026-06-06 17:20:22"}
{"level":"info","message":"getAllModule called","pageIndex":0,"pageSize":100,"timestamp":"2026-06-06 17:20:22"}
{"level":"info","message":"Fetching modules with pagination pageIndex=0, pageSize=100","timestamp":"2026-06-06 17:20:22"}
{"level":"info","message":"Fetching all modules without search","timestamp":"2026-06-06 17:20:22"}
{"level":"info","message":"✅ Found 6 modules","timestamp":"2026-06-06 17:20:22"}
{"count":0,"level":"info","message":"✅ getAllModule response","timestamp":"2026-06-06 17:20:22"}
{"level":"info","message":"🎯 getAllModule request received","pageIndex":0,"pageSize":100,"timestamp":"2026-06-06 17:20:59"}
{"level":"info","message":"getAllModule called","pageIndex":0,"pageSize":100,"timestamp":"2026-06-06 17:20:59"}
{"level":"info","message":"Fetching modules with pagination pageIndex=0, pageSize=100","timestamp":"2026-06-06 17:20:59"}
{"level":"info","message":"Fetching all modules without search","timestamp":"2026-06-06 17:20:59"}
{"level":"info","message":"✅ Found 6 modules","timestamp":"2026-06-06 17:20:59"}
{"count":0,"level":"info","message":"✅ getAllModule response","timestamp":"2026-06-06 17:20:59"}
{"level":"info","message":"🎯 getAllModule request received","pageIndex":0,"pageSize":100,"timestamp":"2026-06-06 17:21:47"}
{"level":"info","message":"getAllModule called","pageIndex":0,"pageSize":100,"timestamp":"2026-06-06 17:21:47"}
{"level":"info","message":"Fetching modules with pagination pageIndex=0, pageSize=100","timestamp":"2026-06-06 17:21:47"}
{"level":"info","message":"Fetching all modules without search","timestamp":"2026-06-06 17:21:47"}
{"level":"info","message":"✅ Found 6 modules","timestamp":"2026-06-06 17:21:47"}
{"count":0,"level":"info","message":"✅ getAllModule response","timestamp":"2026-06-06 17:21:47"}
{"level":"info","message":"🎯 getAllModule request received","pageIndex":0,"pageSize":100,"timestamp":"2026-06-06 17:22:30"}
{"level":"info","message":"getAllModule called","pageIndex":0,"pageSize":100,"timestamp":"2026-06-06 17:22:30"}
{"level":"info","message":"Fetching modules with pagination pageIndex=0, pageSize=100","timestamp":"2026-06-06 17:22:30"}
{"level":"info","message":"Fetching all modules without search","timestamp":"2026-06-06 17:22:30"}
{"level":"info","message":"✅ Found 6 modules","timestamp":"2026-06-06 17:22:30"}
{"count":0,"level":"info","message":"✅ getAllModule response","timestamp":"2026-06-06 17:22:30"}
{"level":"info","message":"🎯 getAllModule request received","pageIndex":0,"pageSize":100,"timestamp":"2026-06-06 17:24:13"}
{"level":"info","message":"getAllModule called","pageIndex":0,"pageSize":100,"timestamp":"2026-06-06 17:24:13"}
{"level":"info","message":"Fetching modules with pagination pageIndex=0, pageSize=100","timestamp":"2026-06-06 17:24:13"}
{"level":"info","message":"Fetching all modules without search","timestamp":"2026-06-06 17:24:13"}
{"level":"info","message":"✅ Found 6 modules","timestamp":"2026-06-06 17:24:13"}
{"count":0,"level":"info","message":"✅ getAllModule response","timestamp":"2026-06-06 17:24:13"}
{"level":"info","message":"🎯 getAllModule request received","pageIndex":0,"pageSize":100,"timestamp":"2026-06-06 17:25:34"}
{"level":"info","message":"getAllModule called","pageIndex":0,"pageSize":100,"timestamp":"2026-06-06 17:25:34"}
{"level":"info","message":"Fetching modules with pagination pageIndex=0, pageSize=100","timestamp":"2026-06-06 17:25:34"}
{"level":"info","message":"Fetching all modules without search","timestamp":"2026-06-06 17:25:34"}
{"level":"info","message":"✅ Found 6 modules","timestamp":"2026-06-06 17:25:34"}
{"count":0,"level":"info","message":"✅ getAllModule response","timestamp":"2026-06-06 17:25:34"}
{"level":"info","message":"🎯 getAllModule request received","pageIndex":0,"pageSize":100,"timestamp":"2026-06-06 17:26:35"}
{"level":"info","message":"getAllModule called","pageIndex":0,"pageSize":100,"timestamp":"2026-06-06 17:26:35"}
{"level":"info","message":"Fetching modules with pagination pageIndex=0, pageSize=100","timestamp":"2026-06-06 17:26:35"}
{"level":"info","message":"Fetching all modules without search","timestamp":"2026-06-06 17:26:35"}
{"level":"info","message":"✅ Found 6 modules","timestamp":"2026-06-06 17:26:35"}
{"count":0,"level":"info","message":"✅ getAllModule response","timestamp":"2026-06-06 17:26:35"}
{"level":"info","message":"🎯 getAllModule request received","pageIndex":0,"pageSize":100,"timestamp":"2026-06-06 17:27:10"}
{"level":"info","message":"getAllModule called","pageIndex":0,"pageSize":100,"timestamp":"2026-06-06 17:27:10"}
{"level":"info","message":"Fetching modules with pagination pageIndex=0, pageSize=100","timestamp":"2026-06-06 17:27:10"}
{"level":"info","message":"Fetching all modules without search","timestamp":"2026-06-06 17:27:10"}
{"level":"info","message":"✅ Found 6 modules","timestamp":"2026-06-06 17:27:10"}
{"count":0,"level":"info","message":"✅ getAllModule response","timestamp":"2026-06-06 17:27:10"}
{"level":"info","message":"🎯 getAllModule request received","pageIndex":0,"pageSize":100,"timestamp":"2026-06-06 17:31:04"}
{"level":"info","message":"getAllModule called","pageIndex":0,"pageSize":100,"timestamp":"2026-06-06 17:31:04"}
{"level":"info","message":"Fetching modules with pagination pageIndex=0, pageSize=100","timestamp":"2026-06-06 17:31:04"}
{"level":"info","message":"Fetching all modules without search","timestamp":"2026-06-06 17:31:04"}
{"level":"info","message":"✅ Found 6 modules","timestamp":"2026-06-06 17:31:04"}
{"count":0,"level":"info","message":"✅ getAllModule response","timestamp":"2026-06-06 17:31:04"}
{"level":"info","message":"🎯 getAllModule request received","pageIndex":0,"pageSize":100,"timestamp":"2026-06-06 17:32:31"}
{"level":"info","message":"getAllModule called","pageIndex":0,"pageSize":100,"timestamp":"2026-06-06 17:32:31"}
{"level":"info","message":"Fetching modules with pagination pageIndex=0, pageSize=100","timestamp":"2026-06-06 17:32:31"}
{"level":"info","message":"Fetching all modules without search","timestamp":"2026-06-06 17:32:31"}
{"level":"info","message":"✅ Found 6 modules","timestamp":"2026-06-06 17:32:31"}
{"count":0,"level":"info","message":"✅ getAllModule response","timestamp":"2026-06-06 17:32:31"}
{"level":"info","message":"🎯 getAllModule request received","pageIndex":0,"pageSize":100,"timestamp":"2026-06-06 17:32:57"}
{"level":"info","message":"getAllModule called","pageIndex":0,"pageSize":100,"timestamp":"2026-06-06 17:32:57"}
{"level":"info","message":"Fetching modules with pagination pageIndex=0, pageSize=100","timestamp":"2026-06-06 17:32:57"}
{"level":"info","message":"Fetching all modules without search","timestamp":"2026-06-06 17:32:57"}
{"level":"info","message":"✅ Found 6 modules","timestamp":"2026-06-06 17:32:57"}
{"count":0,"level":"info","message":"✅ getAllModule response","timestamp":"2026-06-06 17:32:57"}
{"level":"info","message":"🎯 getAllModule request received","pageIndex":0,"pageSize":100,"timestamp":"2026-06-06 17:34:03"}
{"level":"info","message":"getAllModule called","pageIndex":0,"pageSize":100,"timestamp":"2026-06-06 17:34:03"}
{"level":"info","message":"Fetching modules with pagination pageIndex=0, pageSize=100","timestamp":"2026-06-06 17:34:03"}
{"level":"info","message":"Fetching all modules without search","timestamp":"2026-06-06 17:34:03"}
{"level":"info","message":"✅ Found 6 modules","timestamp":"2026-06-06 17:34:03"}
{"count":0,"level":"info","message":"✅ getAllModule response","timestamp":"2026-06-06 17:34:03"}
{"level":"info","message":"🎯 getAllModule request received","pageIndex":0,"pageSize":100,"timestamp":"2026-06-06 17:39:28"}
{"level":"info","message":"getAllModule called","pageIndex":0,"pageSize":100,"timestamp":"2026-06-06 17:39:28"}
{"level":"info","message":"Fetching modules with pagination pageIndex=0, pageSize=100","timestamp":"2026-06-06 17:39:28"}
{"level":"info","message":"Fetching all modules without search","timestamp":"2026-06-06 17:39:28"}
{"level":"info","message":"✅ Found 6 modules","timestamp":"2026-06-06 17:39:28"}
{"count":0,"level":"info","message":"✅ getAllModule response","timestamp":"2026-06-06 17:39:28"}
{"level":"info","message":"🎯 getAllModule request received","pageIndex":0,"pageSize":100,"timestamp":"2026-06-06 17:40:29"}
{"level":"info","message":"getAllModule called","pageIndex":0,"pageSize":100,"timestamp":"2026-06-06 17:40:29"}
{"level":"info","message":"Fetching modules with pagination pageIndex=0, pageSize=100","timestamp":"2026-06-06 17:40:29"}
{"level":"info","message":"Fetching all modules without search","timestamp":"2026-06-06 17:40:29"}
{"level":"info","message":"✅ Found 6 modules","timestamp":"2026-06-06 17:40:29"}
{"count":0,"level":"info","message":"✅ getAllModule response","timestamp":"2026-06-06 17:40:29"}
{"level":"info","message":"🎯 getAllModule request received","pageIndex":0,"pageSize":100,"timestamp":"2026-06-06 17:41:23"}
{"level":"info","message":"getAllModule called","pageIndex":0,"pageSize":100,"timestamp":"2026-06-06 17:41:23"}
{"level":"info","message":"Fetching modules with pagination pageIndex=0, pageSize=100","timestamp":"2026-06-06 17:41:23"}
{"level":"info","message":"Fetching all modules without search","timestamp":"2026-06-06 17:41:23"}
{"level":"info","message":"✅ Found 6 modules","timestamp":"2026-06-06 17:41:24"}
{"count":0,"level":"info","message":"✅ getAllModule response","timestamp":"2026-06-06 17:41:24"}
{"level":"info","message":"🎯 getAllModule request received","pageIndex":0,"pageSize":100,"timestamp":"2026-06-06 17:41:43"}
{"level":"info","message":"getAllModule called","pageIndex":0,"pageSize":100,"timestamp":"2026-06-06 17:41:43"}
{"level":"info","message":"Fetching modules with pagination pageIndex=0, pageSize=100","timestamp":"2026-06-06 17:41:43"}
{"level":"info","message":"Fetching all modules without search","timestamp":"2026-06-06 17:41:43"}
{"level":"info","message":"✅ Found 6 modules","timestamp":"2026-06-06 17:41:43"}
{"count":0,"level":"info","message":"✅ getAllModule response","timestamp":"2026-06-06 17:41:43"}
{"level":"info","message":"🎯 getAllModule request received","pageIndex":0,"pageSize":100,"timestamp":"2026-06-06 17:42:21"}
{"level":"info","message":"getAllModule called","pageIndex":0,"pageSize":100,"timestamp":"2026-06-06 17:42:21"}
{"level":"info","message":"Fetching modules with pagination pageIndex=0, pageSize=100","timestamp":"2026-06-06 17:42:21"}
{"level":"info","message":"Fetching all modules without search","timestamp":"2026-06-06 17:42:21"}
{"level":"info","message":"✅ Found 6 modules","timestamp":"2026-06-06 17:42:21"}
{"count":0,"level":"info","message":"✅ getAllModule response","timestamp":"2026-06-06 17:42:21"}
{"level":"info","message":"🎯 getAllModule request received","pageIndex":0,"pageSize":100,"timestamp":"2026-06-06 17:42:54"}
{"level":"info","message":"getAllModule called","pageIndex":0,"pageSize":100,"timestamp":"2026-06-06 17:42:54"}
{"level":"info","message":"Fetching modules with pagination pageIndex=0, pageSize=100","timestamp":"2026-06-06 17:42:54"}
{"level":"info","message":"Fetching all modules without search","timestamp":"2026-06-06 17:42:54"}
{"level":"info","message":"✅ Found 6 modules","timestamp":"2026-06-06 17:42:54"}
{"count":0,"level":"info","message":"✅ getAllModule response","timestamp":"2026-06-06 17:42:54"}
{"level":"info","message":"🎯 getAllModule request received","pageIndex":0,"pageSize":100,"timestamp":"2026-06-06 17:43:30"}
{"level":"info","message":"getAllModule called","pageIndex":0,"pageSize":100,"timestamp":"2026-06-06 17:43:30"}
{"level":"info","message":"Fetching modules with pagination pageIndex=0, pageSize=100","timestamp":"2026-06-06 17:43:30"}
{"level":"info","message":"Fetching all modules without search","timestamp":"2026-06-06 17:43:30"}
{"level":"info","message":"✅ Found 6 modules","timestamp":"2026-06-06 17:43:30"}
{"count":0,"level":"info","message":"✅ getAllModule response","timestamp":"2026-06-06 17:43:30"}
{"level":"info","message":"🎯 getAllModule request received","pageIndex":0,"pageSize":10,"timestamp":"2026-06-06 17:46:47"}
{"level":"info","message":"getAllModule called","pageIndex":0,"pageSize":10,"timestamp":"2026-06-06 17:46:47"}
{"level":"info","message":"Fetching modules with pagination pageIndex=0, pageSize=10","timestamp":"2026-06-06 17:46:47"}
{"level":"info","message":"Fetching all modules without search","timestamp":"2026-06-06 17:46:47"}
{"level":"info","message":"✅ Found 6 modules","timestamp":"2026-06-06 17:46:47"}
{"count":0,"level":"info","message":"✅ getAllModule response","timestamp":"2026-06-06 17:46:47"}
{"level":"info","message":"🎯 getAllModule request received","pageIndex":0,"pageSize":100,"timestamp":"2026-06-06 17:47:03"}
{"level":"info","message":"getAllModule called","pageIndex":0,"pageSize":100,"timestamp":"2026-06-06 17:47:03"}
{"level":"info","message":"Fetching modules with pagination pageIndex=0, pageSize=100","timestamp":"2026-06-06 17:47:03"}
{"level":"info","message":"Fetching all modules without search","timestamp":"2026-06-06 17:47:03"}
{"level":"info","message":"✅ Found 6 modules","timestamp":"2026-06-06 17:47:03"}
{"count":0,"level":"info","message":"✅ getAllModule response","timestamp":"2026-06-06 17:47:03"}
{"level":"info","message":"🎯 getAllModule request received","pageIndex":0,"pageSize":100,"timestamp":"2026-06-06 17:47:39"}
{"level":"info","message":"getAllModule called","pageIndex":0,"pageSize":100,"timestamp":"2026-06-06 17:47:39"}
{"level":"info","message":"Fetching modules with pagination pageIndex=0, pageSize=100","timestamp":"2026-06-06 17:47:39"}
{"level":"info","message":"Fetching all modules without search","timestamp":"2026-06-06 17:47:39"}
{"level":"info","message":"✅ Found 6 modules","timestamp":"2026-06-06 17:47:39"}
{"count":0,"level":"info","message":"✅ getAllModule response","timestamp":"2026-06-06 17:47:39"}
{"level":"info","message":"🎯 getAllModule request received","pageIndex":0,"pageSize":100,"timestamp":"2026-06-06 17:47:45"}
{"level":"info","message":"getAllModule called","pageIndex":0,"pageSize":100,"timestamp":"2026-06-06 17:47:45"}
{"level":"info","message":"Fetching modules with pagination pageIndex=0, pageSize=100","timestamp":"2026-06-06 17:47:45"}
{"level":"info","message":"Fetching all modules without search","timestamp":"2026-06-06 17:47:45"}
{"level":"info","message":"✅ Found 6 modules","timestamp":"2026-06-06 17:47:45"}
{"count":0,"level":"info","message":"✅ getAllModule response","timestamp":"2026-06-06 17:47:45"}
{"level":"info","message":"🎯 getAllModule request received","pageIndex":0,"pageSize":100,"timestamp":"2026-06-06 17:50:12"}
{"level":"info","message":"getAllModule called","pageIndex":0,"pageSize":100,"timestamp":"2026-06-06 17:50:12"}
{"level":"info","message":"Fetching modules with pagination pageIndex=0, pageSize=100","timestamp":"2026-06-06 17:50:12"}
{"level":"info","message":"Fetching all modules without search","timestamp":"2026-06-06 17:50:12"}
{"level":"info","message":"✅ Found 6 modules","timestamp":"2026-06-06 17:50:12"}
{"count":0,"level":"info","message":"✅ getAllModule response","timestamp":"2026-06-06 17:50:12"}
{"level":"info","message":"🎯 getAllModule request received","pageIndex":0,"pageSize":100,"timestamp":"2026-06-06 17:51:10"}
{"level":"info","message":"getAllModule called","pageIndex":0,"pageSize":100,"timestamp":"2026-06-06 17:51:10"}
{"level":"info","message":"Fetching modules with pagination pageIndex=0, pageSize=100","timestamp":"2026-06-06 17:51:10"}
{"level":"info","message":"Fetching all modules without search","timestamp":"2026-06-06 17:51:10"}
{"level":"info","message":"✅ Found 6 modules","timestamp":"2026-06-06 17:51:10"}
{"count":0,"level":"info","message":"✅ getAllModule response","timestamp":"2026-06-06 17:51:10"}
{"level":"info","message":"🎯 getAllModule request received","pageIndex":0,"pageSize":100,"timestamp":"2026-06-06 17:51:57"}
{"level":"info","message":"getAllModule called","pageIndex":0,"pageSize":100,"timestamp":"2026-06-06 17:51:57"}
{"level":"info","message":"Fetching modules with pagination pageIndex=0, pageSize=100","timestamp":"2026-06-06 17:51:57"}
{"level":"info","message":"Fetching all modules without search","timestamp":"2026-06-06 17:51:57"}
{"level":"info","message":"✅ Found 6 modules","timestamp":"2026-06-06 17:51:57"}
{"count":0,"level":"info","message":"✅ getAllModule response","timestamp":"2026-06-06 17:51:57"}
{"level":"info","message":"🎯 getAllModule request received","pageIndex":0,"pageSize":100,"timestamp":"2026-06-06 17:52:31"}
{"level":"info","message":"getAllModule called","pageIndex":0,"pageSize":100,"timestamp":"2026-06-06 17:52:31"}
{"level":"info","message":"Fetching modules with pagination pageIndex=0, pageSize=100","timestamp":"2026-06-06 17:52:31"}
{"level":"info","message":"Fetching all modules without search","timestamp":"2026-06-06 17:52:31"}
{"level":"info","message":"✅ Found 6 modules","timestamp":"2026-06-06 17:52:31"}
{"count":0,"level":"info","message":"✅ getAllModule response","timestamp":"2026-06-06 17:52:31"}
{"level":"info","message":"🎯 getAllModule request received","pageIndex":0,"pageSize":100,"timestamp":"2026-06-06 17:53:35"}
{"level":"info","message":"getAllModule called","pageIndex":0,"pageSize":100,"timestamp":"2026-06-06 17:53:35"}
{"level":"info","message":"Fetching modules with pagination pageIndex=0, pageSize=100","timestamp":"2026-06-06 17:53:36"}
{"level":"info","message":"Fetching all modules without search","timestamp":"2026-06-06 17:53:36"}
{"level":"info","message":"✅ Found 6 modules","timestamp":"2026-06-06 17:53:36"}
{"count":0,"level":"info","message":"✅ getAllModule response","timestamp":"2026-06-06 17:53:36"}
{"level":"info","message":"🎯 getAllModule request received","pageIndex":0,"pageSize":100,"timestamp":"2026-06-06 17:54:22"}
{"level":"info","message":"getAllModule called","pageIndex":0,"pageSize":100,"timestamp":"2026-06-06 17:54:22"}
{"level":"info","message":"Fetching modules with pagination pageIndex=0, pageSize=100","timestamp":"2026-06-06 17:54:22"}
{"level":"info","message":"Fetching all modules without search","timestamp":"2026-06-06 17:54:22"}
{"level":"info","message":"✅ Found 6 modules","timestamp":"2026-06-06 17:54:22"}
{"count":0,"level":"info","message":"✅ getAllModule response","timestamp":"2026-06-06 17:54:22"}
{"level":"info","message":"🎯 getAllModule request received","pageIndex":0,"pageSize":100,"timestamp":"2026-06-06 17:54:55"}
{"level":"info","message":"getAllModule called","pageIndex":0,"pageSize":100,"timestamp":"2026-06-06 17:54:55"}
{"level":"info","message":"Fetching modules with pagination pageIndex=0, pageSize=100","timestamp":"2026-06-06 17:54:55"}
{"level":"info","message":"Fetching all modules without search","timestamp":"2026-06-06 17:54:55"}
{"level":"info","message":"✅ Found 6 modules","timestamp":"2026-06-06 17:54:55"}
{"count":0,"level":"info","message":"✅ getAllModule response","timestamp":"2026-06-06 17:54:55"}
{"level":"info","message":"🎯 getAllModule request received","pageIndex":0,"pageSize":100,"timestamp":"2026-06-06 17:56:42"}
{"level":"info","message":"getAllModule called","pageIndex":0,"pageSize":100,"timestamp":"2026-06-06 17:56:42"}
{"level":"info","message":"Fetching modules with pagination pageIndex=0, pageSize=100","timestamp":"2026-06-06 17:56:42"}
{"level":"info","message":"Fetching all modules without search","timestamp":"2026-06-06 17:56:42"}
{"level":"info","message":"✅ Found 6 modules","timestamp":"2026-06-06 17:56:42"}
{"count":0,"level":"info","message":"✅ getAllModule response","timestamp":"2026-06-06 17:56:42"}
{"level":"info","message":"🎯 getAllModule request received","pageIndex":0,"pageSize":100,"timestamp":"2026-06-06 17:57:59"}
{"level":"info","message":"getAllModule called","pageIndex":0,"pageSize":100,"timestamp":"2026-06-06 17:57:59"}
{"level":"info","message":"Fetching modules with pagination pageIndex=0, pageSize=100","timestamp":"2026-06-06 17:57:59"}
{"level":"info","message":"Fetching all modules without search","timestamp":"2026-06-06 17:57:59"}
{"level":"info","message":"✅ Found 6 modules","timestamp":"2026-06-06 17:57:59"}
{"count":0,"level":"info","message":"✅ getAllModule response","timestamp":"2026-06-06 17:57:59"}
{"level":"info","message":"🎯 getAllModule request received","pageIndex":0,"pageSize":100,"timestamp":"2026-06-06 18:01:00"}
{"level":"info","message":"getAllModule called","pageIndex":0,"pageSize":100,"timestamp":"2026-06-06 18:01:00"}
{"level":"info","message":"Fetching modules with pagination pageIndex=0, pageSize=100","timestamp":"2026-06-06 18:01:00"}
{"level":"info","message":"Fetching all modules without search","timestamp":"2026-06-06 18:01:00"}
{"level":"info","message":"✅ Found 6 modules","timestamp":"2026-06-06 18:01:00"}
{"count":0,"level":"info","message":"✅ getAllModule response","timestamp":"2026-06-06 18:01:00"}
{"level":"info","message":"🎯 getAllModule request received","pageIndex":0,"pageSize":100,"timestamp":"2026-06-06 18:01:31"}
{"level":"info","message":"getAllModule called","pageIndex":0,"pageSize":100,"timestamp":"2026-06-06 18:01:31"}
{"level":"info","message":"Fetching modules with pagination pageIndex=0, pageSize=100","timestamp":"2026-06-06 18:01:31"}
{"level":"info","message":"Fetching all modules without search","timestamp":"2026-06-06 18:01:31"}
{"level":"info","message":"✅ Found 6 modules","timestamp":"2026-06-06 18:01:31"}
{"count":0,"level":"info","message":"✅ getAllModule response","timestamp":"2026-06-06 18:01:31"}
{"level":"info","message":"🎯 getAllModule request received","pageIndex":0,"pageSize":100,"timestamp":"2026-06-06 18:01:35"}
{"level":"info","message":"getAllModule called","pageIndex":0,"pageSize":100,"timestamp":"2026-06-06 18:01:35"}
{"level":"info","message":"Fetching modules with pagination pageIndex=0, pageSize=100","timestamp":"2026-06-06 18:01:35"}
{"level":"info","message":"Fetching all modules without search","timestamp":"2026-06-06 18:01:35"}
{"level":"info","message":"✅ Found 6 modules","timestamp":"2026-06-06 18:01:35"}
{"count":0,"level":"info","message":"✅ getAllModule response","timestamp":"2026-06-06 18:01:35"}
{"level":"info","message":"🎯 getAllModule request received","pageIndex":0,"pageSize":100,"timestamp":"2026-06-06 18:02:32"}
{"level":"info","message":"getAllModule called","pageIndex":0,"pageSize":100,"timestamp":"2026-06-06 18:02:32"}
{"level":"info","message":"Fetching modules with pagination pageIndex=0, pageSize=100","timestamp":"2026-06-06 18:02:32"}
{"level":"info","message":"Fetching all modules without search","timestamp":"2026-06-06 18:02:32"}
{"level":"info","message":"✅ Found 6 modules","timestamp":"2026-06-06 18:02:32"}
{"count":0,"level":"info","message":"✅ getAllModule response","timestamp":"2026-06-06 18:02:32"}
{"level":"info","message":"🎯 getAllModule request received","pageIndex":0,"pageSize":100,"timestamp":"2026-06-06 18:03:54"}
{"level":"info","message":"getAllModule called","pageIndex":0,"pageSize":100,"timestamp":"2026-06-06 18:03:54"}
{"level":"info","message":"Fetching modules with pagination pageIndex=0, pageSize=100","timestamp":"2026-06-06 18:03:54"}
{"level":"info","message":"Fetching all modules without search","timestamp":"2026-06-06 18:03:54"}
{"level":"info","message":"✅ Found 6 modules","timestamp":"2026-06-06 18:03:54"}
{"count":0,"level":"info","message":"✅ getAllModule response","timestamp":"2026-06-06 18:03:54"}
{"level":"info","message":"🎯 getAllModule request received","pageIndex":0,"pageSize":100,"timestamp":"2026-06-06 18:08:53"}
{"level":"info","message":"getAllModule called","pageIndex":0,"pageSize":100,"timestamp":"2026-06-06 18:08:53"}
{"level":"info","message":"Fetching modules with pagination pageIndex=0, pageSize=100","timestamp":"2026-06-06 18:08:53"}
{"level":"info","message":"Fetching all modules without search","timestamp":"2026-06-06 18:08:53"}
{"level":"info","message":"✅ Found 6 modules","timestamp":"2026-06-06 18:08:53"}
{"count":0,"level":"info","message":"✅ getAllModule response","timestamp":"2026-06-06 18:08:53"}
{"level":"info","message":"🎯 getAllModule request received","pageIndex":0,"pageSize":100,"timestamp":"2026-06-06 18:10:45"}
{"level":"info","message":"getAllModule called","pageIndex":0,"pageSize":100,"timestamp":"2026-06-06 18:10:45"}
{"level":"info","message":"Fetching modules with pagination pageIndex=0, pageSize=100","timestamp":"2026-06-06 18:10:45"}
{"level":"info","message":"Fetching all modules without search","timestamp":"2026-06-06 18:10:45"}
{"level":"info","message":"✅ Found 6 modules","timestamp":"2026-06-06 18:10:45"}
{"count":0,"level":"info","message":"✅ getAllModule response","timestamp":"2026-06-06 18:10:45"}
{"level":"info","message":"🎯 getAllModule request received","pageIndex":0,"pageSize":100,"timestamp":"2026-06-06 18:12:06"}
{"level":"info","message":"getAllModule called","pageIndex":0,"pageSize":100,"timestamp":"2026-06-06 18:12:06"}
{"level":"info","message":"Fetching modules with pagination pageIndex=0, pageSize=100","timestamp":"2026-06-06 18:12:06"}
{"level":"info","message":"Fetching all modules without search","timestamp":"2026-06-06 18:12:06"}
{"level":"info","message":"✅ Found 6 modules","timestamp":"2026-06-06 18:12:06"}
{"count":0,"level":"info","message":"✅ getAllModule response","timestamp":"2026-06-06 18:12:06"}
{"level":"info","message":"🎯 getAllModule request received","pageIndex":0,"pageSize":100,"timestamp":"2026-06-06 18:13:58"}
{"level":"info","message":"getAllModule called","pageIndex":0,"pageSize":100,"timestamp":"2026-06-06 18:13:59"}
{"level":"info","message":"Fetching modules with pagination pageIndex=0, pageSize=100","timestamp":"2026-06-06 18:13:59"}
{"level":"info","message":"Fetching all modules without search","timestamp":"2026-06-06 18:13:59"}
{"level":"info","message":"✅ Found 6 modules","timestamp":"2026-06-06 18:13:59"}
{"count":0,"level":"info","message":"✅ getAllModule response","timestamp":"2026-06-06 18:13:59"}
{"level":"info","message":"🎯 getAllModule request received","pageIndex":0,"pageSize":100,"timestamp":"2026-06-06 18:15:13"}
{"level":"info","message":"getAllModule called","pageIndex":0,"pageSize":100,"timestamp":"2026-06-06 18:15:13"}
{"level":"info","message":"Fetching modules with pagination pageIndex=0, pageSize=100","timestamp":"2026-06-06 18:15:13"}
{"level":"info","message":"Fetching all modules without search","timestamp":"2026-06-06 18:15:13"}
{"level":"info","message":"✅ Found 6 modules","timestamp":"2026-06-06 18:15:13"}
{"count":0,"level":"info","message":"✅ getAllModule response","timestamp":"2026-06-06 18:15:13"}
{"body":{},"level":"info","message":"📥 [getAllUsers] Incoming request","query":{"pageIndex":"0","pageSize":"10"},"timestamp":"2026-06-06 18:16:04"}
{"level":"info","message":"🔍 [getAllUsers] Parsed filters","pageIndex":0,"pageSize":10,"searchText":"","timestamp":"2026-06-06 18:16:04"}
{"level":"info","message":"getAllUsers called","pageIndex":0,"pageSize":10,"searchText":"","timestamp":"2026-06-06 18:16:04"}
{"level":"info","message":"Fetching all users without search filter","timestamp":"2026-06-06 18:16:04"}
{"level":"info","message":"Pagination applied: skip=0, limit=10","timestamp":"2026-06-06 18:16:04"}
{"level":"info","message":"✅ Found 5 users","timestamp":"2026-06-06 18:16:04"}
{"level":"info","message":"✅ [getAllUsers] Service response received","responseCode":200,"timestamp":"2026-06-06 18:16:04"}
{"level":"info","message":"🎯 getAllModule request received","pageIndex":0,"pageSize":100,"timestamp":"2026-06-06 18:16:35"}
{"level":"info","message":"getAllModule called","pageIndex":0,"pageSize":100,"timestamp":"2026-06-06 18:16:35"}
{"level":"info","message":"Fetching modules with pagination pageIndex=0, pageSize=100","timestamp":"2026-06-06 18:16:35"}
{"level":"info","message":"Fetching all modules without search","timestamp":"2026-06-06 18:16:35"}
{"level":"info","message":"✅ Found 6 modules","timestamp":"2026-06-06 18:16:35"}
{"count":0,"level":"info","message":"✅ getAllModule response","timestamp":"2026-06-06 18:16:35"}
{"body":{},"level":"info","message":"📥 [getAllUsers] Incoming request","query":{"pageIndex":"0","pageSize":"10"},"timestamp":"2026-06-06 18:16:39"}
{"level":"info","message":"🔍 [getAllUsers] Parsed filters","pageIndex":0,"pageSize":10,"searchText":"","timestamp":"2026-06-06 18:16:39"}
{"level":"info","message":"getAllUsers called","pageIndex":0,"pageSize":10,"searchText":"","timestamp":"2026-06-06 18:16:39"}
{"level":"info","message":"Fetching all users without search filter","timestamp":"2026-06-06 18:16:39"}
{"level":"info","message":"Pagination applied: skip=0, limit=10","timestamp":"2026-06-06 18:16:39"}
{"level":"info","message":"✅ Found 5 users","timestamp":"2026-06-06 18:16:39"}
{"level":"info","message":"✅ [getAllUsers] Service response received","responseCode":200,"timestamp":"2026-06-06 18:16:39"}
{"body":{},"level":"info","message":"📥 [getAllUsers] Incoming request","query":{"pageIndex":"0","pageSize":"10"},"timestamp":"2026-06-06 18:17:15"}
{"level":"info","message":"🔍 [getAllUsers] Parsed filters","pageIndex":0,"pageSize":10,"searchText":"","timestamp":"2026-06-06 18:17:15"}
{"level":"info","message":"getAllUsers called","pageIndex":0,"pageSize":10,"searchText":"","timestamp":"2026-06-06 18:17:15"}
{"level":"info","message":"Fetching all users without search filter","timestamp":"2026-06-06 18:17:15"}
{"level":"info","message":"Pagination applied: skip=0, limit=10","timestamp":"2026-06-06 18:17:15"}
{"level":"info","message":"✅ Found 5 users","timestamp":"2026-06-06 18:17:15"}
{"level":"info","message":"✅ [getAllUsers] Service response received","responseCode":200,"timestamp":"2026-06-06 18:17:15"}
{"body":{},"level":"info","message":"📥 [getAllUsers] Incoming request","query":{"pageIndex":"0","pageSize":"10"},"timestamp":"2026-06-06 18:17:45"}
{"level":"info","message":"🔍 [getAllUsers] Parsed filters","pageIndex":0,"pageSize":10,"searchText":"","timestamp":"2026-06-06 18:17:45"}
{"level":"info","message":"getAllUsers called","pageIndex":0,"pageSize":10,"searchText":"","timestamp":"2026-06-06 18:17:45"}
{"level":"info","message":"Fetching all users without search filter","timestamp":"2026-06-06 18:17:45"}
{"level":"info","message":"Pagination applied: skip=0, limit=10","timestamp":"2026-06-06 18:17:45"}
{"level":"info","message":"✅ Found 5 users","timestamp":"2026-06-06 18:17:45"}
{"level":"info","message":"✅ [getAllUsers] Service response received","responseCode":200,"timestamp":"2026-06-06 18:17:45"}
{"body":{},"level":"info","message":"📥 [getAllUsers] Incoming request","query":{"pageIndex":"0","pageSize":"10"},"timestamp":"2026-06-06 18:19:01"}
{"level":"info","message":"🔍 [getAllUsers] Parsed filters","pageIndex":0,"pageSize":10,"searchText":"","timestamp":"2026-06-06 18:19:01"}
{"level":"info","message":"getAllUsers called","pageIndex":0,"pageSize":10,"searchText":"","timestamp":"2026-06-06 18:19:01"}
{"level":"info","message":"Fetching all users without search filter","timestamp":"2026-06-06 18:19:01"}
{"level":"info","message":"Pagination applied: skip=0, limit=10","timestamp":"2026-06-06 18:19:01"}
{"level":"info","message":"✅ Found 5 users","timestamp":"2026-06-06 18:19:01"}
{"level":"info","message":"✅ [getAllUsers] Service response received","responseCode":200,"timestamp":"2026-06-06 18:19:01"}
{"body":{},"level":"info","message":"📥 [getAllUsers] Incoming request","query":{"pageIndex":"0","pageSize":"10"},"timestamp":"2026-06-06 18:19:34"}
{"level":"info","message":"🔍 [getAllUsers] Parsed filters","pageIndex":0,"pageSize":10,"searchText":"","timestamp":"2026-06-06 18:19:34"}
{"level":"info","message":"getAllUsers called","pageIndex":0,"pageSize":10,"searchText":"","timestamp":"2026-06-06 18:19:34"}
{"level":"info","message":"Fetching all users without search filter","timestamp":"2026-06-06 18:19:34"}
{"level":"info","message":"Pagination applied: skip=0, limit=10","timestamp":"2026-06-06 18:19:34"}
{"level":"info","message":"✅ Found 5 users","timestamp":"2026-06-06 18:19:34"}
{"level":"info","message":"✅ [getAllUsers] Service response received","responseCode":200,"timestamp":"2026-06-06 18:19:34"}
{"body":{},"level":"info","message":"📥 [getAllUsers] Incoming request","query":{"pageIndex":"0","pageSize":"10"},"timestamp":"2026-06-06 18:20:47"}
{"level":"info","message":"🔍 [getAllUsers] Parsed filters","pageIndex":0,"pageSize":10,"searchText":"","timestamp":"2026-06-06 18:20:47"}
{"level":"info","message":"getAllUsers called","pageIndex":0,"pageSize":10,"searchText":"","timestamp":"2026-06-06 18:20:47"}
{"level":"info","message":"Fetching all users without search filter","timestamp":"2026-06-06 18:20:47"}
{"level":"info","message":"Pagination applied: skip=0, limit=10","timestamp":"2026-06-06 18:20:47"}
{"level":"info","message":"✅ Found 5 users","timestamp":"2026-06-06 18:20:47"}
{"level":"info","message":"✅ [getAllUsers] Service response received","responseCode":200,"timestamp":"2026-06-06 18:20:47"}
{"body":{},"level":"info","message":"📥 [getAllUsers] Incoming request","query":{"pageIndex":"0","pageSize":"10"},"timestamp":"2026-06-06 18:21:30"}
{"level":"info","message":"🔍 [getAllUsers] Parsed filters","pageIndex":0,"pageSize":10,"searchText":"","timestamp":"2026-06-06 18:21:30"}
{"level":"info","message":"getAllUsers called","pageIndex":0,"pageSize":10,"searchText":"","timestamp":"2026-06-06 18:21:30"}
{"level":"info","message":"Fetching all users without search filter","timestamp":"2026-06-06 18:21:30"}
{"level":"info","message":"Pagination applied: skip=0, limit=10","timestamp":"2026-06-06 18:21:30"}
{"level":"info","message":"✅ Found 5 users","timestamp":"2026-06-06 18:21:30"}
{"level":"info","message":"✅ [getAllUsers] Service response received","responseCode":200,"timestamp":"2026-06-06 18:21:30"}
{"body":{},"level":"info","message":"📥 [getAllUsers] Incoming request","query":{"pageIndex":"0","pageSize":"10"},"timestamp":"2026-06-06 18:22:08"}
{"level":"info","message":"🔍 [getAllUsers] Parsed filters","pageIndex":0,"pageSize":10,"searchText":"","timestamp":"2026-06-06 18:22:08"}
{"level":"info","message":"getAllUsers called","pageIndex":0,"pageSize":10,"searchText":"","timestamp":"2026-06-06 18:22:08"}
{"level":"info","message":"Fetching all users without search filter","timestamp":"2026-06-06 18:22:08"}
{"level":"info","message":"Pagination applied: skip=0, limit=10","timestamp":"2026-06-06 18:22:08"}
{"level":"info","message":"✅ Found 5 users","timestamp":"2026-06-06 18:22:08"}
{"level":"info","message":"✅ [getAllUsers] Service response received","responseCode":200,"timestamp":"2026-06-06 18:22:08"}
{"body":{},"level":"info","message":"📥 [getAllUsers] Incoming request","query":{"pageIndex":"0","pageSize":"10"},"timestamp":"2026-06-06 18:23:50"}
{"level":"info","message":"🔍 [getAllUsers] Parsed filters","pageIndex":0,"pageSize":10,"searchText":"","timestamp":"2026-06-06 18:23:50"}
{"level":"info","message":"getAllUsers called","pageIndex":0,"pageSize":10,"searchText":"","timestamp":"2026-06-06 18:23:50"}
{"level":"info","message":"Fetching all users without search filter","timestamp":"2026-06-06 18:23:50"}
{"level":"info","message":"Pagination applied: skip=0, limit=10","timestamp":"2026-06-06 18:23:50"}
{"level":"info","message":"✅ Found 5 users","timestamp":"2026-06-06 18:23:50"}
{"level":"info","message":"✅ [getAllUsers] Service response received","responseCode":200,"timestamp":"2026-06-06 18:23:50"}
{"body":{},"level":"info","message":"📥 [getAllUsers] Incoming request","query":{"pageIndex":"0","pageSize":"10"},"timestamp":"2026-06-06 18:24:30"}
{"level":"info","message":"🔍 [getAllUsers] Parsed filters","pageIndex":0,"pageSize":10,"searchText":"","timestamp":"2026-06-06 18:24:30"}
{"level":"info","message":"getAllUsers called","pageIndex":0,"pageSize":10,"searchText":"","timestamp":"2026-06-06 18:24:30"}
{"level":"info","message":"Fetching all users without search filter","timestamp":"2026-06-06 18:24:30"}
{"level":"info","message":"Pagination applied: skip=0, limit=10","timestamp":"2026-06-06 18:24:30"}
{"level":"info","message":"✅ Found 5 users","timestamp":"2026-06-06 18:24:30"}
{"level":"info","message":"✅ [getAllUsers] Service response received","responseCode":200,"timestamp":"2026-06-06 18:24:30"}
{"body":{},"level":"info","message":"📥 [getAllUsers] Incoming request","query":{"pageIndex":"0","pageSize":"10"},"timestamp":"2026-06-06 18:26:32"}
{"level":"info","message":"🔍 [getAllUsers] Parsed filters","pageIndex":0,"pageSize":10,"searchText":"","timestamp":"2026-06-06 18:26:32"}
{"level":"info","message":"getAllUsers called","pageIndex":0,"pageSize":10,"searchText":"","timestamp":"2026-06-06 18:26:32"}
{"level":"info","message":"Fetching all users without search filter","timestamp":"2026-06-06 18:26:32"}
{"level":"info","message":"Pagination applied: skip=0, limit=10","timestamp":"2026-06-06 18:26:32"}
{"level":"info","message":"✅ Found 5 users","timestamp":"2026-06-06 18:26:32"}
{"level":"info","message":"✅ [getAllUsers] Service response received","responseCode":200,"timestamp":"2026-06-06 18:26:32"}
{"body":{},"level":"info","message":"📥 [getAllUsers] Incoming request","query":{"pageIndex":"0","pageSize":"10"},"timestamp":"2026-06-06 18:27:41"}
{"level":"info","message":"🔍 [getAllUsers] Parsed filters","pageIndex":0,"pageSize":10,"searchText":"","timestamp":"2026-06-06 18:27:41"}
{"level":"info","message":"getAllUsers called","pageIndex":0,"pageSize":10,"searchText":"","timestamp":"2026-06-06 18:27:41"}
{"level":"info","message":"Fetching all users without search filter","timestamp":"2026-06-06 18:27:41"}
{"level":"info","message":"Pagination applied: skip=0, limit=10","timestamp":"2026-06-06 18:27:41"}
{"level":"info","message":"✅ Found 5 users","timestamp":"2026-06-06 18:27:41"}
{"level":"info","message":"✅ [getAllUsers] Service response received","responseCode":200,"timestamp":"2026-06-06 18:27:41"}
{"body":{},"level":"info","message":"📥 [getAllUsers] Incoming request","query":{"pageIndex":"0","pageSize":"10"},"timestamp":"2026-06-06 18:28:30"}
{"level":"info","message":"🔍 [getAllUsers] Parsed filters","pageIndex":0,"pageSize":10,"searchText":"","timestamp":"2026-06-06 18:28:30"}
{"level":"info","message":"getAllUsers called","pageIndex":0,"pageSize":10,"searchText":"","timestamp":"2026-06-06 18:28:30"}
{"level":"info","message":"Fetching all users without search filter","timestamp":"2026-06-06 18:28:30"}
{"level":"info","message":"Pagination applied: skip=0, limit=10","timestamp":"2026-06-06 18:28:30"}
{"level":"info","message":"✅ Found 5 users","timestamp":"2026-06-06 18:28:30"}
{"level":"info","message":"✅ [getAllUsers] Service response received","responseCode":200,"timestamp":"2026-06-06 18:28:30"}
{"level":"info","message":"✅ File saved locally: 7.jpg → http://localhost:7000/uploads/family-profile/0c8c42ca-b775-4f3b-9914-34a8f43576e5.jpg","timestamp":"2026-06-07 12:05:56"}
{"level":"info","message":"✅ File saved locally: 7.jpg → http://localhost:7000/uploads/family-profile/76c88b89-f5f5-4715-9e7c-d0a89c15699e.jpg","timestamp":"2026-06-07 12:10:13"}
{"level":"info","message":"✅ File saved locally: 7.jpg → http://localhost:7000/uploads/family-profile/4f910e30-b814-4156-ab4d-4a4f8cc3b623.jpg","timestamp":"2026-06-07 12:13:09"}
{"level":"info","message":"✅ File saved locally: 7.jpg → http://localhost:7000/uploads/family-profile/bfecf1a1-0b99-41ec-b6ea-698bbf255e43.jpg","timestamp":"2026-06-07 12:13:45"}
{"level":"info","message":"Checking duplicate family","timestamp":"2026-06-07 15:52:18"}
{"level":"info","message":"Searching duplicate family for Dilip Patel","timestamp":"2026-06-07 15:52:18"}
{"level":"info","message":"Father details mismatch, not duplicate","timestamp":"2026-06-07 15:52:18"}
{"level":"info","message":"Starting family creation process","timestamp":"2026-06-07 15:52:25"}
{"level":"info","message":"Generating familyId for Dewas-Tonkkhurd-Piplayasadak","timestamp":"2026-06-07 15:52:25"}
{"level":"info","message":"Generated familyId: KFP-DEW-TON-PIP-00005","timestamp":"2026-06-07 15:52:25"}
{"level":"info","message":"Creating family head person","timestamp":"2026-06-07 15:52:25"}
{"level":"info","message":"Head person created: 6a2546610a56f0479dda1d5f","timestamp":"2026-06-07 15:52:25"}
{"level":"info","message":"Creating family document","timestamp":"2026-06-07 15:52:25"}
{"level":"info","message":"Family created: 6a2546610a56f0479dda1d61","timestamp":"2026-06-07 15:52:25"}
{"level":"info","message":"Updating head person with family references","timestamp":"2026-06-07 15:52:25"}
{"level":"info","message":"Head person updated: 6a2546610a56f0479dda1d5f","timestamp":"2026-06-07 15:52:25"}
{"level":"info","message":"Family creation transaction committed successfully: KFP-DEW-TON-PIP-00005","timestamp":"2026-06-07 15:52:25"}
{"level":"info","message":"Starting family creation process","timestamp":"2026-06-07 15:55:15"}
{"level":"info","message":"Generating familyId for Dewas-Tonkkhurd-Piplayasadak","timestamp":"2026-06-07 15:55:15"}
{"level":"info","message":"Generated familyId: KFP-DEW-TON-PIP-00001","timestamp":"2026-06-07 15:55:15"}
{"level":"info","message":"Creating family head person","timestamp":"2026-06-07 15:55:15"}
{"level":"info","message":"Head person created: 6a25470b0a56f0479dda1d65","timestamp":"2026-06-07 15:55:15"}
{"level":"info","message":"Creating family document","timestamp":"2026-06-07 15:55:15"}
{"level":"info","message":"Family created: 6a25470b0a56f0479dda1d67","timestamp":"2026-06-07 15:55:15"}
{"level":"info","message":"Updating head person with family references","timestamp":"2026-06-07 15:55:15"}
{"level":"info","message":"Head person updated: 6a25470b0a56f0479dda1d65","timestamp":"2026-06-07 15:55:15"}
{"level":"info","message":"Family creation transaction committed successfully: KFP-DEW-TON-PIP-00001","timestamp":"2026-06-07 15:55:15"}
{"level":"info","message":"Checking duplicate family","timestamp":"2026-06-07 15:55:21"}
{"level":"info","message":"Searching duplicate family for Dilip Patel","timestamp":"2026-06-07 15:55:21"}
{"level":"info","message":"Father details mismatch, not duplicate","timestamp":"2026-06-07 15:55:22"}
{"level":"info","message":"Checking duplicate family","timestamp":"2026-06-07 16:17:23"}
{"error":"District is required","level":"error","message":"checkDuplicateFamilyService error","stack":"Error: District is required\n    at checkDuplicateFamilyService (file:///D:/Nitesh/my-development/NodeJs/Project/kalota-family-portal/src/services/FamilyService.js:77:15)\n    at checkDuplicateFamily (file:///D:/Nitesh/my-development/NodeJs/Project/kalota-family-portal/src/controllers/FamilyController.js:9:15)\n    at Layer.handle [as handle_request] (D:\\Nitesh\\my-development\\NodeJs\\Project\\kalota-family-portal\\node_modules\\express\\lib\\router\\layer.js:95:5)\n    at next (D:\\Nitesh\\my-development\\NodeJs\\Project\\kalota-family-portal\\node_modules\\express\\lib\\router\\route.js:149:13)\n    at Route.dispatch (D:\\Nitesh\\my-development\\NodeJs\\Project\\kalota-family-portal\\node_modules\\express\\lib\\router\\route.js:119:3)\n    at Layer.handle [as handle_request] (D:\\Nitesh\\my-development\\NodeJs\\Project\\kalota-family-portal\\node_modules\\express\\lib\\router\\layer.js:95:5)\n    at D:\\Nitesh\\my-development\\NodeJs\\Project\\kalota-family-portal\\node_modules\\express\\lib\\router\\index.js:284:15\n    at Function.process_params (D:\\Nitesh\\my-development\\NodeJs\\Project\\kalota-family-portal\\node_modules\\express\\lib\\router\\index.js:346:12)\n    at next (D:\\Nitesh\\my-development\\NodeJs\\Project\\kalota-family-portal\\node_modules\\express\\lib\\router\\index.js:280:10)\n    at Function.handle (D:\\Nitesh\\my-development\\NodeJs\\Project\\kalota-family-portal\\node_modules\\express\\lib\\router\\index.js:175:3)","timestamp":"2026-06-07 16:17:23"}
{"level":"info","message":"Checking duplicate family","timestamp":"2026-06-07 16:24:47"}
{"level":"info","message":"Searching duplicate family for Dilip Patel","timestamp":"2026-06-07 16:24:47"}
{"level":"info","message":"No duplicate family found","timestamp":"2026-06-07 16:24:47"}
{"level":"info","message":"Starting family creation process","timestamp":"2026-06-07 16:31:22"}
{"level":"info","message":"Generating familyId for Dewas-Tonkkhurd-Piplayasadak","timestamp":"2026-06-07 16:31:22"}
{"level":"info","message":"Generated familyId: KFP-DEW-TON-PIP-00001","timestamp":"2026-06-07 16:31:22"}
{"level":"info","message":"Creating HEAD profile","timestamp":"2026-06-07 16:31:22"}
{"level":"info","message":"Head person created: 6a254f82d9f5d31ec5784aae","timestamp":"2026-06-07 16:31:22"}
{"level":"info","message":"Creating family document","timestamp":"2026-06-07 16:31:22"}
{"level":"info","message":"Family created: 6a254f82d9f5d31ec5784ab0","timestamp":"2026-06-07 16:31:22"}
{"level":"info","message":"Head person updated with family reference","timestamp":"2026-06-07 16:31:22"}
{"level":"info","message":"Family creation successful: KFP-DEW-TON-PIP-00001","timestamp":"2026-06-07 16:31:22"}
{"level":"info","message":"Checking duplicate family","timestamp":"2026-06-07 16:31:31"}
{"level":"info","message":"Searching duplicate family for Dilip Patel","timestamp":"2026-06-07 16:31:31"}
{"level":"info","message":"No duplicate family found","timestamp":"2026-06-07 16:31:31"}
{"level":"info","message":"Checking duplicate family","timestamp":"2026-06-07 16:59:07"}
{"level":"info","message":"Searching duplicate family for Dilip Patel","timestamp":"2026-06-07 16:59:07"}
{"level":"warn","message":"Possible duplicate family found: KFP-DEW-TON-PIP-00001","timestamp":"2026-06-07 16:59:07"}
{"level":"info","message":"Starting family creation process","timestamp":"2026-06-07 16:59:30"}
{"level":"info","message":"Generating familyId for Dewas-Tonkkhurd-Piplayasadak","timestamp":"2026-06-07 16:59:30"}
{"error":"Family already exists with Family ID: KFP-DEW-TON-PIP-00001","level":"error","message":"createFamilyHeadService error","stack":"Error: Family already exists with Family ID: KFP-DEW-TON-PIP-00001\n    at createFamilyHeadService (file:///D:/Nitesh/my-development/NodeJs/Project/kalota-family-portal/src/services/FamilyService.js:271:15)\n    at process.processTicksAndRejections (node:internal/process/task_queues:105:5)\n    at async createFamilyHead (file:///D:/Nitesh/my-development/NodeJs/Project/kalota-family-portal/src/controllers/FamilyController.js:54:9)","timestamp":"2026-06-07 16:59:31"}
{"level":"info","message":"Creating father profile for family: KFP-DEW-TON-PIP-00001","timestamp":"2026-06-07 17:34:59"}
{"error":"getPersonByFamilyId is not defined","level":"error","message":"createFatherProfileService error","timestamp":"2026-06-07 17:34:59"}
{"level":"info","message":"Creating father profile for family: KFP-DEW-TON-PIP-00001","timestamp":"2026-06-07 17:36:02"}
{"error":"incrementFamilyMembers is not defined","level":"error","message":"createFatherProfileService error","timestamp":"2026-06-07 17:36:02"}
{"level":"info","message":"Creating father profile for family: KFP-DEW-TON-PIP-00001","timestamp":"2026-06-07 17:36:26"}
{"level":"info","message":"Father profile created successfully","timestamp":"2026-06-07 17:36:27"}
{"level":"info","message":"Creating mother profile for familyId: KFP-DEW-TON-PIP-00001","timestamp":"2026-06-07 19:24:06"}
{"error":"Family is not defined","level":"error","message":"createMotherProfileService error","timestamp":"2026-06-07 19:24:06"}
{"level":"info","message":"Creating mother profile for family: KFP-DEW-TON-PIP-00001","timestamp":"2026-06-07 19:31:34"}
{"level":"info","message":"Mother profile created successfully","timestamp":"2026-06-07 19:31:35"}
{"level":"info","message":"Creating spouse profile for familyId: KFP-DEW-TON-PIP-00001","timestamp":"2026-06-07 19:39:46"}
{"level":"info","message":"Spouse profile created successfully","timestamp":"2026-06-07 19:39:46"}
{"level":"info","message":"Creating spouse profile for familyId: KFP-DEW-TON-PIP-00001","timestamp":"2026-06-08 11:09:36"}
{"level":"info","message":"Spouse profile created successfully","timestamp":"2026-06-08 11:09:37"}
{"level":"info","message":"Updating profile: 6a257baa909fdd0e69ef2096","timestamp":"2026-06-08 13:08:21"}
{"level":"info","message":"Profile updated successfully","timestamp":"2026-06-08 13:08:22"}
{"level":"info","message":"Deleting profile: 6a257baa909fdd0e69ef2096","timestamp":"2026-06-08 13:14:29"}
{"level":"info","message":"Profile deleted successfully","timestamp":"2026-06-08 13:14:29"}
{"level":"info","message":"Deleting profile: 6a257baa909fdd0e69ef2096","timestamp":"2026-06-08 13:14:35"}
{"error":"Profile not found","level":"error","message":"deleteProfileService error","timestamp":"2026-06-08 13:14:35"}
{"level":"info","message":"Deleting profile: 6a257baa909fdd0e69ef2096","timestamp":"2026-06-08 13:17:49"}
{"error":"Profile not found","level":"error","message":"deleteProfileService error","timestamp":"2026-06-08 13:17:49"}
{"level":"info","message":"Creating spouse profile for familyId: KFP-DEW-TON-PIP-00001","timestamp":"2026-06-08 13:18:40"}
{"level":"info","message":"Spouse profile created successfully","timestamp":"2026-06-08 13:18:41"}
{"level":"info","message":"Deleting profile: 6a257baa909fdd0e69ef2096","timestamp":"2026-06-08 13:18:51"}
{"error":"Profile not found","level":"error","message":"deleteProfileService error","timestamp":"2026-06-08 13:18:51"}
{"level":"info","message":"Deleting profile: 6a257baa909fdd0e69ef2096","timestamp":"2026-06-08 13:21:52"}
{"error":"Profile not found","level":"error","message":"deleteProfileService error","timestamp":"2026-06-08 13:21:52"}
{"level":"info","message":"Deleting profile: 6a2673d87eeb5c5ec81ea1c9","timestamp":"2026-06-08 13:22:10"}
{"level":"info","message":"Profile deleted successfully","timestamp":"2026-06-08 13:22:10"}
{"level":"info","message":"Deleting profile: 6a2673d87eeb5c5ec81ea1c9","timestamp":"2026-06-08 13:22:19"}
{"error":"Profile not found","level":"error","message":"deleteProfileService error","timestamp":"2026-06-08 13:22:19"}
{"level":"info","message":"Creating spouse profile for familyId: KFP-DEW-TON-PIP-00001","timestamp":"2026-06-08 13:22:26"}
{"level":"info","message":"Spouse profile created successfully","timestamp":"2026-06-08 13:22:27"}
{"level":"info","message":"Creating sister profile for familyId: KFP-DEW-TON-PIP-00001","timestamp":"2026-06-08 13:32:06"}
{"level":"info","message":"Sister profile created successfully","timestamp":"2026-06-08 13:32:06"}
{"level":"info","message":"Updating district with id: string","timestamp":"2026-06-08 15:24:15"}
{"level":"error","message":"Error in addDistrict: CastError: Cast to ObjectId failed for value \"string\" (type string) at path \"_id\" for model \"District\"\n    at SchemaObjectId.cast (D:\\Nitesh\\my-development\\NodeJs\\Project\\kalota-family-portal\\node_modules\\mongoose\\lib\\schema\\objectId.js:253:11)\n    at SchemaType.applySetters (D:\\Nitesh\\my-development\\NodeJs\\Project\\kalota-family-portal\\node_modules\\mongoose\\lib\\schemaType.js:1288:12)\n    at SchemaType.castForQuery (D:\\Nitesh\\my-development\\NodeJs\\Project\\kalota-family-portal\\node_modules\\mongoose\\lib\\schemaType.js:1718:17)\n    at cast (D:\\Nitesh\\my-development\\NodeJs\\Project\\kalota-family-portal\\node_modules\\mongoose\\lib\\cast.js:390:32)\n    at Query.cast (D:\\Nitesh\\my-development\\NodeJs\\Project\\kalota-family-portal\\node_modules\\mongoose\\lib\\query.js:5060:12)\n    at Query._castConditions (D:\\Nitesh\\my-development\\NodeJs\\Project\\kalota-family-portal\\node_modules\\mongoose\\lib\\query.js:2374:10)\n    at model.Query._findOne (D:\\Nitesh\\my-development\\NodeJs\\Project\\kalota-family-portal\\node_modules\\mongoose\\lib\\query.js:2697:8)\n    at model.Query.exec (D:\\Nitesh\\my-development\\NodeJs\\Project\\kalota-family-portal\\node_modules\\mongoose\\lib\\query.js:4627:80)\n    at process.processTicksAndRejections (node:internal/process/task_queues:105:5)\n    at async Object.addDistrict (D:\\Nitesh\\my-development\\NodeJs\\Project\\kalota-family-portal\\src\\services\\DistrictService.js:44:18)","timestamp":"2026-06-08 15:24:15"}
{"level":"info","message":"Creating district: Dewas","timestamp":"2026-06-08 15:25:45"}
{"level":"info","message":"Creating district: Dewas","timestamp":"2026-06-08 15:25:51"}
{"level":"info","message":"Creating district: Dewas","timestamp":"2026-06-08 15:31:47"}
{"level":"info","message":"Creating district: Dewas2","timestamp":"2026-06-08 15:31:55"}
{"level":"info","message":"Updating district with id: 6a2693146ac3c9c05b6f6590","timestamp":"2026-06-08 15:32:10"}
{"level":"info","message":"Updating district with id: 6a2693146ac3c9c05b6f6590","timestamp":"2026-06-08 15:32:53"}
{"level":"info","message":"Updating district with id: 6a2693146ac3c9c05b6f6590","timestamp":"2026-06-08 15:34:53"}
{"level":"error","message":"Error in addTehsil: CastError: Cast to ObjectId failed for value \"\" (type string) at path \"_id\" for model \"District\"\n    at SchemaObjectId.cast (D:\\Nitesh\\my-development\\NodeJs\\Project\\kalota-family-portal\\node_modules\\mongoose\\lib\\schema\\objectId.js:253:11)\n    at SchemaType.applySetters (D:\\Nitesh\\my-development\\NodeJs\\Project\\kalota-family-portal\\node_modules\\mongoose\\lib\\schemaType.js:1288:12)\n    at SchemaType.castForQuery (D:\\Nitesh\\my-development\\NodeJs\\Project\\kalota-family-portal\\node_modules\\mongoose\\lib\\schemaType.js:1718:17)\n    at cast (D:\\Nitesh\\my-development\\NodeJs\\Project\\kalota-family-portal\\node_modules\\mongoose\\lib\\cast.js:390:32)\n    at Query.cast (D:\\Nitesh\\my-development\\NodeJs\\Project\\kalota-family-portal\\node_modules\\mongoose\\lib\\query.js:5060:12)\n    at Query._castConditions (D:\\Nitesh\\my-development\\NodeJs\\Project\\kalota-family-portal\\node_modules\\mongoose\\lib\\query.js:2374:10)\n    at model.Query._findOne (D:\\Nitesh\\my-development\\NodeJs\\Project\\kalota-family-portal\\node_modules\\mongoose\\lib\\query.js:2697:8)\n    at model.Query.exec (D:\\Nitesh\\my-development\\NodeJs\\Project\\kalota-family-portal\\node_modules\\mongoose\\lib\\query.js:4627:80)\n    at process.processTicksAndRejections (node:internal/process/task_queues:105:5)\n    at async Object.addTehsil (D:\\Nitesh\\my-development\\NodeJs\\Project\\kalota-family-portal\\src\\services\\TehsilService.js:47:22)","timestamp":"2026-06-08 15:38:46"}
{"level":"info","message":"Creating tehsil: Tonkkhurd","timestamp":"2026-06-08 15:42:01"}
{"level":"info","message":"Creating village: Piplayasadak","timestamp":"2026-06-08 15:48:30"}
{"level":"info","message":"Checking duplicate family","timestamp":"2026-06-08 16:32:26"}
{"level":"info","message":"Checking duplicate family","timestamp":"2026-06-08 17:13:05"}
{"level":"info","message":"No duplicate family found","timestamp":"2026-06-08 17:13:05"}
{"level":"info","message":"Checking duplicate family","timestamp":"2026-06-08 17:23:15"}
{"level":"info","message":"No duplicate family found","timestamp":"2026-06-08 17:23:16"}
{"level":"info","message":"Checking duplicate family","timestamp":"2026-06-08 17:25:05"}
{"level":"info","message":"No duplicate family found","timestamp":"2026-06-08 17:25:05"}
{"level":"info","message":"Starting createFamilyHead service","timestamp":"2026-06-08 17:25:18"}
{"level":"info","message":"Validating village: string","timestamp":"2026-06-08 17:25:18"}
{"level":"error","message":"Error in createFamilyHead: CastError: Cast to ObjectId failed for value \"string\" (type string) at path \"_id\" for model \"Village\"\n    at SchemaObjectId.cast (D:\\Nitesh\\my-development\\NodeJs\\Project\\kalota-family-portal\\node_modules\\mongoose\\lib\\schema\\objectId.js:253:11)\n    at SchemaType.applySetters (D:\\Nitesh\\my-development\\NodeJs\\Project\\kalota-family-portal\\node_modules\\mongoose\\lib\\schemaType.js:1288:12)\n    at SchemaType.castForQuery (D:\\Nitesh\\my-development\\NodeJs\\Project\\kalota-family-portal\\node_modules\\mongoose\\lib\\schemaType.js:1718:17)\n    at cast (D:\\Nitesh\\my-development\\NodeJs\\Project\\kalota-family-portal\\node_modules\\mongoose\\lib\\cast.js:390:32)\n    at Query.cast (D:\\Nitesh\\my-development\\NodeJs\\Project\\kalota-family-portal\\node_modules\\mongoose\\lib\\query.js:5060:12)\n    at Query._castConditions (D:\\Nitesh\\my-development\\NodeJs\\Project\\kalota-family-portal\\node_modules\\mongoose\\lib\\query.js:2374:10)\n    at model.Query._findOne (D:\\Nitesh\\my-development\\NodeJs\\Project\\kalota-family-portal\\node_modules\\mongoose\\lib\\query.js:2697:8)\n    at model.Query.exec (D:\\Nitesh\\my-development\\NodeJs\\Project\\kalota-family-portal\\node_modules\\mongoose\\lib\\query.js:4627:80)\n    at process.processTicksAndRejections (node:internal/process/task_queues:105:5)\n    at async Object.createFamilyHead (D:\\Nitesh\\my-development\\NodeJs\\Project\\kalota-family-portal\\src\\services\\FamilyService.js:155:7)","timestamp":"2026-06-08 17:25:18"}
{"level":"info","message":"createFamilyHead session ended","timestamp":"2026-06-08 17:25:18"}
{"level":"info","message":"Starting createFamilyHead service","timestamp":"2026-06-08 17:27:02"}
{"level":"info","message":"Validating village: 6a2696f61ca30c297d0fabf3","timestamp":"2026-06-08 17:27:02"}
{"level":"info","message":"Checking duplicate family","timestamp":"2026-06-08 17:27:02"}
{"level":"info","message":"Generating familyId","timestamp":"2026-06-08 17:27:02"}
{"level":"error","message":"Error in createFamilyHead: TypeError: text?.substring is not a function\n    at getCode (file:///D:/Nitesh/my-development/NodeJs/Project/kalota-family-portal/src/utils/GenerateFamilyId.js:6:7)\n    at generateFamilyId (file:///D:/Nitesh/my-development/NodeJs/Project/kalota-family-portal/src/utils/GenerateFamilyId.js:17:7)\n    at Object.createFamilyHead (D:\\Nitesh\\my-development\\NodeJs\\Project\\kalota-family-portal\\src\\services\\FamilyService.js:219:13)\n    at process.processTicksAndRejections (node:internal/process/task_queues:105:5)\n    at async createFamilyHead (D:\\Nitesh\\my-development\\NodeJs\\Project\\kalota-family-portal\\src\\controllers\\FamilyController.js:9:7)","timestamp":"2026-06-08 17:27:02"}
{"level":"info","message":"createFamilyHead session ended","timestamp":"2026-06-08 17:27:02"}
{"level":"info","message":"Starting createFamilyHead service","timestamp":"2026-06-08 17:28:22"}
{"level":"info","message":"Validating village: 6a2696f61ca30c297d0fabf3","timestamp":"2026-06-08 17:28:22"}
{"level":"info","message":"Checking duplicate family","timestamp":"2026-06-08 17:28:22"}
{"level":"info","message":"Generating familyId","timestamp":"2026-06-08 17:28:22"}
{"level":"error","message":"Error in createFamilyHead: TypeError: Family.countDocuments is not a function\n    at generateFamilyId (D:\\Nitesh\\my-development\\NodeJs\\Project\\kalota-family-portal\\src\\utils\\GenerateFamilyId.js:65:18)\n    at process.processTicksAndRejections (node:internal/process/task_queues:105:5)\n    at async Object.createFamilyHead (D:\\Nitesh\\my-development\\NodeJs\\Project\\kalota-family-portal\\src\\services\\FamilyService.js:219:7)\n    at async createFamilyHead (D:\\Nitesh\\my-development\\NodeJs\\Project\\kalota-family-portal\\src\\controllers\\FamilyController.js:9:7)","timestamp":"2026-06-08 17:28:22"}
{"level":"info","message":"createFamilyHead session ended","timestamp":"2026-06-08 17:28:22"}
{"level":"info","message":"Starting createFamilyHead service","timestamp":"2026-06-08 17:30:48"}
{"level":"info","message":"Validating village: 6a2696f61ca30c297d0fabf3","timestamp":"2026-06-08 17:30:48"}
{"level":"info","message":"Checking duplicate family","timestamp":"2026-06-08 17:30:48"}
{"level":"info","message":"Generating familyId","timestamp":"2026-06-08 17:30:48"}
{"level":"info","message":"Generating Family ID","timestamp":"2026-06-08 17:30:48"}
{"level":"error","message":"Error in generateFamilyId: TypeError: Family.countDocuments is not a function\n    at generateFamilyId (D:\\Nitesh\\my-development\\NodeJs\\Project\\kalota-family-portal\\src\\utils\\GenerateFamilyId.js:138:20)\n    at process.processTicksAndRejections (node:internal/process/task_queues:105:5)\n    at async Object.createFamilyHead (D:\\Nitesh\\my-development\\NodeJs\\Project\\kalota-family-portal\\src\\services\\FamilyService.js:219:7)\n    at async createFamilyHead (D:\\Nitesh\\my-development\\NodeJs\\Project\\kalota-family-portal\\src\\controllers\\FamilyController.js:9:7)","timestamp":"2026-06-08 17:30:49"}
{"level":"error","message":"Error in createFamilyHead: TypeError: Family.countDocuments is not a function\n    at generateFamilyId (D:\\Nitesh\\my-development\\NodeJs\\Project\\kalota-family-portal\\src\\utils\\GenerateFamilyId.js:138:20)\n    at process.processTicksAndRejections (node:internal/process/task_queues:105:5)\n    at async Object.createFamilyHead (D:\\Nitesh\\my-development\\NodeJs\\Project\\kalota-family-portal\\src\\services\\FamilyService.js:219:7)\n    at async createFamilyHead (D:\\Nitesh\\my-development\\NodeJs\\Project\\kalota-family-portal\\src\\controllers\\FamilyController.js:9:7)","timestamp":"2026-06-08 17:30:49"}
{"level":"info","message":"createFamilyHead session ended","timestamp":"2026-06-08 17:30:49"}
{"level":"info","message":"Starting createFamilyHead service","timestamp":"2026-06-08 17:32:26"}
{"level":"info","message":"Validating village: 6a2696f61ca30c297d0fabf3","timestamp":"2026-06-08 17:32:26"}
{"level":"info","message":"Checking duplicate family","timestamp":"2026-06-08 17:32:26"}
{"level":"info","message":"Generating familyId","timestamp":"2026-06-08 17:32:26"}
{"level":"info","message":"Generating Family ID","timestamp":"2026-06-08 17:32:26"}
{"level":"error","message":"Error in generateFamilyId: TypeError: Cannot read properties of undefined (reading 'findOne')\n    at generateFamilyId (D:\\Nitesh\\my-development\\NodeJs\\Project\\kalota-family-portal\\src\\utils\\GenerateFamilyId.js:61:22)\n    at Object.createFamilyHead (D:\\Nitesh\\my-development\\NodeJs\\Project\\kalota-family-portal\\src\\services\\FamilyService.js:219:13)\n    at process.processTicksAndRejections (node:internal/process/task_queues:105:5)\n    at async createFamilyHead (D:\\Nitesh\\my-development\\NodeJs\\Project\\kalota-family-portal\\src\\controllers\\FamilyController.js:9:7)","timestamp":"2026-06-08 17:32:26"}
{"level":"error","message":"Error in createFamilyHead: TypeError: Cannot read properties of undefined (reading 'findOne')\n    at generateFamilyId (D:\\Nitesh\\my-development\\NodeJs\\Project\\kalota-family-portal\\src\\utils\\GenerateFamilyId.js:61:22)\n    at Object.createFamilyHead (D:\\Nitesh\\my-development\\NodeJs\\Project\\kalota-family-portal\\src\\services\\FamilyService.js:219:13)\n    at process.processTicksAndRejections (node:internal/process/task_queues:105:5)\n    at async createFamilyHead (D:\\Nitesh\\my-development\\NodeJs\\Project\\kalota-family-portal\\src\\controllers\\FamilyController.js:9:7)","timestamp":"2026-06-08 17:32:26"}
{"level":"info","message":"createFamilyHead session ended","timestamp":"2026-06-08 17:32:26"}
{"level":"info","message":"Starting createFamilyHead service","timestamp":"2026-06-08 17:33:29"}
{"level":"info","message":"Validating village: 6a2696f61ca30c297d0fabf3","timestamp":"2026-06-08 17:33:29"}
{"level":"info","message":"Checking duplicate family","timestamp":"2026-06-08 17:33:29"}
{"level":"info","message":"Generating familyId","timestamp":"2026-06-08 17:33:29"}
{"level":"info","message":"Generating Family ID","timestamp":"2026-06-08 17:33:29"}
{"level":"error","message":"Error in generateFamilyId: TypeError: Family.countDocuments is not a function\n    at generateFamilyId (D:\\Nitesh\\my-development\\NodeJs\\Project\\kalota-family-portal\\src\\utils\\GenerateFamilyId.js:143:20)\n    at process.processTicksAndRejections (node:internal/process/task_queues:105:5)\n    at async Object.createFamilyHead (D:\\Nitesh\\my-development\\NodeJs\\Project\\kalota-family-portal\\src\\services\\FamilyService.js:219:7)\n    at async createFamilyHead (D:\\Nitesh\\my-development\\NodeJs\\Project\\kalota-family-portal\\src\\controllers\\FamilyController.js:9:7)","timestamp":"2026-06-08 17:33:30"}
{"level":"error","message":"Error in createFamilyHead: TypeError: Family.countDocuments is not a function\n    at generateFamilyId (D:\\Nitesh\\my-development\\NodeJs\\Project\\kalota-family-portal\\src\\utils\\GenerateFamilyId.js:143:20)\n    at process.processTicksAndRejections (node:internal/process/task_queues:105:5)\n    at async Object.createFamilyHead (D:\\Nitesh\\my-development\\NodeJs\\Project\\kalota-family-portal\\src\\services\\FamilyService.js:219:7)\n    at async createFamilyHead (D:\\Nitesh\\my-development\\NodeJs\\Project\\kalota-family-portal\\src\\controllers\\FamilyController.js:9:7)","timestamp":"2026-06-08 17:33:30"}
{"level":"info","message":"createFamilyHead session ended","timestamp":"2026-06-08 17:33:30"}
{"level":"info","message":"Starting createFamilyHead service","timestamp":"2026-06-08 17:35:57"}
{"level":"info","message":"Validating village: 6a2696f61ca30c297d0fabf3","timestamp":"2026-06-08 17:35:57"}
{"level":"info","message":"Checking duplicate family","timestamp":"2026-06-08 17:35:57"}
{"level":"info","message":"Generating familyId","timestamp":"2026-06-08 17:35:57"}
{"level":"error","message":"Error in createFamilyHead: TypeError: generateFamilyId is not a function\n    at Object.createFamilyHead (D:\\Nitesh\\my-development\\NodeJs\\Project\\kalota-family-portal\\src\\services\\FamilyService.js:219:13)\n    at process.processTicksAndRejections (node:internal/process/task_queues:105:5)\n    at async createFamilyHead (D:\\Nitesh\\my-development\\NodeJs\\Project\\kalota-family-portal\\src\\controllers\\FamilyController.js:9:7)","timestamp":"2026-06-08 17:35:57"}
{"level":"info","message":"createFamilyHead session ended","timestamp":"2026-06-08 17:35:57"}
{"level":"info","message":"Starting createFamilyHead service","timestamp":"2026-06-08 17:38:01"}
{"level":"info","message":"Validating village: 6a2696f61ca30c297d0fabf3","timestamp":"2026-06-08 17:38:01"}
{"level":"info","message":"Checking duplicate family","timestamp":"2026-06-08 17:38:01"}
{"level":"info","message":"Generating familyId","timestamp":"2026-06-08 17:38:01"}
{"level":"info","message":"Generating Family ID","timestamp":"2026-06-08 17:38:01"}
{"level":"info","message":"Generated Family ID: KFP-DEW-TON-PIP-00001","timestamp":"2026-06-08 17:38:01"}
{"level":"info","message":"Generated familyId: KFP-DEW-TON-PIP-00001","timestamp":"2026-06-08 17:38:01"}
{"level":"info","message":"Creating HEAD person","timestamp":"2026-06-08 17:38:01"}
{"level":"info","message":"Creating family","timestamp":"2026-06-08 17:38:01"}
{"level":"info","message":"Updating head references","timestamp":"2026-06-08 17:38:01"}
{"level":"info","message":"Family created successfully","timestamp":"2026-06-08 17:38:02"}
{"level":"info","message":"createFamilyHead session ended","timestamp":"2026-06-08 17:38:02"}
{"level":"info","message":"Checking duplicate family","timestamp":"2026-06-08 17:38:35"}
{"level":"info","message":"No duplicate family found","timestamp":"2026-06-08 17:38:36"}
{"level":"info","message":"Checking duplicate family","timestamp":"2026-06-08 17:43:14"}
{"level":"error","message":"Error in checkDuplicateFamily: TypeError: Person.findOne is not a function\n    at findDuplicateFamily (D:\\Nitesh\\my-development\\NodeJs\\Project\\kalota-family-portal\\src\\repositories\\FamilyRepository.js:72:23)\n    at Object.checkDuplicateFamily (D:\\Nitesh\\my-development\\NodeJs\\Project\\kalota-family-portal\\src\\services\\FamilyService.js:427:13)\n    at process.processTicksAndRejections (node:internal/process/task_queues:105:5)\n    at async checkDuplicateFamily (D:\\Nitesh\\my-development\\NodeJs\\Project\\kalota-family-portal\\src\\controllers\\FamilyController.js:29:7)","timestamp":"2026-06-08 17:43:15"}
{"level":"info","message":"Checking duplicate family","timestamp":"2026-06-08 17:45:06"}
{"level":"warn","message":"Duplicate family exists","timestamp":"2026-06-08 17:45:06"}
{"level":"info","message":"Checking duplicate family","timestamp":"2026-06-08 17:45:31"}
{"level":"info","message":"No duplicate family found","timestamp":"2026-06-08 17:45:31"}
{"level":"info","message":"Checking duplicate family","timestamp":"2026-06-08 17:45:44"}
{"level":"warn","message":"Duplicate family exists","timestamp":"2026-06-08 17:45:44"}
{"level":"info","message":"Fetching family profile","timestamp":"2026-06-08 17:45:57"}
{"level":"info","message":"Family profile fetched successfully","timestamp":"2026-06-08 17:45:58"}
{"level":"info","message":"Starting createMemberProfileService","timestamp":"2026-06-08 17:58:35"}
{"level":"warn","message":"Invalid relationType","timestamp":"2026-06-08 17:58:35"}
{"level":"info","message":"createMemberProfileService session ended","timestamp":"2026-06-08 17:58:35"}
{"level":"info","message":"Starting createMemberProfileService","timestamp":"2026-06-08 17:58:49"}
{"level":"info","message":"Fetching family head","timestamp":"2026-06-08 17:58:49"}
{"level":"error","message":"Error in createMemberProfileService: TypeError: getHeadPersonByFamilyId is not a function\n    at Object.createMemberProfileService (D:\\Nitesh\\my-development\\NodeJs\\Project\\kalota-family-portal\\src\\services\\PersonService.js:191:13)\n    at process.processTicksAndRejections (node:internal/process/task_queues:105:5)\n    at async createMemberProfile (D:\\Nitesh\\my-development\\NodeJs\\Project\\kalota-family-portal\\src\\controllers\\PersonController.js:20:7)","timestamp":"2026-06-08 17:58:49"}
{"level":"info","message":"createMemberProfileService session ended","timestamp":"2026-06-08 17:58:49"}
{"level":"info","message":"Starting createMemberProfileService","timestamp":"2026-06-08 18:00:26"}
{"level":"info","message":"Fetching family head","timestamp":"2026-06-08 18:00:26"}
{"level":"error","message":"Error in createMemberProfileService: TypeError: Cannot read properties of undefined (reading 'findOne')\n    at getHeadPersonByFamilyId (D:\\Nitesh\\my-development\\NodeJs\\Project\\kalota-family-portal\\src\\repositories\\PersonRepository.js:70:23)\n    at Object.createMemberProfileService (D:\\Nitesh\\my-development\\NodeJs\\Project\\kalota-family-portal\\src\\services\\PersonService.js:191:13)\n    at process.processTicksAndRejections (node:internal/process/task_queues:105:5)\n    at async createMemberProfile (D:\\Nitesh\\my-development\\NodeJs\\Project\\kalota-family-portal\\src\\controllers\\PersonController.js:20:7)","timestamp":"2026-06-08 18:00:26"}
{"level":"info","message":"createMemberProfileService session ended","timestamp":"2026-06-08 18:00:26"}
{"level":"info","message":"Starting createMemberProfileService","timestamp":"2026-06-08 18:01:34"}
{"level":"info","message":"Fetching family head","timestamp":"2026-06-08 18:01:34"}
{"level":"error","message":"Error in createMemberProfileService: TypeError: Cannot read properties of undefined (reading 'findOne')\n    at getHeadPersonByFamilyId (D:\\Nitesh\\my-development\\NodeJs\\Project\\kalota-family-portal\\src\\repositories\\PersonRepository.js:70:23)\n    at Object.createMemberProfileService (D:\\Nitesh\\my-development\\NodeJs\\Project\\kalota-family-portal\\src\\services\\PersonService.js:191:13)\n    at process.processTicksAndRejections (node:internal/process/task_queues:105:5)\n    at async createMemberProfile (D:\\Nitesh\\my-development\\NodeJs\\Project\\kalota-family-portal\\src\\controllers\\PersonController.js:20:7)","timestamp":"2026-06-08 18:01:34"}
{"level":"info","message":"createMemberProfileService session ended","timestamp":"2026-06-08 18:01:34"}
{"level":"info","message":"Starting createMemberProfileService","timestamp":"2026-06-08 18:02:33"}
{"level":"info","message":"Fetching family head","timestamp":"2026-06-08 18:02:33"}
{"level":"info","message":"Validating village","timestamp":"2026-06-08 18:02:33"}
{"level":"info","message":"Creating member profile","timestamp":"2026-06-08 18:02:33"}
{"level":"error","message":"Error in createMemberProfileService: ValidationError: Person validation failed: education: `` is not a valid enum value for path `education`., maritalStatus: `School` is not a valid enum value for path `maritalStatus`.\n    at Document.invalidate (D:\\Nitesh\\my-development\\NodeJs\\Project\\kalota-family-portal\\node_modules\\mongoose\\lib\\document.js:3381:32)\n    at D:\\Nitesh\\my-development\\NodeJs\\Project\\kalota-family-portal\\node_modules\\mongoose\\lib\\document.js:3142:17\n    at D:\\Nitesh\\my-development\\NodeJs\\Project\\kalota-family-portal\\node_modules\\mongoose\\lib\\schemaType.js:1443:9\n    at process.processTicksAndRejections (node:internal/process/task_queues:85:11)","timestamp":"2026-06-08 18:02:33"}
{"level":"info","message":"createMemberProfileService session ended","timestamp":"2026-06-08 18:02:33"}
{"level":"info","message":"Starting createMemberProfileService","timestamp":"2026-06-08 21:26:07"}
{"level":"info","message":"Fetching family head","timestamp":"2026-06-08 21:26:07"}
{"level":"info","message":"Validating village","timestamp":"2026-06-08 21:26:07"}
{"level":"info","message":"Creating member profile","timestamp":"2026-06-08 21:26:07"}
{"level":"error","message":"Error in createMemberProfileService: ValidationError: Person validation failed: parentDistrictId: Cast to ObjectId failed for value \"\" (type string) at path \"parentDistrictId\" because of \"BSONError\", parentTehsilId: Cast to ObjectId failed for value \"\" (type string) at path \"parentTehsilId\" because of \"BSONError\", parentVillageId: Cast to ObjectId failed for value \"\" (type string) at path \"parentVillageId\" because of \"BSONError\"\n    at Document.invalidate (D:\\Nitesh\\my-development\\NodeJs\\Project\\kalota-family-portal\\node_modules\\mongoose\\lib\\document.js:3381:32)\n    at model.$set (D:\\Nitesh\\my-development\\NodeJs\\Project\\kalota-family-portal\\node_modules\\mongoose\\lib\\document.js:1498:12)\n    at model.$set (D:\\Nitesh\\my-development\\NodeJs\\Project\\kalota-family-portal\\node_modules\\mongoose\\lib\\document.js:1150:16)\n    at model.Document (D:\\Nitesh\\my-development\\NodeJs\\Project\\kalota-family-portal\\node_modules\\mongoose\\lib\\document.js:180:12)\n    at model.Model (D:\\Nitesh\\my-development\\NodeJs\\Project\\kalota-family-portal\\node_modules\\mongoose\\lib\\model.js:127:12)\n    at new model (D:\\Nitesh\\my-development\\NodeJs\\Project\\kalota-family-portal\\node_modules\\mongoose\\lib\\model.js:4866:15)\n    at D:\\Nitesh\\my-development\\NodeJs\\Project\\kalota-family-portal\\node_modules\\mongoose\\lib\\model.js:2791:20\n    at Array.map (<anonymous>)\n    at Function.create (D:\\Nitesh\\my-development\\NodeJs\\Project\\kalota-family-portal\\node_modules\\mongoose\\lib\\model.js:2779:34)\n    at createPerson (D:\\Nitesh\\my-development\\NodeJs\\Project\\kalota-family-portal\\src\\repositories\\PersonRepository.js:12:18)","timestamp":"2026-06-08 21:26:07"}
{"level":"info","message":"createMemberProfileService session ended","timestamp":"2026-06-08 21:26:07"}
{"level":"info","message":"Starting createMemberProfileService","timestamp":"2026-06-08 21:50:56"}
{"level":"info","message":"Fetching family head","timestamp":"2026-06-08 21:50:56"}
{"level":"info","message":"Validating village","timestamp":"2026-06-08 21:50:56"}
{"level":"info","message":"Creating member profile","timestamp":"2026-06-08 21:50:56"}
{"level":"info","message":"Updating father relation","timestamp":"2026-06-08 21:50:56"}
{"level":"info","message":"Member profile created successfully","timestamp":"2026-06-08 21:50:57"}
{"level":"info","message":"createMemberProfileService session ended","timestamp":"2026-06-08 21:50:57"}
{"level":"info","message":"Creating tehsil: Dewas","timestamp":"2026-06-08 21:53:55"}
{"level":"info","message":"Creating village: Achlukhedi","timestamp":"2026-06-08 21:54:13"}
{"level":"info","message":"Starting createMemberProfileService","timestamp":"2026-06-08 21:55:51"}
{"level":"info","message":"Fetching family head","timestamp":"2026-06-08 21:55:51"}
{"level":"info","message":"Validating village","timestamp":"2026-06-08 21:55:51"}
{"level":"info","message":"Creating member profile","timestamp":"2026-06-08 21:55:51"}
{"level":"info","message":"Updating mother relation","timestamp":"2026-06-08 21:55:51"}
{"level":"info","message":"Member profile created successfully","timestamp":"2026-06-08 21:55:51"}
{"level":"info","message":"createMemberProfileService session ended","timestamp":"2026-06-08 21:55:51"}
{"level":"info","message":"Creating district: Indore","timestamp":"2026-06-08 21:57:25"}
{"level":"info","message":"Creating tehsil: Rau","timestamp":"2026-06-08 21:58:48"}
{"level":"info","message":"Creating village: Nenod","timestamp":"2026-06-08 21:59:54"}
{"level":"info","message":"Starting createMemberProfileService","timestamp":"2026-06-08 22:00:55"}
{"level":"info","message":"Fetching family head","timestamp":"2026-06-08 22:00:55"}
{"level":"info","message":"Validating village","timestamp":"2026-06-08 22:00:55"}
{"level":"info","message":"Creating member profile","timestamp":"2026-06-08 22:00:56"}
{"level":"info","message":"Updating spouse relation","timestamp":"2026-06-08 22:00:56"}
{"level":"info","message":"Member profile created successfully","timestamp":"2026-06-08 22:00:56"}
{"level":"info","message":"createMemberProfileService session ended","timestamp":"2026-06-08 22:00:56"}
{"level":"info","message":"Starting createMemberProfileService","timestamp":"2026-06-08 22:02:27"}
{"level":"info","message":"Fetching family head","timestamp":"2026-06-08 22:02:27"}
{"level":"info","message":"Validating village","timestamp":"2026-06-08 22:02:27"}
{"level":"info","message":"Creating member profile","timestamp":"2026-06-08 22:02:27"}
{"level":"info","message":"Member profile created successfully","timestamp":"2026-06-08 22:02:27"}
{"level":"info","message":"createMemberProfileService session ended","timestamp":"2026-06-08 22:02:27"}
{"level":"info","message":"Starting createMemberProfileService","timestamp":"2026-06-08 22:33:45"}
{"level":"info","message":"Fetching family head","timestamp":"2026-06-08 22:33:45"}
{"level":"warn","message":"Mother already exists","timestamp":"2026-06-08 22:33:45"}
{"level":"info","message":"createMemberProfileService session ended","timestamp":"2026-06-08 22:33:45"}
{"level":"info","message":"Starting createMemberProfileService","timestamp":"2026-06-08 22:36:08"}
{"level":"info","message":"Fetching family head","timestamp":"2026-06-08 22:36:08"}
{"level":"warn","message":"Mother already exists","timestamp":"2026-06-08 22:36:08"}
{"level":"info","message":"createMemberProfileService session ended","timestamp":"2026-06-08 22:36:08"}
{"level":"info","message":"Starting createMemberProfileService","timestamp":"2026-06-08 22:37:04"}
{"level":"info","message":"Fetching family head","timestamp":"2026-06-08 22:37:04"}
{"level":"info","message":"Validating village","timestamp":"2026-06-08 22:37:04"}
{"level":"info","message":"Creating member profile","timestamp":"2026-06-08 22:37:04"}
{"level":"info","message":"Updating mother relation","timestamp":"2026-06-08 22:37:04"}
{"level":"info","message":"Member profile created successfully","timestamp":"2026-06-08 22:37:04"}
{"level":"info","message":"createMemberProfileService session ended","timestamp":"2026-06-08 22:37:04"}
{"level":"info","message":"Starting createMemberProfileService","timestamp":"2026-06-08 22:38:48"}
{"level":"info","message":"Fetching family head","timestamp":"2026-06-08 22:38:48"}
{"level":"info","message":"Validating village","timestamp":"2026-06-08 22:38:48"}
{"level":"info","message":"Creating member profile","timestamp":"2026-06-08 22:38:48"}
{"level":"info","message":"Updating spouse relation","timestamp":"2026-06-08 22:38:48"}
{"level":"info","message":"Member profile created successfully","timestamp":"2026-06-08 22:38:49"}
{"level":"info","message":"createMemberProfileService session ended","timestamp":"2026-06-08 22:38:49"}
{"level":"info","message":"Starting createMemberProfileService","timestamp":"2026-06-08 22:39:57"}
{"level":"info","message":"Fetching family head","timestamp":"2026-06-08 22:39:57"}
{"level":"info","message":"Validating village","timestamp":"2026-06-08 22:39:57"}
{"level":"info","message":"Creating member profile","timestamp":"2026-06-08 22:39:57"}
{"level":"info","message":"Member profile created successfully","timestamp":"2026-06-08 22:39:57"}
{"level":"info","message":"createMemberProfileService session ended","timestamp":"2026-06-08 22:39:57"}
{"level":"info","message":"Creating tehsil: Indore","timestamp":"2026-06-08 22:44:50"}
{"level":"info","message":"Creating village: Bhicholi Mardana","timestamp":"2026-06-08 22:45:49"}
{"level":"info","message":"Starting createMemberProfileService","timestamp":"2026-06-08 22:46:31"}
{"level":"info","message":"Fetching family head","timestamp":"2026-06-08 22:46:31"}
{"level":"info","message":"Validating village","timestamp":"2026-06-08 22:46:31"}
{"level":"info","message":"Creating member profile","timestamp":"2026-06-08 22:46:31"}
{"level":"info","message":"Updating spouse relation","timestamp":"2026-06-08 22:46:31"}
{"level":"info","message":"Member profile created successfully","timestamp":"2026-06-08 22:46:32"}
{"level":"info","message":"createMemberProfileService session ended","timestamp":"2026-06-08 22:46:32"}
{"level":"info","message":"Starting createMemberProfileService","timestamp":"2026-06-08 22:48:27"}
{"level":"info","message":"Fetching family head","timestamp":"2026-06-08 22:48:27"}
{"level":"info","message":"Validating village","timestamp":"2026-06-08 22:48:27"}
{"level":"info","message":"Creating member profile","timestamp":"2026-06-08 22:48:27"}
{"level":"info","message":"Member profile created successfully","timestamp":"2026-06-08 22:48:27"}
{"level":"info","message":"createMemberProfileService session ended","timestamp":"2026-06-08 22:48:27"}
{"level":"info","message":"Fetching family profile","timestamp":"2026-06-08 22:49:10"}
{"level":"info","message":"Family profile fetched successfully","timestamp":"2026-06-08 22:49:10"}
{"level":"info","message":"Starting getProfileByIdService","timestamp":"2026-06-09 12:44:38"}
{"level":"info","message":"Fetching profile","timestamp":"2026-06-09 12:44:38"}
{"level":"info","message":"Profile fetched successfully","timestamp":"2026-06-09 12:44:38"}
{"level":"info","message":"Starting getProfileByIdService","timestamp":"2026-06-09 12:44:52"}
{"level":"info","message":"Fetching profile","timestamp":"2026-06-09 12:44:52"}
{"level":"info","message":"Profile fetched successfully","timestamp":"2026-06-09 12:44:52"}
{"level":"info","message":"Starting getProfileByIdService","timestamp":"2026-06-09 12:45:15"}
{"level":"info","message":"Fetching profile","timestamp":"2026-06-09 12:45:15"}
{"level":"info","message":"Profile fetched successfully","timestamp":"2026-06-09 12:45:15"}
{"level":"info","message":"Starting getProfileByIdService","timestamp":"2026-06-09 12:45:26"}
{"level":"info","message":"Fetching profile","timestamp":"2026-06-09 12:45:26"}
{"level":"info","message":"Profile fetched successfully","timestamp":"2026-06-09 12:45:26"}
{"level":"info","message":"Starting createMemberProfileService","timestamp":"2026-06-09 13:17:08"}
{"level":"info","message":"Fetching family head","timestamp":"2026-06-09 13:17:08"}
{"level":"info","message":"Validating village","timestamp":"2026-06-09 13:17:08"}
{"level":"info","message":"Creating member profile","timestamp":"2026-06-09 13:17:08"}
{"level":"info","message":"Member profile created successfully","timestamp":"2026-06-09 13:17:09"}
{"level":"info","message":"createMemberProfileService session ended","timestamp":"2026-06-09 13:17:09"}
{"level":"info","message":"Starting createMemberProfileService","timestamp":"2026-06-09 13:18:04"}
{"level":"info","message":"Fetching family head","timestamp":"2026-06-09 13:18:04"}
{"level":"info","message":"Validating village","timestamp":"2026-06-09 13:18:04"}
{"level":"info","message":"Creating member profile","timestamp":"2026-06-09 13:18:04"}
{"level":"info","message":"Member profile created successfully","timestamp":"2026-06-09 13:18:05"}
{"level":"info","message":"createMemberProfileService session ended","timestamp":"2026-06-09 13:18:05"}
{"level":"info","message":"Fetching family profile","timestamp":"2026-06-09 13:18:39"}
{"level":"info","message":"Family profile fetched successfully","timestamp":"2026-06-09 13:18:39"}
{"level":"info","message":"Checking duplicate family","timestamp":"2026-06-09 13:19:17"}
{"level":"warn","message":"Duplicate family exists","timestamp":"2026-06-09 13:19:17"}
{"level":"info","message":"Checking duplicate family","timestamp":"2026-06-09 13:33:26"}
{"level":"info","message":"No duplicate family found","timestamp":"2026-06-09 13:33:26"}
{"level":"info","message":"Checking duplicate family","timestamp":"2026-06-09 13:36:45"}
{"level":"info","message":"No duplicate family found","timestamp":"2026-06-09 13:36:45"}
{"level":"info","message":"Starting updateProfileService","timestamp":"2026-06-09 13:46:39"}
{"level":"info","message":"Validating village","timestamp":"2026-06-09 13:46:39"}
{"level":"info","message":"Updating profile","timestamp":"2026-06-09 13:46:39"}
{"level":"info","message":"Profile updated successfully","timestamp":"2026-06-09 13:46:39"}
{"level":"info","message":"updateProfileService session ended","timestamp":"2026-06-09 13:46:39"}
{"level":"info","message":"Checking duplicate family","timestamp":"2026-06-09 13:47:15"}
{"level":"warn","message":"Duplicate family exists","timestamp":"2026-06-09 13:47:16"}
{"level":"info","message":"Starting createFamilyHead service","timestamp":"2026-06-09 13:48:38"}
{"level":"info","message":"Validating village: 6a2696f61ca30c297d0fabf3","timestamp":"2026-06-09 13:48:38"}
{"level":"info","message":"Checking duplicate family","timestamp":"2026-06-09 13:48:38"}
{"level":"info","message":"Generating familyId","timestamp":"2026-06-09 13:48:38"}
{"level":"info","message":"Generating Family ID","timestamp":"2026-06-09 13:48:38"}
{"level":"info","message":"Generated Family ID: KFP-DEW-TON-PIP-00002","timestamp":"2026-06-09 13:48:39"}
{"level":"info","message":"Generated familyId: KFP-DEW-TON-PIP-00002","timestamp":"2026-06-09 13:48:39"}
{"level":"info","message":"Creating HEAD person","timestamp":"2026-06-09 13:48:39"}
{"level":"error","message":"Error in createFamilyHead: ValidationError: Person validation failed: maritalStatus: `Married` is not a valid enum value for path `maritalStatus`.\n    at Document.invalidate (D:\\Nitesh\\my-development\\NodeJs\\Project\\kalota-family-portal\\node_modules\\mongoose\\lib\\document.js:3381:32)\n    at D:\\Nitesh\\my-development\\NodeJs\\Project\\kalota-family-portal\\node_modules\\mongoose\\lib\\document.js:3142:17\n    at D:\\Nitesh\\my-development\\NodeJs\\Project\\kalota-family-portal\\node_modules\\mongoose\\lib\\schemaType.js:1443:9\n    at process.processTicksAndRejections (node:internal/process/task_queues:85:11)","timestamp":"2026-06-09 13:48:39"}
{"level":"info","message":"createFamilyHead session ended","timestamp":"2026-06-09 13:48:39"}
{"level":"info","message":"Starting createFamilyHead service","timestamp":"2026-06-09 13:49:12"}
{"level":"info","message":"Validating village: 6a2696f61ca30c297d0fabf3","timestamp":"2026-06-09 13:49:12"}
{"level":"info","message":"Checking duplicate family","timestamp":"2026-06-09 13:49:12"}
{"level":"info","message":"Generating familyId","timestamp":"2026-06-09 13:49:12"}
{"level":"info","message":"Generating Family ID","timestamp":"2026-06-09 13:49:12"}
{"level":"info","message":"Generated Family ID: KFP-DEW-TON-PIP-00002","timestamp":"2026-06-09 13:49:12"}
{"level":"info","message":"Generated familyId: KFP-DEW-TON-PIP-00002","timestamp":"2026-06-09 13:49:12"}
{"level":"info","message":"Creating HEAD person","timestamp":"2026-06-09 13:49:12"}
{"level":"info","message":"Creating family","timestamp":"2026-06-09 13:49:12"}
{"level":"info","message":"Updating head references","timestamp":"2026-06-09 13:49:12"}
{"level":"info","message":"Family created successfully","timestamp":"2026-06-09 13:49:12"}
{"level":"info","message":"createFamilyHead session ended","timestamp":"2026-06-09 13:49:12"}
{"level":"info","message":"Checking duplicate family","timestamp":"2026-06-09 13:49:51"}
{"level":"info","message":"No duplicate family found","timestamp":"2026-06-09 13:49:51"}
{"level":"info","message":"Starting createFamilyHead service","timestamp":"2026-06-09 13:58:13"}
{"level":"info","message":"Validating village: 6a2696f61ca30c297d0fabf3","timestamp":"2026-06-09 13:58:13"}
{"level":"info","message":"Checking duplicate family","timestamp":"2026-06-09 13:58:13"}
{"level":"warn","message":"Father first name is missing","timestamp":"2026-06-09 13:58:13"}
{"level":"info","message":"createFamilyHead session ended","timestamp":"2026-06-09 13:58:13"}
{"level":"info","message":"Starting createFamilyHead service","timestamp":"2026-06-09 13:58:44"}
{"level":"info","message":"Validating village: 6a2696f61ca30c297d0fabf3","timestamp":"2026-06-09 13:58:44"}
{"level":"info","message":"Checking duplicate family","timestamp":"2026-06-09 13:58:44"}
{"level":"info","message":"Generating familyId","timestamp":"2026-06-09 13:58:44"}
{"level":"info","message":"Generating Family ID","timestamp":"2026-06-09 13:58:44"}
{"level":"info","message":"Generated Family ID: KFP-DEW-TON-PIP-00002","timestamp":"2026-06-09 13:58:44"}
{"level":"info","message":"Generated familyId: KFP-DEW-TON-PIP-00002","timestamp":"2026-06-09 13:58:44"}
{"level":"info","message":"Creating HEAD person","timestamp":"2026-06-09 13:58:44"}
{"level":"info","message":"Creating family","timestamp":"2026-06-09 13:58:44"}
{"level":"info","message":"Updating head references","timestamp":"2026-06-09 13:58:44"}
{"level":"info","message":"Family created successfully","timestamp":"2026-06-09 13:58:44"}
{"level":"info","message":"createFamilyHead session ended","timestamp":"2026-06-09 13:58:44"}
{"level":"info","message":"Starting createFamilyHead service","timestamp":"2026-06-09 13:59:01"}
{"level":"info","message":"Validating village: 6a2696f61ca30c297d0fabf3","timestamp":"2026-06-09 13:59:01"}
{"level":"info","message":"Checking duplicate family","timestamp":"2026-06-09 13:59:01"}
{"level":"info","message":"Generating familyId","timestamp":"2026-06-09 13:59:01"}
{"level":"info","message":"Generating Family ID","timestamp":"2026-06-09 13:59:01"}
{"level":"info","message":"Generated Family ID: KFP-DEW-TON-PIP-00003","timestamp":"2026-06-09 13:59:01"}
{"level":"info","message":"Generated familyId: KFP-DEW-TON-PIP-00003","timestamp":"2026-06-09 13:59:01"}
{"level":"info","message":"Creating HEAD person","timestamp":"2026-06-09 13:59:01"}
{"level":"info","message":"Creating family","timestamp":"2026-06-09 13:59:02"}
{"level":"info","message":"Updating head references","timestamp":"2026-06-09 13:59:02"}
{"level":"info","message":"Family created successfully","timestamp":"2026-06-09 13:59:02"}
{"level":"info","message":"createFamilyHead session ended","timestamp":"2026-06-09 13:59:02"}
{"level":"info","message":"Starting createFamilyHead service","timestamp":"2026-06-09 14:01:57"}
{"level":"info","message":"Fetching village details for villageId: 6a2696f61ca30c297d0fabf3","timestamp":"2026-06-09 14:01:57"}
{"level":"info","message":"Village validated successfully","timestamp":"2026-06-09 14:01:57"}
{"level":"info","message":"Checking duplicate family for: Meharban Patel","timestamp":"2026-06-09 14:01:57"}
{"level":"info","message":"No duplicate family found","timestamp":"2026-06-09 14:01:57"}
{"level":"info","message":"Generating familyId","timestamp":"2026-06-09 14:01:57"}
{"level":"info","message":"Generating Family ID","timestamp":"2026-06-09 14:01:57"}
{"level":"info","message":"Generated Family ID: KFP-DEW-TON-PIP-00003","timestamp":"2026-06-09 14:01:57"}
{"level":"info","message":"Generated familyId: KFP-DEW-TON-PIP-00003","timestamp":"2026-06-09 14:01:57"}
{"level":"info","message":"Creating HEAD profile","timestamp":"2026-06-09 14:01:57"}
{"level":"info","message":"HEAD profile created successfully with personId: 6a27cf7da2d42896d038c9ef","timestamp":"2026-06-09 14:01:58"}
{"level":"info","message":"Creating family record","timestamp":"2026-06-09 14:01:58"}
{"level":"error","message":"Error in createFamilyHead: ValidationError: Family validation failed: tehsilId: Path `tehsilId` is required., districtId: Path `districtId` is required.\n    at Document.invalidate (D:\\Nitesh\\my-development\\NodeJs\\Project\\kalota-family-portal\\node_modules\\mongoose\\lib\\document.js:3381:32)\n    at D:\\Nitesh\\my-development\\NodeJs\\Project\\kalota-family-portal\\node_modules\\mongoose\\lib\\document.js:3142:17\n    at D:\\Nitesh\\my-development\\NodeJs\\Project\\kalota-family-portal\\node_modules\\mongoose\\lib\\schemaType.js:1443:9\n    at process.processTicksAndRejections (node:internal/process/task_queues:85:11)","timestamp":"2026-06-09 14:01:58"}
{"level":"info","message":"createFamilyHead session ended","timestamp":"2026-06-09 14:01:58"}
{"level":"info","message":"Starting createFamilyHead service","timestamp":"2026-06-09 14:05:03"}
{"level":"info","message":"Fetching village details for villageId: 6a2696f61ca30c297d0fabf3","timestamp":"2026-06-09 14:05:03"}
{"level":"info","message":"Village validated successfully","timestamp":"2026-06-09 14:05:03"}
{"level":"info","message":"Checking duplicate family for: Meharban Patel","timestamp":"2026-06-09 14:05:03"}
{"level":"info","message":"No duplicate family found","timestamp":"2026-06-09 14:05:03"}
{"level":"info","message":"Generating familyId","timestamp":"2026-06-09 14:05:03"}
{"level":"info","message":"Generating Family ID","timestamp":"2026-06-09 14:05:03"}
{"level":"info","message":"Generated Family ID: KFP-DEW-TON-PIP-00003","timestamp":"2026-06-09 14:05:03"}
{"level":"info","message":"Generated familyId: KFP-DEW-TON-PIP-00003","timestamp":"2026-06-09 14:05:03"}
{"level":"info","message":"Creating HEAD profile","timestamp":"2026-06-09 14:05:03"}
{"level":"info","message":"HEAD profile created successfully with personId: 6a27d037c4cd6c42c7da4f55","timestamp":"2026-06-09 14:05:03"}
{"level":"info","message":"Creating family record","timestamp":"2026-06-09 14:05:03"}
{"level":"info","message":"Family created successfully with familyRefId: 6a27d037c4cd6c42c7da4f57","timestamp":"2026-06-09 14:05:04"}
{"level":"info","message":"Updating family references in HEAD profile","timestamp":"2026-06-09 14:05:04"}
{"level":"info","message":"HEAD profile references updated successfully","timestamp":"2026-06-09 14:05:04"}
{"level":"info","message":"createFamilyHead transaction committed successfully","timestamp":"2026-06-09 14:05:04"}
{"level":"info","message":"createFamilyHead session ended","timestamp":"2026-06-09 14:05:04"}
{"level":"info","message":"Starting createFamilyHead service","timestamp":"2026-06-09 14:07:31"}
{"level":"info","message":"Fetching village details for villageId: 6a2696f61ca30c297d0fabf3","timestamp":"2026-06-09 14:07:31"}
{"level":"info","message":"Village validated successfully","timestamp":"2026-06-09 14:07:31"}
{"level":"info","message":"Checking duplicate family for: Meharban Patel","timestamp":"2026-06-09 14:07:31"}
{"level":"info","message":"No duplicate family found","timestamp":"2026-06-09 14:07:32"}
{"level":"info","message":"Generating familyId","timestamp":"2026-06-09 14:07:32"}
{"level":"info","message":"Generating Family ID","timestamp":"2026-06-09 14:07:32"}
{"level":"info","message":"Generated Family ID: KFP-DEW-TON-PIP-00003","timestamp":"2026-06-09 14:07:32"}
{"level":"info","message":"Generated familyId: KFP-DEW-TON-PIP-00003","timestamp":"2026-06-09 14:07:32"}
{"level":"info","message":"Creating HEAD profile","timestamp":"2026-06-09 14:07:32"}
{"level":"info","message":"HEAD profile created successfully with personId: 6a27d0cc1e702d3fcb3b9594","timestamp":"2026-06-09 14:07:32"}
{"level":"info","message":"Creating family record","timestamp":"2026-06-09 14:07:32"}
{"level":"info","message":"Family created successfully with familyRefId: 6a27d0cc1e702d3fcb3b9596","timestamp":"2026-06-09 14:07:32"}
{"level":"info","message":"Updating family references in HEAD profile","timestamp":"2026-06-09 14:07:32"}
{"level":"info","message":"HEAD profile references updated successfully","timestamp":"2026-06-09 14:07:32"}
{"level":"info","message":"createFamilyHead transaction committed successfully","timestamp":"2026-06-09 14:07:32"}
{"level":"info","message":"createFamilyHead session ended","timestamp":"2026-06-09 14:07:32"}
{"level":"info","message":"Starting createFamilyHead service","timestamp":"2026-06-09 14:10:50"}
{"level":"info","message":"Fetching village details for villageId: 6a2696f61ca30c297d0fabf3","timestamp":"2026-06-09 14:10:50"}
{"level":"info","message":"Village validated successfully","timestamp":"2026-06-09 14:10:50"}
{"dob":"25-12-1996","fatherFirstName":"Ramchandra","firstName":"Meharban","lastName":"Patel","level":"info","message":"Checking duplicate family","motherFirstName":"Santa","timestamp":"2026-06-09 14:10:50","villageId":"6a2696f61ca30c297d0fabf3"}
{"level":"info","message":"No duplicate family found","timestamp":"2026-06-09 14:10:51"}
{"level":"info","message":"Generating familyId","timestamp":"2026-06-09 14:10:51"}
{"level":"info","message":"Generating Family ID","timestamp":"2026-06-09 14:10:51"}
{"level":"info","message":"Generated Family ID: KFP-DEW-TON-PIP-00003","timestamp":"2026-06-09 14:10:58"}
{"level":"info","message":"Generated familyId: KFP-DEW-TON-PIP-00003","timestamp":"2026-06-09 14:10:58"}
{"level":"info","message":"Creating HEAD profile","timestamp":"2026-06-09 14:10:58"}
{"level":"info","message":"HEAD profile created successfully with personId: 6a27d19a5e9bb035fb2f1c46","timestamp":"2026-06-09 14:10:58"}
{"level":"info","message":"Creating family record","timestamp":"2026-06-09 14:10:58"}
{"level":"info","message":"Family created successfully with familyRefId: 6a27d19a5e9bb035fb2f1c48","timestamp":"2026-06-09 14:10:58"}
{"level":"info","message":"Updating family references in HEAD profile","timestamp":"2026-06-09 14:10:58"}
{"level":"info","message":"HEAD profile references updated successfully","timestamp":"2026-06-09 14:10:58"}
{"level":"info","message":"createFamilyHead transaction committed successfully","timestamp":"2026-06-09 14:10:58"}
{"level":"info","message":"createFamilyHead session ended","timestamp":"2026-06-09 14:10:58"}
{"level":"info","message":"Starting createFamilyHead service","timestamp":"2026-06-09 14:13:08"}
{"level":"info","message":"Fetching village details for villageId: 6a2696f61ca30c297d0fabf3","timestamp":"2026-06-09 14:13:08"}
{"level":"info","message":"Village validated successfully","timestamp":"2026-06-09 14:13:08"}
{"dob":"25-12-1996","fatherFirstName":"Ramchandra","firstName":"Meharban","lastName":"Patel","level":"info","message":"Checking duplicate family","motherFirstName":"Santa","timestamp":"2026-06-09 14:13:08","villageId":"6a2696f61ca30c297d0fabf3"}
{"level":"info","message":"No duplicate family found","timestamp":"2026-06-09 14:13:08"}
{"level":"info","message":"Generating familyId","timestamp":"2026-06-09 14:13:08"}
{"level":"info","message":"Generating Family ID","timestamp":"2026-06-09 14:13:08"}
{"level":"info","message":"Generated Family ID: KFP-DEW-TON-PIP-00002","timestamp":"2026-06-09 14:13:08"}
{"level":"info","message":"Generated familyId: KFP-DEW-TON-PIP-00002","timestamp":"2026-06-09 14:13:08"}
{"level":"info","message":"Creating HEAD profile","timestamp":"2026-06-09 14:13:08"}
{"level":"info","message":"HEAD profile created successfully with personId: 6a27d21c5e9bb035fb2f1c51","timestamp":"2026-06-09 14:13:08"}
{"level":"info","message":"Creating family record","timestamp":"2026-06-09 14:13:08"}
{"level":"info","message":"Family created successfully with familyRefId: 6a27d21c5e9bb035fb2f1c53","timestamp":"2026-06-09 14:13:08"}
{"level":"info","message":"Updating family references in HEAD profile","timestamp":"2026-06-09 14:13:08"}
{"level":"info","message":"HEAD profile references updated successfully","timestamp":"2026-06-09 14:13:08"}
{"level":"info","message":"createFamilyHead transaction committed successfully","timestamp":"2026-06-09 14:13:09"}
{"level":"info","message":"createFamilyHead session ended","timestamp":"2026-06-09 14:13:09"}
{"level":"info","message":"Starting createFamilyHead service","timestamp":"2026-06-09 14:13:12"}
{"level":"info","message":"Fetching village details for villageId: 6a2696f61ca30c297d0fabf3","timestamp":"2026-06-09 14:13:12"}
{"level":"info","message":"Village validated successfully","timestamp":"2026-06-09 14:13:14"}
{"dob":"25-12-1996","fatherFirstName":"Ramchandra","firstName":"Meharban","lastName":"Patel","level":"info","message":"Checking duplicate family","motherFirstName":"Santa","timestamp":"2026-06-09 14:13:14","villageId":"6a2696f61ca30c297d0fabf3"}
{"level":"warn","message":"Duplicate family found with familyId: KFP-DEW-TON-PIP-00002","timestamp":"2026-06-09 14:13:25"}
{"level":"info","message":"createFamilyHead session ended","timestamp":"2026-06-09 14:13:25"}
{"level":"info","message":"Checking duplicate family","timestamp":"2026-06-09 14:14:25"}
{"level":"info","message":"No duplicate family found","timestamp":"2026-06-09 14:14:26"}
{"level":"info","message":"Checking duplicate family","timestamp":"2026-06-09 14:18:54"}
{"level":"info","message":"No duplicate family found","timestamp":"2026-06-09 14:18:55"}
{"level":"error","message":"Error in checkDuplicateFamily: ReferenceError: Cannot access 'firstName' before initialization\n    at Object.checkDuplicateFamily (D:\\Nitesh\\my-development\\NodeJs\\Project\\kalota-family-portal\\src\\services\\FamilyService.js:482:5)\n    at checkDuplicateFamily (D:\\Nitesh\\my-development\\NodeJs\\Project\\kalota-family-portal\\src\\controllers\\FamilyController.js:29:27)\n    at Layer.handle [as handle_request] (D:\\Nitesh\\my-development\\NodeJs\\Project\\kalota-family-portal\\node_modules\\express\\lib\\router\\layer.js:95:5)\n    at next (D:\\Nitesh\\my-development\\NodeJs\\Project\\kalota-family-portal\\node_modules\\express\\lib\\router\\route.js:149:13)\n    at Route.dispatch (D:\\Nitesh\\my-development\\NodeJs\\Project\\kalota-family-portal\\node_modules\\express\\lib\\router\\route.js:119:3)\n    at Layer.handle [as handle_request] (D:\\Nitesh\\my-development\\NodeJs\\Project\\kalota-family-portal\\node_modules\\express\\lib\\router\\layer.js:95:5)\n    at D:\\Nitesh\\my-development\\NodeJs\\Project\\kalota-family-portal\\node_modules\\express\\lib\\router\\index.js:284:15\n    at Function.process_params (D:\\Nitesh\\my-development\\NodeJs\\Project\\kalota-family-portal\\node_modules\\express\\lib\\router\\index.js:346:12)\n    at next (D:\\Nitesh\\my-development\\NodeJs\\Project\\kalota-family-portal\\node_modules\\express\\lib\\router\\index.js:280:10)\n    at Function.handle (D:\\Nitesh\\my-development\\NodeJs\\Project\\kalota-family-portal\\node_modules\\express\\lib\\router\\index.js:175:3)","timestamp":"2026-06-09 14:20:29"}
{"level":"info","message":"Duplicate search payload: {\"firstName\":\"Meharaban\",\"lastName\":\"Patel\",\"fatherFirstName\":\"Ramchandra\",\"motherFirstName\":\"Santa\",\"dob\":\"25-12-1996\",\"villageId\":\"6a2696f61ca30c297d0fabf3\"}","timestamp":"2026-06-09 14:21:11"}
{"level":"info","message":"Duplicate query result: null","timestamp":"2026-06-09 14:21:11"}
{"level":"info","message":"No duplicate family found","timestamp":"2026-06-09 14:21:11"}
{"level":"info","message":"Duplicate search payload: {\"firstName\":\"Meharaban\",\"lastName\":\"Patel\",\"fatherFirstName\":\"Ramchandra\",\"motherFirstName\":\"Santa\",\"dob\":\"25-12-1996\",\"villageId\":\"6a2696f61ca30c297d0fabf3\"}","timestamp":"2026-06-09 14:24:31"}
{"level":"error","message":"Error in checkDuplicateFamily: ReferenceError: logger is not defined\n    at findDuplicateFamily (D:\\Nitesh\\my-development\\NodeJs\\Project\\kalota-family-portal\\src\\repositories\\FamilyRepository.js:74:3)\n    at Object.checkDuplicateFamily (D:\\Nitesh\\my-development\\NodeJs\\Project\\kalota-family-portal\\src\\services\\FamilyService.js:567:13)\n    at process.processTicksAndRejections (node:internal/process/task_queues:105:5)\n    at async checkDuplicateFamily (D:\\Nitesh\\my-development\\NodeJs\\Project\\kalota-family-portal\\src\\controllers\\FamilyController.js:29:7)","timestamp":"2026-06-09 14:24:31"}
{"level":"info","message":"Duplicate search payload: {\"firstName\":\"Meharaban\",\"lastName\":\"Patel\",\"fatherFirstName\":\"Ramchandra\",\"motherFirstName\":\"Santa\",\"dob\":\"25-12-1996\",\"villageId\":\"6a2696f61ca30c297d0fabf3\"}","timestamp":"2026-06-09 14:25:05"}
{"level":"info","message":"Running duplicate family query","timestamp":"2026-06-09 14:25:05"}
{"level":"error","message":"Error in checkDuplicateFamily: ReferenceError: mongoose is not defined\n    at findDuplicateFamily (D:\\Nitesh\\my-development\\NodeJs\\Project\\kalota-family-portal\\src\\repositories\\FamilyRepository.js:105:11)\n    at Object.checkDuplicateFamily (D:\\Nitesh\\my-development\\NodeJs\\Project\\kalota-family-portal\\src\\services\\FamilyService.js:567:13)\n    at process.processTicksAndRejections (node:internal/process/task_queues:105:5)\n    at async checkDuplicateFamily (D:\\Nitesh\\my-development\\NodeJs\\Project\\kalota-family-portal\\src\\controllers\\FamilyController.js:29:7)","timestamp":"2026-06-09 14:25:05"}
{"level":"info","message":"Duplicate search payload: {\"firstName\":\"Meharaban\",\"lastName\":\"Patel\",\"fatherFirstName\":\"Ramchandra\",\"motherFirstName\":\"Santa\",\"dob\":\"25-12-1996\",\"villageId\":\"6a2696f61ca30c297d0fabf3\"}","timestamp":"2026-06-09 14:25:25"}
{"level":"info","message":"Running duplicate family query","timestamp":"2026-06-09 14:25:25"}
{"level":"info","message":"Duplicate query result: null","timestamp":"2026-06-09 14:25:26"}
{"level":"info","message":"No duplicate family found","timestamp":"2026-06-09 14:25:26"}
{"level":"info","message":"Duplicate search payload: {\"firstName\":\"Meharban\",\"lastName\":\"Patel\",\"fatherFirstName\":\"Ramchandra\",\"motherFirstName\":\"Santa\",\"dob\":\"25-12-1996\",\"villageId\":\"6a2696f61ca30c297d0fabf3\"}","timestamp":"2026-06-09 14:26:03"}
{"level":"info","message":"Running duplicate family query","timestamp":"2026-06-09 14:26:03"}
{"level":"info","message":"Duplicate query result: {\"_id\":\"6a27d21c5e9bb035fb2f1c51\",\"familyId\":\"KFP-DEW-TON-PIP-00002\",\"relationType\":\"HEAD\",\"firstName\":\"Meharban\",\"middleName\":\"\",\"lastName\":\"Patel\",\"gender\":\"MALE\",\"dob\":\"25-12-1996\",\"mobile\":\"1234512345\",\"email\":\"test2@test.com\",\"occupation\":\"Farmer\",\"education\":\"School\",\"maritalStatus\":\"MARRIED\",\"profileImage\":null,\"spouseIds\":[],\"childrenIds\":[],\"villageId\":\"6a2696f61ca30c297d0fabf3\",\"fatherFirstName\":\"Ramchandra\",\"fatherMiddleName\":\"\",\"fatherLastName\":\"Patel\",\"motherFirstName\":\"Santa\",\"motherLastName\":\"Patel\",\"status\":1,\"isAlive\":true,\"createdAt\":\"2026-06-09T08:43:08.739Z\",\"updatedAt\":\"2026-06-09T08:43:08.918Z\",\"__v\":0,\"familyHeadId\":\"6a27d21c5e9bb035fb2f1c51\",\"familyRefId\":\"6a27d21c5e9bb035fb2f1c53\"}","timestamp":"2026-06-09 14:26:03"}
{"level":"warn","message":"Duplicate family exists","timestamp":"2026-06-09 14:26:03"}
{"level":"info","message":"Starting createFamilyHead service","timestamp":"2026-06-09 14:29:00"}
{"level":"info","message":"Fetching village details for villageId: 6a2696f61ca30c297d0fabf3","timestamp":"2026-06-09 14:29:00"}
{"level":"info","message":"Village validated successfully","timestamp":"2026-06-09 14:29:00"}
{"dob":"25-12-1996","fatherFirstName":"Ramchandra","firstName":"Meharban","lastName":"Patel","level":"info","message":"Checking duplicate family","motherFirstName":"Santa","timestamp":"2026-06-09 14:29:00","villageId":"6a2696f61ca30c297d0fabf3"}
{"level":"info","message":"Running duplicate family query","timestamp":"2026-06-09 14:29:00"}
{"level":"warn","message":"Duplicate family found with familyId: KFP-DEW-TON-PIP-00002","timestamp":"2026-06-09 14:29:00"}
{"level":"info","message":"createFamilyHead session ended","timestamp":"2026-06-09 14:29:00"}
{"level":"info","message":"Fetching family profile","timestamp":"2026-06-09 14:29:31"}
{"level":"info","message":"Family profile fetched successfully","timestamp":"2026-06-09 14:29:31"}
{"level":"info","message":"Fetching family profile","timestamp":"2026-06-09 14:30:07"}
{"level":"info","message":"Family profile fetched successfully","timestamp":"2026-06-09 14:30:07"}
{"level":"info","message":"FamilyController => getAllFamilies","timestamp":"2026-06-09 17:07:40"}
{"level":"info","message":"FamilyController => getAllFamilies","timestamp":"2026-06-09 17:10:41"}
{"level":"info","message":"Starting createMemberProfileService","timestamp":"2026-06-09 22:16:44"}
{"level":"warn","message":"Invalid relationType","timestamp":"2026-06-09 22:16:44"}
{"level":"info","message":"createMemberProfileService session ended","timestamp":"2026-06-09 22:16:44"}
{"level":"info","message":"Starting getPersonsByFamilyIdService","timestamp":"2026-06-09 23:37:59"}
{"level":"info","message":"Starting getPersonsByFamilyIdService","timestamp":"2026-06-09 23:40:19"}
{"level":"info","message":"Fetching persons by familyId","timestamp":"2026-06-09 23:40:19"}
{"level":"info","message":"Profiles fetched successfully","timestamp":"2026-06-09 23:40:20"}
{"level":"info","message":"Starting getPersonsByFamilyIdService","timestamp":"2026-06-09 23:42:14"}
{"level":"info","message":"Fetching persons by familyId","timestamp":"2026-06-09 23:42:14"}
{"level":"info","message":"Profiles fetched successfully","timestamp":"2026-06-09 23:42:14"}
{"level":"info","message":"Fetching family profile","timestamp":"2026-06-10 09:50:12"}
{"level":"info","message":"Family profile fetched successfully","timestamp":"2026-06-10 09:50:12"}
{"level":"info","message":"Fetching family profile","timestamp":"2026-06-10 10:01:58"}
{"level":"info","message":"Family profile fetched successfully","timestamp":"2026-06-10 10:01:59"}
{"level":"info","message":"Fetching family profile","timestamp":"2026-06-10 10:04:37"}
{"level":"info","message":"Family profile fetched successfully","timestamp":"2026-06-10 10:04:38"}
{"level":"info","message":"Fetching family profile","timestamp":"2026-06-10 10:06:23"}
{"level":"info","message":"Family profile fetched successfully","timestamp":"2026-06-10 10:06:23"}
{"level":"info","message":"Fetching family profile","timestamp":"2026-06-10 10:08:29"}
{"level":"info","message":"Family profile fetched successfully","timestamp":"2026-06-10 10:08:30"}
{"level":"info","message":"Fetching family profile","timestamp":"2026-06-10 10:10:56"}
{"level":"info","message":"Family profile fetched successfully","timestamp":"2026-06-10 10:10:56"}
{"level":"info","message":"Fetching family profile","timestamp":"2026-06-10 10:11:53"}
{"level":"info","message":"Family profile fetched successfully","timestamp":"2026-06-10 10:11:53"}
{"level":"info","message":"Fetching family profile","timestamp":"2026-06-10 10:12:19"}
{"level":"info","message":"Family profile fetched successfully","timestamp":"2026-06-10 10:12:19"}
{"level":"info","message":"Fetching family profile","timestamp":"2026-06-10 10:13:41"}
{"level":"info","message":"Family profile fetched successfully","timestamp":"2026-06-10 10:13:41"}
{"level":"info","message":"Fetching family profile","timestamp":"2026-06-10 10:14:59"}
{"level":"info","message":"Family profile fetched successfully","timestamp":"2026-06-10 10:14:59"}
